month_end,aa_avg,cmc_id,ticker,market_cap,price,metcalfe,r_fwd1
2015-08-31,251832.51612903227,1,btc,3349842524.063117,230.05580139,-2.9408598800662027,0.026096812659039514
2015-09-30,266246.7586206897,1,btc,3463618782.685092,236.05952454,-3.0187778730715316,0.3308741850268575
2015-10-31,299370.3548387097,1,btc,4645479257.312012,314.16552734,-2.959713080739647,0.20102479210474167
2015-11-30,346332.3333333333,1,btc,5623189844.389341,377.32058716,-3.060143260230209,0.14111826383706205
2015-12-31,395361.22580645164,1,btc,6471223702.829741,430.56741333,-3.1844791809190944,-0.14353284925126042
2016-01-31,400520.5806451613,1,btc,5587251013.446045,368.7668457,-3.357287628556616,0.18692108212481862
2016-02-29,445367.2413793103,1,btc,6681446896.362312,437.69714355,-3.390708562375572,-0.047904543561648416
2016-03-31,408072.03225806454,1,btc,6409069919.279482,416.72946167,-3.2574179759558604,0.07580222346989895
2016-04-30,410286.63333333336,1,btc,6944867972.18322,448.31848145,-3.1879537977347603,0.18528749870255878
2016-05-31,415982.70967741933,1,btc,8293040304.383846,531.3862915,-3.038115467756011,0.26713298393396734
2016-06-30,457615.9666666667,1,btc,10583529326.713566,673.33709717,-2.9850064287552236,-0.07226144414810931
2016-07-31,392774.7419354839,1,btc,9861863056.633291,624.68078613,-2.7500421628844407,-0.07877392457490984
2016-08-31,436745.06451612903,1,btc,9117109844.77441,575.472229,-3.0407911670853984,0.05953786892468793
2016-09-30,439182.76666666666,1,btc,9693192695.387695,609.73461914,-2.990652168688804,0.14963525131422983
2016-10-31,485443.6451612903,1,btc,11181858644.06543,700.97241211,-3.0480784301077577,0.06379478424178342
2016-11-30,538000.9,1,btc,11943533361.22596,745.6907959,-3.1877751964758296,0.2924165194594164
2016-12-31,556473.8387096775,1,btc,15492555878.405766,963.74310303,-2.995125396777947,0.006909957445156101
2017-01-31,554623.1290322581,1,btc,15659178880.128485,970.40252686,-2.977765138651087,0.21596357019815837
2017-02-28,585732.4285714285,1,btc,19103751521.154785,1179.97412109,-2.8880861480661935,-0.09168612592966185
2017-03-31,590542.6774193548,1,btc,17414271874.412434,1071.78686523,-2.9970384411013598,0.25761320116639874
2017-04-30,594718.3333333334,1,btc,21975158881.89144,1347.89331055,-2.7785078555641007,0.6962858526147317
2017-05-31,676929.8709677419,1,btc,37414851752.9296,2286.41235352,-2.5053123489522413,0.08503744469394059
2017-06-30,630775.3666666667,1,btc,40735132243.25553,2480.84301758,-2.2790534076038007,0.15901665624728656
2017-07-31,573694.7096774194,1,btc,47388308055.83496,2875.33837891,-1.9380639685442702,0.6357701106166815
2017-08-31,584867.3870967742,1,btc,77775417256.68945,4703.39257813,-1.4811895789493263,-0.07753555964809378
2017-09-30,582925.8333333334,1,btc,72008468660.3374,4338.71240234,-1.5515809140483938,0.4908580465926693
2017-10-31,684787.4814814815,1,btc,107743802863.57616,6468.40429688,-1.4707055959422135,0.582087116369042
2017-11-30,777674.3913043478,1,btc,171019736353.1494,10233.57910156,-1.2630815867054253,0.3833323870132592
2017-12-31,935469.7419354839,1,btc,237466518547.0703,14156.44140625,-1.3043156838619225,-0.27798768725257306
2018-01-31,869999.9677419355,1,btc,172099980884.375,10221.125,-1.4811554780139389,0.017298540706624843
2018-02-28,666511.6785714285,1,btc,175644911465.31445,10397.93554688,-0.9278956358707333,-0.32933492469546277
2018-03-31,553028.5806451613,1,btc,118204683668.042,6973.53222656,-0.9506463580687026,0.3250895510750811
2018-04-30,484660.3333333333,1,btc,157163927039.39062,9240.5546875,-0.40185194299442983,-0.18899144058444817
2018-05-31,496172.1612903226,1,btc,127902981389.64844,7494.16894531,-0.6548186341379854,-0.1454689577010736
2018-06-30,475698.9,1,btc,109665618200.0,6404.0,-0.7243790015602443,0.21493494056527185
2018-07-31,518350.67741935485,1,btc,133688533943.20116,7780.44335938,-0.6980359934638862,-0.09547827121630725
2018-08-31,521004.0967741936,1,btc,121346614585.04295,7037.58007813,-0.8051094971991972,-0.05854618106306242
2018-09-30,530315.2,1,btc,114608461359.46288,6625.55664063,-0.8976661791170777,-0.04647899572113812
2018-10-31,562636.0322580645,1,btc,109627072489.01369,6317.60742188,-1.0604262451785047,-0.3641155284187416
2018-11-30,559967.4,1,btc,69904637061.27803,4017.26845712,-1.5008698709744976,-0.06834696874523527
2018-12-31,521142.48387096776,1,btc,65331499157.74403,3742.70033544,-1.4248173967302762,-0.07612353719644116
2019-01-31,510206.2580645161,1,btc,60553903927.49106,3457.79274724,-1.4583409217288192,0.11481096869003449
2019-02-28,558753.75,1,btc,67704774107.02876,3854.78528208,-1.528505739647624,0.06501503864951164
2019-03-31,591517.7096774194,1,btc,72339379035.94708,4105.40429618,-1.5762593250026633,0.3033373355356861
2019-04-30,644586.7,1,btc,94573826827.48416,5350.72669668,-1.4800826276903187,0.6024929201467675
2019-05-31,698112.1935483871,1,btc,152059886413.5447,8574.50164907,-1.1647299393791855,0.26154918860774146
2019-06-30,725930.6333333333,1,btc,192442065810.2181,10817.1555981,-1.0073584971909177,-0.06762663644484235
2019-07-31,646150.8387096775,1,btc,180028959602.82245,10085.6277491,-0.8411929423484921,-0.04511012231842482
2019-08-31,619696.1290322581,1,btc,172470743516.17728,9630.66384768,-0.8004755885947681,-0.13880622646610496
2019-09-30,627168.6,1,btc,149011567415.15573,8293.86774062,-0.9706515924418859,0.1092032234411171
2019-10-31,601997.1612903225,1,btc,165804227834.58984,9199.58483269,-0.7819424387025364,-0.1771769857350609
2019-11-30,619002.6333333333,1,btc,136829391048.64572,7569.63012202,-1.0297289457567587,-0.049676290324427885
2019-12-31,596648.6451612903,1,btc,130446112598.42046,7193.59897843,-1.0039413219551143,0.29984023201982124
2020-01-31,600596.4516129033,1,btc,170112778161.31497,9350.52936518,-0.7516295978945315,-0.08031852701908959
2020-02-29,649676.1724137932,1,btc,156895988083.7399,8599.50861972,-0.9896097164235158,-0.25127759607040867
2020-03-31,631885.6774193548,1,btc,117814077266.53714,6438.64476637,-1.2205539307763935,0.3447789859404755
2020-04-30,693952.1333333333,1,btc,158922133909.0944,8658.55417975,-1.1086363345655812,0.09268345749765494
2020-05-31,756740.3225806452,1,btc,173997151929.6767,9461.05891806,-1.191246109532436,-0.03414686670889522
2020-06-30,752747.0666666667,1,btc,168315606321.29022,9137.99340026,-1.2138624360014063,0.23916333977411464
2020-07-31,818354.5806451613,1,btc,208895308529.0736,11323.4664207,-1.1650029413861915,0.031558716785412555
2020-08-31,843822.5483870967,1,btc,215817677821.8572,11680.8204905,-1.193695197459359,-0.076735098641314
2020-09-30,842608.4666666667,1,btc,199816871750.80023,10784.49157795,-1.2678482106868252,0.27785298016891735
2020-10-31,807519.1612903225,1,btc,255372071116.27853,13780.99470249,-0.9374567048330178,0.4241232547563447
2020-11-30,878591.9,1,btc,364239306833.3673,19625.83502949,-0.7510746576159235,0.47773176420782537
2020-12-31,923401.8387096775,1,btc,539051138107.7861,29001.71982218,-0.45856328133250557,0.14180669113990696
2021-01-31,974815.3870967742,1,btc,616452744533.2831,33114.35774753,-0.4327592655586514,0.36308760122085815
2021-02-28,951060.1851851852,1,btc,841428977514.5658,45137.77046805,-0.07229780431742583,0.30531109761955766
2021-03-31,981212.5806451613,1,btc,1100016786762.557,58918.83271375,0.13325773035513677,-0.019835005452293553
2021-04-30,940798.9,1,btc,1079669884319.6932,57750.17734563,0.19870707385711484,-0.35354564427904733
2021-05-31,915532.1935483871,1,btc,698990486184.969,37332.85368874,-0.18161864645740877,-0.06139408626405907
2021-06-30,730589.9666666667,1,btc,656852513237.5332,35040.83724889,0.20751002456329104,0.18793382077531873
2021-07-31,698636.4193548387,1,btc,781431379811.1804,41626.19567624,0.47062169338965276,0.13310109605746367
2021-08-31,727250.1612903225,1,btc,886869903602.6324,47166.68794545,0.5169125421007337,-0.07157153633246893
2021-09-30,768330.5,1,btc,824619217607.5186,43790.89562548,0.3342370461121327,0.40026726767678156
2021-10-31,838004.1612903225,1,btc,1156485845063.0935,61318.95776661,0.4988503886975124,-0.07034581881557755
2021-11-30,829462.8666666667,1,btc,1076689232562.0848,57005.4254736,0.447844679936626,-0.18768352769956687
2021-12-31,837746.5806451613,1,btc,875939356678.7804,46306.4461227,0.221620849955098,-0.16894666873593023
2022-01-31,769565.4838709678,1,btc,729073641687.6708,38483.12630927,0.20787792548165385,0.12239410296079312
2022-02-28,798272.75,1,btc,819414782676.486,43193.23403302,0.25144502272267744,0.05430116410192776
2022-03-31,800245.7741935484,1,btc,865202119215.7301,45538.67692234,0.30088062599577725,-0.17180563656652625
2022-04-30,802216.3666666667,1,btc,717596901508.7197,37714.8755453,0.10890656115437025,-0.15703526834938908
2022-05-31,818608.0645161291,1,btc,605797887876.4811,31792.30994328,-0.10090914014448771,-0.37768829852509866
2022-06-30,770389.4666666667,1,btc,377526215552.4834,19784.72649462,-0.45239708524662703,0.1795409762842024
2022-07-31,754751.4838709678,1,btc,445941074223.0347,23336.89560498,-0.24483496755871315,-0.14085559927296143
2022-08-31,792380.6774193548,1,btc,383710102294.9726,20049.76318937,-0.49244125477226675,-0.030821997094591103
2022-09-30,791778.4,1,btc,372414733487.44025,19431.7894466,-0.5207997221577934,0.054754853553447
2022-10-31,769803.1290322581,1,btc,393413045572.66455,20495.77423203,-0.4096542656739146,-0.16233632581395074
2022-11-30,820850.8,1,btc,329997633644.3832,17168.56554849,-0.7138419640367495,-0.03617484411938099
2022-12-31,782448.2580645161,1,btc,318516317872.2432,16547.49536602,-0.6534266065078391,0.39835566640653797
2023-01-31,788768.0967741936,1,btc,446082285297.1855,23139.28390991,-0.33268600424212025,0.00034873507889954247
2023-02-28,827725.0357142857,1,btc,446846764116.3447,23147.35338991,-0.4273910282860456,0.23031277597782984
2023-03-31,832242.3870967742,1,btc,551555797547.1932,28478.48460568,-0.22774917136145234,0.027751562220497128
2023-04-30,845035.8333333334,1,btc,566661285145.3615,29268.80704316,-0.2312410420284401,-0.07001134115334151
2023-05-31,723987.0967741936,1,btc,527773175252.0095,27219.65860811,0.0068747378778226675,0.11967794016194655
2023-06-30,824840.9,1,btc,591758288455.8156,30477.25128224,-0.13952750454126317,-0.04092037014889016
2023-07-31,834426.1935483871,1,btc,568365621732.6627,29230.11087865,-0.20296839968937874,-0.11285068328972236
2023-08-31,836077.0967741936,1,btc,504957555550.6368,25931.47289336,-0.32521200339808587,0.03996855141866584
2023-09-30,914021.8666666667,1,btc,525885640459.7564,26967.91630106,-0.4628699361143873,0.2855193917665544
2023-10-31,822657.2258064516,1,btc,677047621125.2782,34667.77936055,0.0004176500823795948,0.08783280807841432
2023-11-30,871944.0333333333,1,btc,737560917365.8152,37712.74777163,-0.030346516181094074,0.1207135027871038
2023-12-31,738564.7419354839,1,btc,827811209384.4115,42265.18565487,0.4171228695119531,0.007510217446150547
2024-01-31,751666.5806451613,1,btc,835246625105.2825,42582.60638954,0.39089662197524433,0.4371685551012392
2024-02-29,762789.2413793104,1,btc,1202008882583.53,61198.3828973,0.7255412448675678,0.1656132817360303
2024-03-31,809048.0645161291,1,btc,1403111454607.3745,71333.64792586,0.7624861410323795,-0.14995435473828023
2024-04-30,713413.4666666667,1,btc,1194083722533.3423,60636.85678001,0.8527673908768527,0.11304280259279076
2024-05-31,584788.1935483871,1,btc,1329997202173.622,67491.41701084,1.3581879578448195,-0.0713146225779635
2024-06-30,575503.6666666666,1,btc,1235944779945.3826,62678.29207946,1.3168550407561597,0.030966982433078494
2024-07-31,631388.2903225806,1,btc,1275193429330.6929,64619.24964922,1.1627663735974316,-0.08742520709923152
2024-08-31,608305.7096774194,1,btc,1164525935862.6406,58969.89836604,1.146469505024342,0.07392923990438227
2024-09-30,618873.0666666667,1,btc,1251462128723.8535,63329.49812948,1.1840227492306674,0.10872796574231347
2024-10-31,635401.9677419355,1,btc,1388575230209.2366,70215.18563258,1.2352731278104798,0.37362103288405213
2024-11-30,702864.2666666667,1,btc,1908681869274.7725,96449.05581277,1.3515958492192226,-0.03131034281177669
2024-12-31,724568.6774193548,1,btc,1850264551569.9268,93429.2028114,1.2596860874444111,0.09607086438668411
2025-01-31,649614.6451612903,1,btc,2029440400058.608,102405.02708445,1.570511981050661,-0.17608526913429356
2025-02-28,638562.9285714285,1,btc,1673164212467.3796,84373.01032958,1.4117866746419985,-0.02161946529565162
2025-03-31,646661.0645161291,1,btc,1638163739024.3765,82548.91096087,1.365441900708852,0.14123021371143651
2025-04-30,635955.4,1,btc,1870799687744.3176,94207.31129752,1.5316196677335512,0.11072155455682342
2025-05-31,633196.551724138,1,btc,2079449557854.412,104638.091255,1.6460520166094952,0.023865527606713455
2025-06-30,594223.1666666666,1,btc,2130469478032.7373,107135.33451056,1.7973430250932267,0.08048576557512943
2025-07-31,634850.4193548387,1,btc,2303595782466.2275,115758.20392879,1.7432030216224312,-0.06497590475243498
2025-08-31,403471.7419354839,1,btc,2155470109683.278,108236.709896,2.5833065003147233,0.05376524985923514
2025-09-30,217783.7,1,btc,2272932788312.3457,114056.0836475,3.869576796010982,-0.03945359715539065
2025-10-31,187578.32258064515,1,btc,2184844553823.4875,109556.16087015,4.12866228432684,-0.17490437571138817
2025-11-30,163616.86666666667,1,btc,1803912716317.9216,90394.30894782,4.210413563340339,-0.03192107890260698
2025-12-31,138681.67741935485,1,btc,1747535047705.8892,87508.82507955,4.509354376091146,-0.10156359708772944
2026-01-31,127391.0,1,btc,1571058675949.3894,78621.11402755,4.572738071965791,-0.14786425818192206
2026-02-28,122025.5,1,btc,1339661972256.994,66995.86132443,4.4994678020229735,0.018470607173293407
2026-03-31,103980.64516129032,1,btc,1365333701283.317,68233.31556119,4.838499871321009,0.11828537378301829
2026-04-30,99907.33333333333,1,btc,1527837788965.3994,76304.3187968,5.0308779046183965,-0.03570742766953672
2026-05-31,104291.87096774194,1,btc,1474289937551.7124,73579.68785249,4.909300193533674,
2015-08-31,10856.258064516129,2,ltc,119593760.4839966,2.84207153,0.014617282584442393,0.05901038669494696
2015-09-30,10059.133333333333,2,ltc,127981433.75752844,3.00978327,0.23492318224485587,0.2639885329683558
2015-10-31,11655.709677419354,2,ltc,163466935.29717845,3.80433154,0.1850184172527527,-0.04813253999413525
2015-11-30,13610.8,2,ltc,157141133.64739284,3.6212194,-0.16458284851635696,-0.03894987693924323
2015-12-31,12797.935483870968,2,ltc,152598764.55895653,3.48017335,-0.07075571231495914,-0.12298655180495521
2016-01-31,14619.483870967742,2,ltc,135182626.61086014,3.05215883,-0.4580836475572845,0.12907397745090488
2016-02-29,14008.344827586207,2,ltc,154086662.40498033,3.44611311,-0.24179123528906032,-0.0548557124986534
2016-03-31,14623.612903225807,2,ltc,147087597.99000117,3.25707412,-0.37424677480016655,0.12363065290021713
2016-04-30,15319.5,2,ltc,166837957.009495,3.65974832,-0.3412300293624959,0.2706855180686305
2016-05-31,16068.741935483871,2,ltc,214037888.2049023,4.65038919,-0.18759873327513432,-0.09824648246268608
2016-06-30,13958.6,2,ltc,194824170.7154497,4.19350481,-9.414838519816726e-05,-0.042847979945443315
2016-07-31,10475.967741935483,2,ltc,188282668.6940778,4.0138216,0.5397766956917316,-0.05390833763015279
2016-08-31,11522.451612903225,2,ltc,179838189.66187295,3.79744315,0.303462607780304,0.011628282045512695
2016-09-30,9121.0,2,ltc,183588394.36305112,3.84160089,0.7915373702621906,0.039661035688691726
2016-10-31,8758.41935483871,2,ltc,192651107.44773248,3.99396276,0.9208499201077665,-0.02508038657826639
2016-11-30,8992.6,2,ltc,189543806.3494204,3.89379263,0.8518161320702688,0.11081617101935892
2016-12-31,8913.354838709678,2,ltc,212503030.89492548,4.32528782,0.9838548598524248,-0.05702350462309813
2017-01-31,10735.677419354839,2,ltc,202257569.7841707,4.07864475,0.5623969168045662,-0.07543083275394347
2017-02-28,11640.964285714286,2,ltc,188519601.69061857,3.77098918,0.33014142665562574,0.7679882788738206
2017-03-31,13825.741935483871,2,ltc,336227620.74070233,6.66706467,0.564723948907421,1.3556991880806217
2017-04-30,19141.777777777777,2,ltc,799087241.9111998,15.70559883,0.7797235995547638,0.6107357346781281
2017-05-31,30863.233333333334,2,ltc,1299157489.0426643,25.29756927,0.3103400166079915,0.5951861437476358
2017-06-30,40640.2,2,ltc,2089791750.6137216,40.35433197,0.23530425010378053,0.06612405780830977
2017-07-31,42702.096774193546,2,ltc,2248289364.850295,43.02272415,0.20942887612650196,0.6515724344247504
2017-08-31,51737.58064516129,2,ltc,3746361741.294031,71.05514526,0.3361716140704587,-0.22394973230683113
2017-09-30,61380.0,2,ltc,2932072947.133625,55.1423645,-0.2507031560361881,0.01109348584426395
2017-10-31,60705.74074074074,2,ltc,2989857851.4051285,55.75408554,-0.20909541452838099,0.5842916872276265
2017-11-30,77364.79166666667,2,ltc,4776297472.089473,88.33073425,-0.22564264024167358,1.6275798118365574
2017-12-31,236467.35483870967,2,ltc,12663197417.168257,232.09605408,-1.485165103383526,-0.2961936464732162
2018-01-31,239854.32258064515,2,ltc,8986081367.468796,163.35067749,-1.8566313550998537,0.24207970782625488
2018-02-28,137908.57142857142,2,ltc,11245143615.444672,202.89456177,-0.5254902436146764,-0.4252820469767685
2018-03-31,94318.93548387097,2,ltc,6515954282.276071,116.60714722,-0.3113549864218079,0.2733084653882505
2018-04-30,91527.53333333334,2,ltc,8363087655.537692,148.47686768,-0.0016967008499477743,-0.20476251159557057
2018-05-31,97239.35483870968,2,ltc,6704176975.82572,118.07437134,-0.3438649890333352,-0.31082418964840197
2018-06-30,81922.16666666667,2,ltc,4655306558.404294,81.37400055,-0.36577617574957344,-0.020542942078567883
2018-07-31,77410.06451612903,2,ltc,4594973916.460725,79.70233917,-0.26551525103169027,-0.2230400952484366
2018-08-31,73974.03571428571,2,ltc,3597386938.806495,61.92552185,-0.4194653152631602,-0.012653907897588468
2018-09-30,74900.23333333334,2,ltc,3578366271.13923,61.141922,-0.44965238517410455,-0.19136438089074137
2018-10-31,70568.7741935484,2,ltc,2915438915.8220005,49.44153595,-0.53539985065105,-0.35146102960015346
2018-11-30,67235.53333333334,2,ltc,1903850875.1105487,32.06476282,-0.8647698648534536,-0.04979109307504925
2018-12-31,65410.12903225807,2,ltc,1822504810.6982963,30.46822323,-0.8533871457853941,0.038858575082062696
2019-01-31,58282.290322580644,2,ltc,1907587556.444073,31.65217497,-0.5770018950601745,0.46079241580787955
2019-02-28,60854.57142857143,2,ltc,2805515463.89435,46.23725714,-0.2776313184323307,0.3139922568512463
2019-03-31,59058.41935483871,2,ltc,3714371560.2322655,60.75539786,0.06291055489409914,0.22262180277655408
2019-04-30,65065.76666666667,2,ltc,4573555690.893572,74.28087406,0.0772491253915959,0.5419441507578835
2019-05-31,65910.74193548386,2,ltc,7103874447.658168,114.53695927,0.49179274744793844,0.06733336312709337
2019-06-30,81724.13333333333,2,ltc,7636046758.423347,122.24911794,0.13393661247752675,-0.194189865497855
2019-07-31,69614.67741935483,2,ltc,6197337878.279544,98.50957817,0.24592424921495137,-0.3444692949698781
2019-08-31,69108.80645161291,2,ltc,4078358696.323966,64.57605323,-0.1579144292185255,-0.1319242046220669
2019-09-30,68358.46666666666,2,ltc,3552325139.290947,56.05690877,-0.2741732185640764,0.04858945881542587
2019-10-31,51253.645161290326,2,ltc,3737406895.2618766,58.78068363,0.3525738252467434,-0.19232938870125893
2019-11-30,49675.23333333333,2,ltc,3026175356.68346,47.47543068,0.20404187141318886,-0.12923225007381867
2019-12-31,55407.67741935484,2,ltc,2635704909.199416,41.34007395,-0.15253038853528622,0.6419780163455657
2020-01-31,48222.06451612903,2,ltc,4342918712.966383,67.87949262,0.6246685428543195,-0.13754123225796133
2020-02-29,63196.206896551725,2,ltc,3758049403.712608,58.54326356,-0.06083323761916759,-0.3287169294939798
2020-03-31,57518.48387096774,2,ltc,2531157609.6229486,39.29910172,-0.2677806792574877,0.1886790693800111
2020-04-30,54020.23333333333,2,ltc,3019046192.753345,46.71401966,0.03397889478388194,-0.024021342161673398
2020-05-31,66362.51612903226,2,ltc,2956928358.3165674,45.59188621,-0.3983584701759497,-0.09045675717394275
2020-06-30,64926.53333333333,2,ltc,2692495275.077716,41.46779203,-0.44828909434459163,0.39863094345705874
2020-07-31,70610.83870967742,2,ltc,3778669741.51218,57.99813709,-0.27724000459117804,0.053720019233810756
2020-08-31,91479.16129032258,2,ltc,3994085079.556457,61.11379813,-0.7396525861744117,-0.24122763862001195
2020-09-30,97798.86666666667,2,ltc,3049244807.556412,46.37146092,-1.1431767425338286,0.19880331689148778
2020-10-31,98353.45161290323,2,ltc,3656741432.056671,55.59026116,-0.9728075681223949,0.5753592579452456
2020-11-30,94290.2,2,ltc,5778895792.612872,87.57463257,-0.43078661710633526,0.42381785993030285
2020-12-31,96673.29032258065,2,ltc,8256035500.725853,124.69032593,-0.12397451738369014,0.03914088229057855
2021-01-31,125293.3870967742,2,ltc,8602571147.428734,129.5708153,-0.6014997597044314,0.2728728510207963
2021-02-28,170314.96296296295,2,ltc,10978655640.65392,164.92717308,-0.9715906219052428,0.19749274295873964
2021-03-31,232213.32258064515,2,ltc,13183541314.435995,197.49909288,-1.4085884256790493,0.3730041708331313
2021-04-30,221052.86666666667,2,ltc,18101057211.0694,271.16707826,-0.993078152193533,-0.3065763234366162
2021-05-31,267494.5483870968,2,ltc,12551701641.067171,188.03367237,-1.7405868482358997,-0.23345734179791366
2021-06-30,249025.63333333333,2,ltc,9621414740.587517,144.13583105,-1.863365077281756,0.005532100687187125
2021-07-31,272745.1612903226,2,ltc,9674641375.93969,144.93320498,-2.0398123180727623,0.18440231852795952
2021-08-31,249046.7741935484,2,ltc,11458702008.159224,171.65922401,-1.6887767329399388,-0.10783711091995629
2021-09-30,319510.06666666665,2,ltc,10223028689.14498,153.14798923,-2.3011793926839346,0.2524903534445184
2021-10-31,387864.96774193546,2,ltc,13211081241.40775,191.81637916,-2.4325032711453396,0.08444617264143339
2021-11-30,311383.76666666666,2,ltc,14371062922.127838,208.01453823,-1.9090803112779504,-0.29565146875455495
2021-12-31,260727.4193548387,2,ltc,10155516013.458424,146.51473448,-1.9011786961436492,-0.2520362972438156
2022-01-31,279487.1935483871,2,ltc,7620639244.64955,109.58770331,-2.3272974092606127,0.03546817053921525
2022-02-28,282336.5714285714,2,ltc,7913795841.81772,113.47457866,-2.3098369254161106,0.09025309827927241
2022-03-31,230799.48387096773,2,ltc,8656106959.066011,123.71601096,-1.8170782390921616,-0.22268761291460903
2022-04-30,216231.8,2,ltc,6749500613.221042,96.1659878,-1.9354781629377698,-0.28861141568807347
2022-05-31,235431.90322580645,2,ltc,4816685345.690268,68.41138592,-2.4430021438677265,-0.21579680270275103
2022-06-30,183647.5,2,ltc,3788572489.782857,53.64842757,-2.1862917432919353,0.11670577635906643
2022-07-31,159211.29032258064,2,ltc,4244150997.8752446,59.90950896,-1.7871673017725094,-0.10103316944295648
2022-08-31,189559.5,2,ltc,3827402071.8414855,53.85666139,-2.239464377023193,0.02279706425003103
2022-10-31,228523.35483870967,2,ltc,3939048365.052639,55.08443516,-2.5845823875360665,0.43956642379411504
2022-11-30,227079.76666666666,2,ltc,5687898868.663784,79.29770333,-2.2045065099737258,-0.11729828922398389
2022-12-31,233947.51612903227,2,ltc,5036500356.717014,69.99621839,-2.3857268540990084,0.3473315534639414
2023-01-31,219266.16129032258,2,ltc,6807111614.502175,94.30811366,-1.9548495101407113,-0.005464404386858024
2023-02-28,238929.64285714287,2,ltc,6788906586.411107,93.79277599,-2.1292930798274945,-0.04380561580177622
2023-03-31,244370.4193548387,2,ltc,6535734184.005194,89.68412568,-2.212330406280895,-0.012828436819522393
2023-04-30,196961.23333333334,2,ltc,6447081343.839225,88.53361854,-1.7946310459790666,0.02265113753476533
2023-05-31,468339.26666666666,2,ltc,6613403720.529588,90.53900571,-3.501532188777908,0.19468209521162416
2023-06-30,297922.44444444444,2,ltc,7924370664.930957,108.16532904,-2.4159682139558285,-0.14720242559528396
2023-07-31,215534.51612903227,2,ltc,6778477360.459471,92.24313024,-1.924734351131228,-0.3067085275227538
2023-08-31,207761.29032258064,2,ltc,4707030794.995532,63.95137559,-2.215966972188074,0.03312314505289904
2023-09-30,195923.13333333333,2,ltc,4870111428.298288,66.06964628,-2.0645727145076727,0.04358905733799534
2023-10-31,203281.61290322582,2,ltc,5090056582.563288,68.94955988,-2.0941403208451312,0.007194005746567145
2023-11-30,282924.8333333333,2,ltc,5134236668.863422,69.44558341,-2.74667605282929,0.04828030690166529
2023-12-31,696680.6774193548,2,ltc,5390137464.6276245,72.79843749,-4.500328167214246,-0.08304291559596222
2024-01-31,624895.8387096775,2,ltc,4950205427.509377,66.75304299,-4.3679856003572155,0.1975618406186459
2024-02-29,314846.4482758621,2,ltc,5936422993.397374,79.94089703,-2.8153080670653594,0.31576463834934265
2024-03-31,304498.1612903226,2,ltc,7822756094.951462,105.18340547,-2.4725378840966066,-0.2442218823892962
2024-04-30,281947.13333333336,2,ltc,5920908520.068375,79.49531619,-2.597193983497238,0.047087068891624506
2024-05-31,348473.70967741933,2,ltc,6208952465.63331,83.23851762,-2.9733781020639185,-0.09561097731620072
2024-06-30,497337.1666666667,2,ltc,5623410463.078089,75.2800016,-3.7838427968849118,-0.06760863405720241
2024-07-31,325145.96774193546,2,ltc,5251047349.694786,70.19042352,-3.0023655951589205,-0.07310963565475281
2024-08-31,314441.1935483871,2,ltc,4874418361.246195,65.05882723,-3.009838083617563,0.027077350837761083
2024-09-30,303341.3333333333,2,ltc,5013713171.748273,66.82044792,-2.9097852966358353,0.03568068673910196
2024-10-31,297763.22580645164,2,ltc,5200348163.459179,69.20464739,-2.8361163959887605,0.48353920122473437
2024-11-30,301960.3333333333,2,ltc,7726259376.313887,102.66780731,-2.468211209800881,0.0039029093977831497
2024-12-31,315117.3548387097,2,ltc,7768191132.289786,103.06851046,-2.548097634223403,0.24201767628805215
2025-01-31,310132.77419354836,2,ltc,9662743363.155085,128.01291186,-2.2979681403333743,-0.00039786260042040666
2025-02-28,313188.14285714284,2,ltc,9668611233.254086,127.96198031,-2.3169682485589327,-0.35110803061312834
2025-03-31,305837.96774193546,2,ltc,6273884184.541305,83.03350141,-2.701959960059188,0.005780380952864261
2025-04-30,297689.9666666667,2,ltc,6330700926.267993,83.51346668,-2.6389388893858587,0.04327943305059323
2025-05-31,304210.5483870968,2,ltc,6614417901.586185,87.12788217,-2.638433034165107,-0.013134672523855362
2025-06-30,277849.5,2,ltc,6536834502.691149,85.98348597,-2.4689508941043457,0.2353950101192901
2025-07-31,290025.77419354836,2,ltc,8087400057.872159,106.22356952,-2.341877009993304,0.025275857628701548
2025-08-31,282868.2580645161,2,ltc,8304172375.911689,108.90846134,-2.265449176729337,-0.01845944332758309
2025-09-30,284989.76666666666,2,ltc,8162455029.074447,106.89807177,-2.297606282267882,-0.10667935165880493
2025-10-31,280007.32258064515,2,ltc,7302500165.046705,95.49425478,-2.373659452938753,-0.13549014262489223
2025-11-30,274803.13333333336,2,ltc,6322036028.623479,82.55572458,-2.480313333342803,-0.06999411923761234
2025-12-31,279942.96774193546,2,ltc,5887878297.418245,76.77730935,-2.588520800973722,-0.2259017140198858
2026-01-31,265613.0,2,ltc,4564395810.593506,59.43318357,-2.7380392926589607,-0.08489404179497495
2026-02-28,255884.0,2,ltc,4182460141.883587,54.3876604,-2.7507935304941924,-0.008637130123729353
2026-03-31,257997.4193548387,2,ltc,4152279464.05504,53.9179071,-2.77448643386289,0.02322410118177598
2026-04-30,254283.0,2,ltc,4254679759.249983,55.17010203,-2.7211208640788804,-0.057392394675620295
2026-05-31,249059.09677419355,2,ltc,4016302969.102672,52.00375776,-2.737263310455141,
2015-08-31,28006.41935483871,74,doge,12998998.12845615,0.00012896,-4.099995205692807,-0.045207816377171306
2015-09-30,22070.066666666666,74,doge,12460559.75717261,0.00012313,-3.66587604522973,0.11337610655404862
2015-10-31,26115.225806451614,74,doge,13931390.09998142,0.00013709,-3.890892442311756,-0.06302429061200665
2015-11-30,26086.733333333334,74,doge,13106221.91457697,0.00012845,-3.9497666946269305,0.17555469054106654
2015-12-31,28199.290322580644,74,doge,15471973.15466071,0.000151,-3.939563419905234,0.8346357615894038
2016-01-31,37930.25806451613,74,doge,28502900.05852654,0.00027703,-3.921492480227265,-0.09858138107786163
2016-02-29,33809.89655172414,74,doge,25795307.204772,0.00024972,-3.791314529945506,-0.06727534839019689
2016-03-31,33453.8064516129,74,doge,24159320.44411429,0.00023292,-3.83566090537213,-0.03172763180491167
2016-04-30,35500.433333333334,74,doge,23484927.82083235,0.00022553,-3.982730959900742,0.02549549949009
2016-05-31,32555.870967741936,74,doge,24183085.57709846,0.00023128,-3.780261994432763,0.31563472846765817
2016-06-30,23369.6,74,doge,31941903.06846599,0.00030428,-2.838953341268464,-0.24260549493887196
2016-07-31,24956.758620689656,74,doge,24291479.26410867,0.00023046,-3.244163702942604,0.019960079840319223
2016-08-31,24924.74193548387,74,doge,24877589.72967568,0.00023506,-3.2177545369441454,-0.0005105079554156289
2016-09-30,21974.866666666665,74,doge,24963508.4633136,0.00023494,-2.9623836550466187,-0.062484038477909176
2016-10-31,19715.548387096773,74,doge,23498753.09092148,0.00022026,-2.8058678055618387,-0.027512939253609425
2016-11-30,16092.533333333333,74,doge,22940596.17326725,0.0002142,-2.42380269286544,0.043277310924369816
2016-12-31,16675.387096774193,74,doge,24029247.12502023,0.00022347,-2.448595892833165,-0.07965274980981785
2017-01-31,18420.709677419356,74,doge,22203387.9488962,0.00020567,-2.7267062277192764,-0.0033548888996937087
2017-02-28,20584.64285714286,74,doge,22208010.55512521,0.00020498,-2.9486375512033227,0.6007415357595862
2017-03-31,22032.483870967742,74,doge,35689470.39080171,0.00032812,-2.61018010962626,1.2745032305254176
2017-04-30,23155.962962962964,74,doge,81479210.23653771,0.00074631,-1.8841567549322136,2.5601961651324516
2017-05-31,27037.967741935485,74,doge,291222863.228482,0.00265701,-0.9203953546804406,-0.020824159487544347
2017-06-30,25931.1,74,doge,286241093.26346016,0.00260168,-0.8540516019642972,-0.339503705298115
2017-07-31,24191.935483870966,74,doge,189799515.87607065,0.0017184,-1.1260703308455042,0.2008379888268157
2017-08-31,27909.225806451614,74,doge,228804933.272194,0.00206352,-1.2250447956885928,-0.44500659068000314
2017-09-30,38562.5,74,doge,127462754.818336,0.00114524,-2.456736400479695,-0.01833676783905558
2017-10-31,43318.59259259259,74,doge,125608923.45769536,0.00112424,-2.703990567803981,0.8493826940866718
2017-11-30,35029.666666666664,74,doge,233163933.40056568,0.00207915,-1.6606488600237235,3.3150277757737534
2017-12-31,53330.16129032258,74,doge,1010010505.3366742,0.00897159,-1.035288086876367,-0.33008418797559846
2018-01-31,74203.41935483871,74,doge,679199484.289112,0.00601021,-2.092705588416514,0.0013410513110190259
2018-02-28,56201.71428571428,74,doge,682419972.7496636,0.00601827,-1.5322492553382716,-0.531528163409086
2018-03-31,51473.51612903226,74,doge,320911228.25355697,0.00281939,-2.1109703135652964,0.8480699725827219
2018-04-30,61603.46666666667,74,doge,595237539.5682644,0.00521043,-1.8524757399832943,-0.34783309630875003
2018-05-31,70435.3870967742,74,doge,389661321.9964969,0.00339807,-2.544113632292884,-0.2645148569629231
2018-06-30,78451.93333333333,74,doge,287630563.74916244,0.00249923,-3.0632953541156773,0.1782509012775937
2018-07-31,55536.096774193546,74,doge,340164779.82112646,0.00294472,-2.2046362565938153,0.6279476486728788
2018-08-31,62254.03571428572,74,doge,555831992.1276201,0.00479385,-1.9419806518349887,0.23194301031529996
2018-09-30,67843.8,74,doge,687215492.1615628,0.00590575,-1.9017680938252646,-0.36266350590526186
2018-10-31,48628.709677419356,74,doge,439603766.0470224,0.00376395,-1.6825543917113244,-0.4248781200600432
2018-11-30,65594.1,74,doge,253728205.8036324,0.00216473,-2.830707867553013,0.0835208085996868
2018-12-31,69437.96774193548,74,doge,275928511.69017905,0.00234553,-2.860725790517776,-0.17930275886473424
2019-01-31,62739.32258064516,74,doge,227283335.23877105,0.00192497,-2.8517793988927274,0.026566647791913756
2019-02-28,66420.25,74,doge,234089208.7665737,0.00197611,-2.9363016829844355,0.05281082530830772
2019-03-31,71843.03225806452,74,doge,247350012.0974377,0.00208047,-3.038162876608464,0.2077703595822098
2019-04-30,81269.3,74,doge,299790179.2036319,0.00251273,-3.0924538356216793,0.3694746351577767
2019-05-31,75743.3870967742,74,doge,412039594.834364,0.00344112,-2.6335828343536782,-0.05327625889245369
2019-06-30,75705.0,74,doge,391423317.58106,0.00325779,-2.683898788922118,-0.11000402113088925
2019-07-31,72810.09677419355,74,doge,349610537.7479774,0.00289942,-2.7188894894512003,-0.13384056121569154
2019-08-31,59324.93548387097,74,doge,303898754.4022475,0.00251136,-2.449364828430955,-0.04939156472986739
2019-09-30,46735.23333333333,74,doge,289882718.67543864,0.00238732,-2.019520259801915,0.09556322570916342
2019-10-31,41754.54838709677,74,doge,318711696.4519408,0.00261546,-1.6993298562749857,-0.11308526989516177
2019-11-30,40889.5,74,doge,283632277.83498484,0.00231969,-1.774068009913961,-0.12559005729213824
2019-12-31,43967.25806451613,74,doge,248883033.58683103,0.00202836,-2.049907402561267,0.18005186456053157
2020-01-31,46938.06451612903,74,doge,294719511.403612,0.00239357,-2.0116338176205417,-0.06634441441027406
2020-02-29,53492.68965517241,74,doge,276061991.8432859,0.00223477,-2.338464556588036,-0.18965262644477954
2020-03-31,45841.12903225807,74,doge,224479953.1123592,0.00181094,-2.2365769964215865,0.34894585132583056
2020-04-30,47180.333333333336,74,doge,303821692.3345272,0.00244286,-1.991513287238302,0.04572918628165357
2020-05-31,49318.290322580644,74,doge,318792346.1560471,0.00255457,-2.032050087071628,-0.09199982775966209
2020-06-30,56570.4,74,doge,290426013.75025904,0.00231955,-2.399622902462891,0.39051109051324606
2020-07-31,78249.16129032258,74,doge,405228597.9209052,0.00322536,-2.715344874875104,-0.0014789046804076778
2020-08-31,71432.58064516129,74,doge,405995488.7808156,0.00322059,-2.531166105485223,-0.18333286758016398
2020-09-30,66400.66666666667,74,doge,333641400.41307586,0.00263015,-2.581347428443017,-0.020610991768530207
2020-10-31,65187.290322580644,74,doge,326906027.3406373,0.00257594,-2.5648562810225783,0.37848319448434364
2020-11-30,78281.96666666666,74,doge,452149361.6967999,0.00355089,-2.606621959922478,0.31861308010104494
2020-12-31,77236.70967741935,74,doge,598149001.3709894,0.00468225,-2.299909826845891,6.944088846174383
2021-01-31,79701.29032258065,74,doge,4767745805.266728,0.03719621,-0.28694265614760184,0.29183887283139853
2021-02-28,74941.46428571429,74,doge,6177710993.575539,0.04805151,0.09528842722012243,0.11666168243204011
2021-03-31,79848.16129032258,74,doge,6921249082.174291,0.05365728,0.08209784082891858,5.291058920616177
2021-04-30,102588.86666666667,74,doge,43681559535.479706,0.33756111,1.4232224837764775,-0.03481046735508131
2021-05-31,100806.45161290323,74,doge,42298953605.58302,0.32581045,1.426112911901015,-0.21974457848113826
2021-06-30,56819.9,74,doge,33111043724.510902,0.25421537,2.32784892002185,-0.18056052236338027
2021-07-31,47582.032258064515,74,doge,27219722410.750805,0.20831411,2.486786645352435,0.3366991799067285
2021-08-31,58826.1935483871,74,doge,36501701126.426735,0.2784533,2.3559396962421673,-0.26650616099719415
2021-09-30,49720.0,74,doge,26858356705.88452,0.20424378,2.3855177549461217,0.372107635297388
2021-10-31,62501.06451612903,74,doge,36972572649.6651,0.28024445,2.2475644592931587,-0.23383135687432877
2021-11-30,65709.23333333334,74,doge,28413505413.91823,0.21471451,1.8841409470300263,-0.20594006432075784
2021-12-31,57493.22580645161,74,doge,22619859306.947086,0.17049619,1.9232492721963226,-0.16827971346456483
2022-01-31,70355.16129032258,74,doge,18813396718.36715,0.14180514,1.3352121929304488,-0.06098989077546835
2022-02-28,75001.71428571429,74,doge,17665969469.10233,0.13315646,1.1443734982384548,0.03506859524502226
2022-03-31,87099.29032258065,74,doge,18285489531.52741,0.13782607,0.8797656305685351,-0.07450448235228635
2022-04-30,60332.9,74,doge,16923138964.038286,0.12755741,1.5366820134200871,-0.3268550215938063
2022-05-31,56010.903225806454,74,doge,11391726302.196838,0.08586463,1.2895498634353508,-0.23035154288791548
2022-06-30,58218.933333333334,74,doge,8767624633.039177,0.06608558,0.95039996357918,0.03308815629672912
2022-07-31,71524.35483870968,74,doge,9057728540.121796,0.06827223,0.5712976169633528,-0.10168307084740025
2022-08-31,64507.096774193546,74,doge,8136711789.002064,0.0613301,0.6705909297468331,0.005261038217775571
2022-09-30,52937.1,74,doge,8179518753.233566,0.06165276,1.0711797631361932,1.060345554684008
2022-10-31,52487.6129032258,74,doge,16852635356.648151,0.12702599,1.8111079304235957,-0.15875640882625675
2022-11-30,57389.333333333336,74,doge,14177170962.688156,0.1068598,1.4596713599489384,-0.3421849002150481
2022-12-31,50142.354838709674,74,doge,9325956852.393995,0.07029399,1.3108247369671027,0.3680734298906636
2023-01-31,50383.54838709677,74,doge,12758594170.882576,0.09616734,1.6146309743343998,-0.1603270923371698
2023-02-28,50411.17857142857,74,doge,10713046352.515148,0.08074911,1.4387916679348578,-0.04599592490864601
2023-03-31,53144.54838709677,74,doge,10728002052.094715,0.07703498,1.3345815578458406,0.03549491412862049
2023-04-30,61554.5,74,doge,11100461915.788572,0.07976933,1.0748960779704007,-0.10165435763344133
2023-05-31,52302.709677419356,74,doge,10002232100.720284,0.07166043,1.296467197131598,-0.07231131602196628
2023-06-30,68728.96666666666,74,doge,9306051700.073704,0.06647857,0.6780786872651596,0.17057752596062148
2023-07-31,50593.354838709674,74,doge,10925994239.9292,0.07781832,1.4512595410241609,-0.1803313152995335
2023-08-31,45153.45161290323,74,doge,8982278832.501873,0.06378524,1.482875447393159,-0.02577085231630405
2023-09-30,41630.833333333336,74,doge,8775893557.74638,0.06214144,1.6220817158482852,0.09874344720688821
2023-10-31,42934.967741935485,74,doge,9671021175.47821,0.0682775,1.6575159996979423,0.22173995825857706
2023-11-30,73025.3,74,doge,11849212885.517933,0.08341735,0.7984048082991251,0.07257734751823208
2023-12-31,125174.03225806452,74,doge,12746626943.446966,0.08947156,-0.2063880920173986,-0.11967825306723168
2024-01-31,89313.64516129032,74,doge,11254585289.185007,0.07876376,0.34422235071927787,0.48780022690638436
2024-02-29,204589.41379310345,74,doge,16790060913.406982,0.11718474,-0.913467844351942,0.877926170250495
2024-03-31,106414.64516129032,74,doge,31622969834.959003,0.22006429,1.0269526091692,-0.39414641057847233
2024-04-30,54925.4,74,doge,19212890094.44944,0.13332674,1.8513848900364316,0.19357744740477423
2024-05-31,50549.45161290323,74,doge,22998630651.66536,0.15913579,2.1972857622583746,-0.21887508774738862
2024-06-30,44917.666666666664,74,doge,18014915043.42141,0.12430493,2.1892929386430424,-0.018432173205036873
2024-07-31,40910.45161290323,74,doge,17734384461.344795,0.12201372,2.360489516917802,-0.16950380662109155
2024-08-31,40911.903225806454,74,doge,14770972570.387815,0.10133193,2.177577114802318,0.12923498052390792
2024-09-30,42954.5,74,doge,16726815375.034542,0.11442756,2.2044855898414504,0.41025317676965223
2024-10-31,51043.83870967742,74,doge,23657524903.45419,0.16137183,2.2060668289731424,1.614898957271539
2024-11-30,354580.1,74,doge,62034896986.45567,0.42197103,-0.7064161846837607,-0.2518900882840228
2024-12-31,86214.29032258065,74,doge,46542481541.87138,0.31568071,1.8344488661916216,-0.36023167205877094
2025-02-28,73791.85185185185,74,doge,29938864370.07748,0.20196252,1.7044160930641858,-0.1745235700168526
2025-03-31,96398.0,74,doge,24784575650.823765,0.1667153,0.9810058800720292,0.03373559595310094
2025-04-30,61612.933333333334,74,doge,25691341918.26246,0.17233954,1.912165713359819,0.11743735651145393
2025-05-31,91761.54838709677,74,doge,28790107386.641003,0.19257864,1.2294004196107622,-0.1425016294642023
2025-06-30,75013.56666666667,74,doge,24755096473.694653,0.16513587,1.4814486927941317,0.2709107960614494
2025-07-31,56628.096774193546,74,doge,31550173675.67884,0.20987296,2.2863238297765207,0.018784315997639744
2025-08-31,58013.354838709674,74,doge,32233206794.24488,0.21381528,2.259405987281241,0.08928290812518158
2025-09-30,54957.86666666667,74,doge,35206480734.648766,0.23290533,2.4558517943154,-0.19953472082412205
2025-10-31,55252.22580645161,74,doge,28260236784.98204,0.18643263,2.2253937836547024,-0.21328927237683648
2025-11-30,48358.0,74,doge,22292853672.348343,0.14666855,2.2547581061686977,-0.20028186001702486
2025-12-31,48874.41935483871,74,doge,19720482719.48943,0.1172935,2.1109048304788516,-0.11249148503540263
2026-01-31,48265.93548387097,74,doge,17546183054.581112,0.10409898,2.019139630764357,-0.0963938359434453
2026-02-28,52712.21428571428,74,doge,15890690659.947248,0.09406448,1.7437943260148856,-0.01974071402935529
2026-03-31,59692.06451612903,74,doge,14167148729.76809,0.09220758,1.380282915877789,0.1549254410537615
2026-04-30,41736.933333333334,74,doge,16405364479.572424,0.10649288,2.242590806222175,-0.058569173826456766
2026-05-31,33101.48387096774,74,doge,15486806639.045624,0.10025568,2.648587533232771,
2015-08-31,7279.322580645161,131,dash,14810613.01648887,2.58265424,-1.274731592051097,-0.09332203136878292
2015-09-30,8358.068965517241,131,dash,13665330.80705399,2.3416357,-1.6315928034255407,-0.01450506583923361
2015-10-31,7574.5161290322585,131,dash,13718636.4769384,2.30767012,-1.4308237087877629,-0.06077505566523511
2015-11-30,7084.066666666667,131,dash,13062620.20751718,2.16742134,-1.3459415293385213,0.5103256896049568
2015-12-31,6586.806451612903,131,dash,19974366.77662451,3.27351213,-0.7756874613194817,0.2558071474138697
2016-01-31,7748.645161290323,131,dash,25420327.76399401,4.11089993,-0.8594868607498789,-0.046106150290065595
2016-02-29,6790.3448275862065,131,dash,24531751.32008214,3.92136216,-0.6310351990553116,0.7547743919679175
2016-03-31,9613.483870967742,131,dash,43589670.81491106,6.8811059,-0.7515131513883162,-0.007137825040594126
2016-04-30,7964.333333333333,131,dash,43802121.31632067,6.83198977,-0.370264232591488,0.19684574996077608
2016-05-31,7289.096774193548,131,dash,53026529.74266086,8.17683792,-0.001966928618227115,-0.12772269674632375
2016-06-30,7002.966666666666,131,dash,46761183.66453379,7.13247013,-0.04761428769819531,0.33283179133341845
2016-07-31,8523.0,131,dash,63022072.88813207,9.50638294,-0.14205175474799248,0.250582930967012
2016-08-31,11627.58064516129,131,dash,79685188.83800936,11.88852024,-0.5286761035223506,0.01742761973882123
2016-09-30,8668.0,131,dash,81933792.39900938,12.09570885,0.08663534401702577,-0.23924902673231918
2016-10-31,8875.225806451614,131,dash,63004590.4948593,9.20182228,-0.2233199673017765,-0.03214479273772719
2016-11-30,9261.9,131,dash,61606605.11092375,8.90603161,-0.331049331774377,0.25834598626581795
2016-12-31,8109.064516129032,131,dash,78344128.98215348,11.20686913,0.1751460086839458,0.4336692910056317
2017-01-31,8259.90322580645,131,dash,113491546.1392001,16.06694412,0.5089026078719847,1.0232156729502586
2017-02-28,19841.0,131,dash,231783007.06333625,32.50689316,-0.5296993880199601,1.304387250460942
2017-03-31,29471.137931034482,131,dash,539218726.2363921,74.90847015,-0.4767015297484001,0.22212329242182505
2017-04-30,24001.85185185185,131,dash,664882750.1358217,91.54738617,0.1433487337950936,0.48525076344077567
2017-05-31,27647.25806451613,131,dash,996662642.5048008,135.9708252,0.26535922566626624,0.3368207146837261
2017-06-30,25306.466666666667,131,dash,1344069243.9565244,181.76861572,0.7413371154639599,-0.01792629655616329
2017-07-31,25098.322580645163,131,dash,1331696158.751696,178.51017761,0.7486066871378689,1.1193227398862144
2017-08-31,30455.16129032258,131,dash,2847162689.481735,378.32067871,1.1215672692347702,-0.13527042273898116
2017-09-30,31203.2,131,dash,2482824746.800768,327.14508057,0.9361108944677987,-0.14669982622505318
2017-10-31,30414.074074074073,131,dash,2136963948.33098,279.1529541,0.8373304564709869,1.8189882373879565
2017-11-30,38377.25,131,dash,6075379352.28536,786.92889404,1.4170700388589843,0.33643392022474483
2017-12-31,48781.032258064515,131,dash,8189388164.001476,1051.6784668,1.2359113606747911,-0.3368130720198179
2018-01-31,44322.48387096774,131,dash,5476344566.649807,697.45941162,1.02520893770658,-0.16226390161849347
2018-02-28,42129.07142857143,131,dash,4622982566.276391,584.28692627,0.9573192826456953,-0.4766890209542255
2018-03-31,40318.22580645161,131,dash,2439549943.3544927,305.76376343,0.40596161187191626,0.5462067235061179
2018-04-30,39137.36666666667,131,dash,3800869158.7488737,472.77398682,0.9088296858383629,-0.35223476746279236
2018-05-31,40888.87096774193,131,dash,2481250772.2869453,306.24655151,0.3948022105972093,-0.2216728664054305
2018-06-30,47332.9,131,dash,1945735494.424416,238.36000061,-0.14101589711642148,-0.08386066822807925
2018-07-31,57009.67741935484,131,dash,1796322686.2268755,218.37097168,-0.5929451633063216,-0.10878028058056033
2018-08-31,34612.642857142855,131,dash,1613159697.3906846,194.61651611,0.29751204803296716,-0.035815438583127746
2018-09-30,35598.8,131,dash,1566844510.6996033,187.64624023,0.21219515120586507,-0.19127992943533323
2018-10-31,37560.48387096774,131,dash,1276666557.9894812,151.75328064,-0.09989736536056881,-0.39460679266669996
2018-11-30,40520.8,131,dash,778485613.4697213,91.87040529,-0.7462803337487998,-0.13939164891649725
2018-12-31,40667.87096774193,131,dash,674947451.5673578,79.06443801,-0.8962419008628011,-0.13665236169304695
2019-01-31,57844.67741935484,131,dash,587415757.7745466,68.26009583,-1.7397900409391234,0.22184444536546732
2019-02-28,69914.35714285714,131,dash,722011351.4432617,83.40321893,-1.9125011862340031,0.2969833986957846
2019-03-31,64707.12903225807,131,dash,943250362.5235476,108.17259035,-1.4904110196347453,0.033440491887046786
2019-04-30,73185.96666666666,131,dash,981327287.3244262,111.78993498,-1.6971013506210824,0.4775493507492512
2019-05-31,68588.32258064517,131,dash,1459510452.9171636,165.17514585,-1.1703882386864848,-0.05269139830458336
2019-06-30,63613.9,131,dash,1391438029.673867,156.47183645,-1.0675709547866852,-0.30213888360099195
2019-07-31,76357.54838709677,131,dash,977419290.3637322,109.19561047,-1.7859380636693807,-0.26566075096919606
2019-08-31,64728.096774193546,131,dash,722882314.7555652,80.18662259,-1.7571443037848127,-0.11346251639153859
2019-09-30,67381.76666666666,131,dash,644490956.2582785,71.08844661,-1.9522881240749612,0.015267032854918705
2019-10-31,72272.0,131,dash,658950740.4732952,72.17375626,-2.0702247750182643,-0.2347719162483286
2019-11-30,73748.16666666667,131,dash,507371436.5902706,55.2293852,-2.3720689204002277,-0.2541072959472307
2019-12-31,76935.0,131,dash,380819459.0871147,41.19519547,-2.74359641686317,1.8262050710449023
2020-01-31,80293.64516129032,131,dash,1083076228.046389,116.42607034,-1.7838203276830207,-0.26226000483252243
2020-02-29,66034.96551724138,131,dash,803708971.1846291,85.89216857,-1.6911315371017501,-0.24150894657054067
2020-03-31,64215.32258064516,131,dash,613403866.7824067,65.14844142,-1.9054601478870659,0.24708552145129747
2020-04-30,70160.63333333333,131,dash,769471412.7386061,81.24567804,-1.8558709478665634,-0.058092014293687266
2020-05-31,73679.06451612903,131,dash,728922039.7467356,76.52595295,-2.00787060564927,-0.10905665095673933
2020-06-30,74708.33333333333,131,dash,653003948.5905418,68.18028881,-2.145600110410065,0.2107341294789684
2020-07-31,70417.12903225806,131,dash,795031243.823934,82.54820262,-1.830491673082829,0.05152775754041006
2020-08-31,68645.25806451614,131,dash,840665741.0441548,86.80172639,-1.7237099847012196,-0.20570068433635458
2020-09-30,82316.36666666667,131,dash,674303902.7462438,68.94655187,-2.3074590041265957,0.017717735069671114
2020-10-31,90994.96774193548,131,dash,687039373.4891326,70.16812861,-2.4892168081058834,0.6092220586015142
2020-11-30,65400.63333333333,131,dash,1111626716.0449111,112.91610037,-1.3474841533793125,-0.11788168149966005
2020-12-31,69043.90322580645,131,dash,985902607.8186736,99.60536059,-1.5759275870931297,0.02975652878965196
2021-01-31,83774.03225806452,131,dash,1020786335.589222,102.56927037,-1.9279176372360673,0.91355454993474
2021-02-28,79540.0,131,dash,1963050506.782872,196.271894,-1.170265156228563,0.1338128068912403
2021-03-31,57367.032258064515,131,dash,2237827784.146896,222.53558705,-0.38567863970844485,0.4342464009061511
2021-04-30,86389.5,131,dash,3226418075.6572328,319.1708648,-0.8386044353279054,-0.3802646739891278
2021-05-31,84299.7741935484,131,dash,2009841374.2603736,197.80145995,-1.2629472931367651,-0.26559447212007303
2021-06-30,66414.9,131,dash,1483146166.5131018,145.26648561,-1.0899219591467357,0.13040230924878915
2021-07-31,52005.967741935485,131,dash,1684812363.7621882,164.20957079,-0.47330747276086527,0.3633678491633552
2021-08-31,43312.3870967742,131,dash,2308300818.614694,223.87804934,0.20738961602065586,-0.2587790523939
2021-09-30,45132.5,131,dash,1719041299.2409942,165.94309988,-0.16968318540836336,0.16056976788591015
2021-10-31,41909.48387096774,131,dash,2004743893.2834487,192.58854491,0.13224730418876263,-0.0671841774704024
2021-11-30,53636.6,131,dash,1878832194.764384,179.64964193,-0.4260576519242427,-0.2540602870657779
2021-12-31,50676.48387096774,131,dash,1408169885.0992038,134.00780233,-0.6008777615702172,-0.2956211699707232
2022-01-31,51780.83870967742,131,dash,996629037.0407616,94.39225902,-0.9896617219788517,0.06226998952058782
2022-02-28,59047.46428571428,131,dash,1063301671.303596,100.270064,-1.187549069345021,0.26678800224960453
2022-03-31,54948.096774193546,131,dash,1353369317.388512,127.02091406,-0.8024255365371467,-0.33016194545876343
2022-04-30,52281.76666666667,131,dash,910672553.5181956,85.08344196,-1.0991119648364212,-0.2409774060344092
2022-05-31,64639.83870967742,131,dash,694456531.7443501,64.58025482,-1.794532267046442,-0.3453885540119025
2022-06-30,50034.566666666666,131,dash,456533966.2392774,42.27497399,-1.7017650967527445,0.20999488520323983
2022-07-31,47354.77419354839,131,dash,554782986.305875,51.1525023,-1.3967582629663475,-0.12778190755293717
2022-08-31,42681.22580645161,131,dash,485978351.7005021,44.61613798,-1.3213542146868527,-0.06035283715518036
2022-09-30,42846.03333333333,131,dash,458552401.063877,41.92342747,-1.3871515663487912,0.00010276545263576686
2022-10-31,45632.58064516129,131,dash,460561196.2928653,41.92773575,-1.5087981606171184,0.031391691596415416
2022-11-30,52414.3,131,dash,476985135.3727274,43.2439183,-1.7508735820572703,-0.028398490198794035
2022-12-31,43157.48387096774,131,dash,465375427.07280606,42.01585631,-1.386867232078675,0.4314796560670169
2023-01-31,49767.25806451613,131,dash,668854254.0441065,60.14484354,-1.3091484184809339,0.19103550551858328
2023-02-28,47256.82142857143,131,dash,796629164.5310822,71.63464413,-1.0308047434173702,-0.18415433859153307
2023-03-31,49579.25806451613,131,dash,658526488.9307916,58.44281362,-1.317140377627684,-0.14749828757474537
2023-04-30,49634.86666666667,131,dash,560875438.5734869,49.82259869,-1.4798882412821897,-0.159703158189479
2023-05-31,45140.096774193546,131,dash,473226622.4852572,41.86577233,-1.4599674394529636,-0.09931651391082796
2023-06-30,47733.86666666667,131,dash,427895738.2952063,37.70780977,-1.6724027141687685,-0.16011492279255757
2023-07-31,52793.82142857143,131,dash,360763751.3500023,31.67022672,-2.044565015225718,-0.17746784542122152
2023-08-31,40263.032258064515,131,dash,297872486.437197,26.04977982,-1.6942019714653362,0.06762046136941202
2023-09-30,48835.3,131,dash,319190140.0216846,27.81127795,-2.011119848589054,0.05595695971964498
2023-10-31,48495.3870967742,131,dash,338330077.00605834,29.36751251,-1.9389153858778592,0.027412009434775175
2023-11-30,35058.5,131,dash,348877236.0745572,30.17253504,-1.2593160883352752,0.049849610515192655
2023-12-31,62759.45161290323,131,dash,367705011.9460707,31.67662416,-2.3713373612202346,-0.15976536370913585
2024-01-31,45333.93548387097,131,dash,310126273.8048006,26.61579678,-1.89113221002928,0.20124510358543546
2024-02-29,49439.724137931036,131,dash,373837473.5770238,31.97209556,-1.8776873264623788,0.2524597768342214
2024-03-31,44861.87096774193,131,dash,469943412.38871855,40.04376367,-1.4545641817930495,-0.2987589453027055
2024-04-30,50046.1,131,dash,330694308.3771989,28.08033107,-2.024694752288802,0.075670381688274
2024-05-31,65322.83870967742,131,dash,357028048.8334108,30.20518044,-2.4808691044758113,-0.1790782190738669
2024-06-30,50056.46666666667,131,dash,294135078.31363094,24.79609052,-2.1422642912184067,0.07585014534783197
2024-07-31,43473.06451612903,131,dash,317519052.8319835,26.67687759,-1.7837452541107517,-0.12016039767718567
2024-08-31,38743.54838709677,131,dash,280281077.3246425,23.47137337,-1.6781355501640043,0.039815600274778484
2024-09-30,36840.23333333333,131,dash,292183984.5354161,24.40590019,-1.5357974022505303,-0.09057601452069208
2024-10-31,42872.903225806454,131,dash,266542741.55390048,22.19531102,-1.930945388060234,0.7804228115745502
2024-11-30,51973.166666666664,131,dash,476259110.9105758,39.51703805,-1.7354930627278797,-0.041979306442477604
2024-12-31,55825.3870967742,131,dash,457727670.7737973,37.8581402,-1.9181830616583895,-0.10463136300604658
2025-01-31,42251.3870967742,131,dash,411169956.6601657,33.89699139,-1.4682677190394138,-0.23576869575385628
2025-02-28,43814.21428571428,131,dash,315170721.1166161,25.90514194,-1.8068021198012225,-0.13852502017983537
2025-03-31,42564.3870967742,131,dash,272362659.7115245,22.31663163,-1.894901354011214,0.05229241667596596
2025-04-30,46668.46666666667,131,dash,287490398.6539457,23.48362223,-2.0249479455583455,-0.0676311411606284
2025-05-31,39487.06451612903,131,dash,268931517.15671027,21.89539806,-1.757489511209016,-0.0845920071845454
2025-06-30,29229.966666666667,131,dash,246926176.9487003,20.04322239,-1.2412994642786153,0.025790881323449755
2025-07-31,35421.74193548387,131,dash,254104094.62371984,20.56015476,-1.5969076167370453,0.14867588477237703
2025-08-31,34731.032258064515,131,dash,292768105.858337,23.61695396,-1.4158863293028432,-0.05095748893097296
2025-09-30,39091.63333333333,131,dash,278621181.316244,22.41349329,-1.701963839546547,1.3631841723499587
2025-10-31,52380.1935483871,131,dash,660406615.4499199,52.96721259,-1.4242013389755144,0.008423896372531381
2025-11-30,59951.46666666667,131,dash,667922877.095707,53.4134029,-1.6828979785902938,-0.2211684279340308
2025-12-31,53495.67741935484,131,dash,521627645.0557044,41.60004455,-1.7022476997775762,0.06552482021320327
2026-01-31,51087.41935483871,131,dash,557452105.5570974,44.32587999,-1.5436999503103799,-0.2580536405048367
2026-02-28,90494.71428571429,131,dash,414665431.1147228,32.88742529,-2.983110881635273,-0.00630205217259816
2026-03-31,81890.87096774194,131,dash,413357701.7048965,32.68016702,-2.786461714171068,0.08600333034650465
2026-04-30,54023.1,131,dash,450110714.6019979,35.49077022,-1.8693298807902181,0.13171027624995846
2026-05-31,34925.903225806454,131,dash,510888215.5901929,40.16526937,-0.8703067232675323,
2015-08-31,1915.92,1027,eth,98963853.90646668,1.35823834,3.2943588213620316,-0.45617497441575683
2015-09-30,2289.766666666667,1027,eth,54351468.52422362,0.738644,2.3385717927881604,0.24095885162541086
2015-10-31,2251.1290322580644,1027,eth,68163353.74611355,0.91662681,2.599043320381279,-0.04746499832358164
2015-11-30,2879.7,1027,eth,65589564.07394868,0.87311912,2.068044354945288,0.06920383326389645
2015-12-31,3113.2580645161293,1027,eth,70858046.37473322,0.93354231,1.989338954843081,1.4702071725061931
2016-01-31,4491.5161290322585,1027,eth,176834647.0270317,2.30604291,2.1708344729657334,1.7479951142799854
2016-02-29,7499.862068965517,1027,eth,490556929.7417237,6.33699465,2.1657720778463165,0.7995182858486396
2016-03-31,13600.483870967742,1027,eth,896767742.861888,11.40353775,1.578586160242697,-0.22708379248360888
2016-04-30,17129.8,1027,eth,701472948.9002156,8.81397915,0.8715430633138723,0.5971504175840943
2016-05-31,23921.354838709678,1027,eth,1134274944.0094192,14.07725048,0.6842057741495751,-0.11477727147751937
2016-06-30,25612.833333333332,1027,eth,1016130736.2137212,12.46150208,0.4375702413180349,-0.04698935459311826
2016-07-31,27805.16129032258,1027,eth,980178574.362339,11.87594414,0.2372914510227524,-0.01714084266482574
2016-08-31,27893.25806451613,1027,eth,975001486.0474508,11.67238045,0.22566896876191223,0.13299965046975482
2016-09-30,27534.966666666667,1027,eth,1117517639.3034902,13.22480297,0.38795168670829483,-0.16836363120501008
2016-10-31,24170.645161290322,1027,eth,940580583.0274388,10.99822712,0.47621955210725986,-0.21918847135064434
2016-11-30,24069.5,1027,eth,742664994.2918642,8.58754253,0.2483541028592242,-0.07201657375663684
2016-12-31,21961.677419354837,1027,eth,696993349.6459907,7.96909714,0.36817787143627356,0.3461424589937925
2017-01-31,22930.870967741936,1027,eth,948752491.2527274,10.72754002,0.5901797947049054,0.47444789024427236
2017-02-28,25959.785714285714,1027,eth,1412825176.9313748,15.81719875,0.7402493755933719,2.163472749560032
2017-03-31,46555.51612903226,1027,eth,4517833659.820923,50.03727722,0.7344968877045375,0.5792475580268994
2017-04-30,51351.13333333333,1027,eth,7206674281.899033,79.02124786,1.0053888454427522,1.9190803588507137
2017-05-31,87420.80645161291,1027,eth,21244851451.81129,230.66937256,1.022403231542679,0.278521848162953
2017-06-30,167095.23333333334,1027,eth,27404716297.573383,294.91583252,-0.01865741351072714,-0.30871596913612864
2017-07-31,170969.64516129033,1027,eth,19102559787.19229,203.87060547,-0.42539442881049894,0.8788506491504267
2017-08-31,222060.90322580645,1027,eth,36142746390.08272,383.04241943,-0.3106718118628464,-0.21297165747698088
2017-09-30,233200.16666666666,1027,eth,28607429117.83926,301.46524048,-0.6423726158990561,0.014642331709525447
2017-10-31,223303.64285714287,1027,eth,29194789641.09685,305.87939453,-0.5353194095112705,0.4617340260432221
2017-11-30,301762.1,1027,eth,42947967866.23181,447.11431885,-0.7515333048354513,0.692481258319692
2017-12-31,594445.6129032258,1027,eth,73170132771.98961,756.73260498,-1.5747158619218915,0.47780902666346226
2018-01-31,813682.7419354839,1027,eth,108848275777.17952,1118.30627441,-1.8054308500344263,-0.23527313392640237
2018-02-28,520459.85714285716,1027,eth,83728549711.35654,855.19885254,-1.1740902288392085,-0.536415313102333
2018-03-31,396755.9032258064,1027,eth,39066094435.26183,396.45709229,-1.3936322567156196,0.6897759128242937
2018-04-30,413936.23333333334,1027,eth,66423677058.77303,669.92364502,-0.94761501827983,-0.13774517177587464
2018-05-31,536835.3225806452,1027,eth,57643128574.31675,577.64489746,-1.609356444761147,-0.21200724756420153
2018-06-30,459188.4137931034,1027,eth,45703301321.01465,455.17999268,-1.5289954135554318,-0.04682421545927595
2018-07-31,389914.5483870968,1027,eth,43838988427.02035,433.86654663,-1.243576369678614,-0.34771626999547167
2018-08-31,400938.0,1027,eth,28774931593.6343,283.00408936,-1.720353747470071,-0.17722568600836996
2018-09-30,325534.2,1027,eth,23817856184.663696,232.84849548,-1.4927442122921981,-0.15232039613090997
2018-10-31,337897.93548387097,1027,eth,20314619935.77324,197.38092041,-1.726391668020927,-0.4266344443783111
2018-11-30,317486.06666666665,1027,eth,11716096075.586096,113.1714211,-2.152148957422348,0.1784623905372167
2018-12-31,304891.3870967742,1027,eth,13886837729.668465,133.36826345,-1.9012144660349577,-0.19725270247567284
2019-01-31,292838.3870967742,1027,eth,11204735502.203602,107.06101306,-2.0351499733130396,0.27727403376393966
2019-02-28,247513.25,1027,eth,14365118212.5715,136.74625201,-1.4503700312711985,0.034866345731006554
2019-03-31,301463.3870967742,1027,eth,14925533136.910015,141.51409411,-1.8064684872346142,0.14593559115000287
2019-04-30,363243.1666666667,1027,eth,17170110492.618622,162.16603709,-2.039219592154325,0.6533274484052447
2019-05-31,415615.0,1027,eth,28501098830.855053,268.11356032,-1.80182078095849,0.08422714074233073
2019-06-30,448041.26666666666,1027,eth,31020295932.10681,290.6959989,-1.867373705808994,-0.24782540317929358
2019-07-31,360721.67741935485,1027,eth,23425015629.840286,218.65414577,-1.7146535942642167,-0.21122104384236495
2019-08-31,364229.51612903224,1027,eth,18549906271.519485,172.46978886,-1.9673484002188317,0.04292005376088692
2019-09-30,346281.0333333333,1027,eth,19419149343.027267,179.87220147,-1.8204864231352929,0.022764585669914794
2019-10-31,323113.2580645161,1027,eth,19937256794.36969,183.96691761,-1.6556603507966159,-0.17083085735351633
2019-11-30,314535.73333333334,1027,eth,16589132425.863888,152.53969135,-1.7856922915644162,-0.15031387383228756
2019-12-31,277783.5483870968,1027,eth,14139765786.435047,129.61085943,-1.6969380395836424,0.3900083375135752
2020-01-31,271350.22580645164,1027,eth,19729633077.60704,180.16017524,-1.3169436636747918,0.22029473082566264
2020-02-29,331005.4482758621,1027,eth,24162913195.452988,219.84851255,-1.5116954465173897,-0.3923380990370954
2020-03-31,360090.8387096774,1027,eth,14739376437.832031,133.59356506,-2.174434797972392,0.5539824527233856
2020-04-30,391447.76666666666,1027,eth,22989647064.80349,207.6020559,-1.896904910151548,0.11258869696000917
2020-05-31,427107.51612903224,1027,eth,25675542328.542915,230.97570086,-1.9607773940948405,-0.020178328207887786
2020-06-30,493337.6,1027,eth,25249913730.182583,226.31499736,-2.265809435331363,0.5268747247904437
2020-07-31,545719.1612903225,1027,eth,38699278448.65923,345.55464931,-2.040632739507501,0.2590765198464635
2020-08-31,568833.1935483871,1027,eth,48909170051.95438,435.07974527,-1.8894542833709167,-0.17270827320028137
2020-09-30,557260.4666666667,1027,eth,40740055394.66744,359.93787376,-2.0310984601127338,0.07404739393379689
2020-10-31,562887.0967741936,1027,eth,43776829150.3753,386.59033529,-1.9792981973243613,0.5904239343148017
2020-11-30,599686.5666666667,1027,eth,69877130497.68272,614.84252202,-1.6383205595488626,0.19998759237735375
2020-12-31,634733.4193548387,1027,eth,84156810764.80739,737.80339769,-1.565973065065993,0.7822989602882158
2021-01-31,685865.1290322581,1027,eth,150543956657.3032,1314.9862286,-1.1393516156353876,0.0768545518591448
2021-02-28,761644.9642857143,1027,eth,162650415374.43338,1416.0489059,-1.2716025562589586,0.35472867684661247
2021-03-31,786025.5806451613,1027,eth,221151811159.16376,1918.36206064,-1.0273740015047608,0.44561195659009645
2021-04-30,869968.2333333333,1027,eth,320822874720.786,2773.20713193,-0.8582689374723174,-0.021008812338317084
2021-05-31,936161.0,1027,eth,315217277482.8048,2714.94534372,-1.0225574906530426,-0.16221233775431
2021-06-30,754166.0,1027,eth,265001225920.8234,2274.54771264,-0.7637352747813857,0.11503927600898556
2021-07-31,756777.1935483871,1027,eth,296532997873.11633,2536.21003475,-0.6582239812811785,0.35388344582370945
2021-08-31,746613.4193548387,1027,eth,402902770209.72687,3433.73278118,-0.32464453371653335,-0.12582625293617788
2021-09-30,757604.7333333333,1027,eth,353421264860.0338,3001.67905174,-0.4849075700344976,0.4285586095503142
2021-10-31,818016.8064516129,1027,eth,506663636947.22656,4288.07445247,-0.2781631399250557,0.08008357753028128
2021-11-30,864099.3666666667,1027,eth,549085770690.6711,4631.47879534,-0.30736560075928665,-0.20486888353125765
2021-12-31,840350.8709677419,1027,eth,438128003490.8808,3682.63290544,-0.47737262423692073,-0.27001170335797964
2022-01-31,812424.3548387097,1027,eth,320959888865.3045,2688.2789218,-0.7209741787668733,0.08589968287419403
2022-02-28,808017.6785714285,1027,eth,349638704203.75806,2919.20122866,-0.6245122488030539,0.12415781616616095
2022-03-31,801429.7419354839,1027,eth,394425928251.03046,3281.64287816,-0.4876079794204706,-0.1680426776021401
2022-04-30,748411.8666666667,1027,eth,329245687214.5968,2730.18682198,-0.5313473799423534,-0.28857322780154104
2022-05-31,731651.0645161291,1027,eth,235021820715.0812,1942.32799826,-0.8231737820577649,-0.45050537248285527
2022-06-30,676509.4333333333,1027,eth,129526314725.34952,1067.29879992,-1.2622534416785207,0.5754888129041644
2022-07-31,783851.0645161291,1027,eth,204771722888.5273,1681.5173193,-1.0987869763679363,-0.07602204283760539
2022-08-31,734012.7419354839,1027,eth,189843590076.1421,1553.68493762,-1.043096974104408,-0.1452716021471807
2022-09-30,684283.7857142857,1027,eth,162806430080.60345,1327.9786375,-1.0564282173679373,0.18429199174523614
2022-10-31,682774.2903225806,1027,eth,192459145336.39108,1572.7144656,-0.8846894956436948,-0.17614504459607228
2022-11-30,632504.2333333333,1027,eth,158558424120.2237,1295.68860592,-0.9254954163752593,-0.07634347211825965
2022-12-31,668312.7096774194,1027,eth,146453523490.14362,1196.77123896,-1.1150489732117137,0.3256797308303525
2023-01-31,638429.3548387097,1027,eth,194150467599.5421,1586.53537393,-0.7416333103357182,0.01220253716249875
2023-02-28,665130.5357142857,1027,eth,196519595895.7058,1605.89513079,-0.8114492014203272,0.1345835002461706
2023-03-31,670377.5483870967,1027,eth,219252863385.4637,1822.02211852,-0.717701147402007,0.030132569682851162
2023-04-30,591535.1923076923,1027,eth,225975170377.9104,1876.92432697,-0.4372619500954755,-0.0014885478971388144
2023-05-31,639169.5806451613,1027,eth,225361512775.6193,1874.13043521,-0.5948784919464956,0.03151250622712509
2023-06-30,651678.4666666667,1027,eth,232408283870.4112,1933.18898222,-0.602851633802679,-0.03984434175263374
2023-07-31,594658.5483870967,1027,eth,223070797299.1645,1856.16233974,-0.4607302683914085,-0.11341853624693676
2023-08-31,605087.7741935484,1027,eth,197831661218.4887,1645.63912413,-0.6155753054494646,0.015509285532751882
2023-09-30,627961.3666666667,1027,eth,200935981760.41403,1671.16181119,-0.6742156554530325,0.0869437774409989
2023-10-31,586151.8709677419,1027,eth,218464638399.938,1816.45893177,-0.4527784005127593,0.12997659343167278
2023-11-30,609102.7,1027,eth,246799826112.8609,2052.55607583,-0.4076409147584421,0.11152690469975735
2023-12-31,661964.3225806452,1027,eth,274194287336.3532,2281.47130169,-0.4688311102408207,0.000470416042141375
2024-01-31,684283.3225806452,1027,eth,274321999164.7484,2282.54454239,-0.5346862174965956,0.46412021377280666
2024-02-29,704975.4137931034,1027,eth,401521910329.7871,3341.91960335,-0.21330847424110644,0.09154522347375549
2024-03-31,817882.6774193548,1027,eth,438000180937.4318,3647.85638027,-0.4234631978993981,-0.174230992195191
2024-04-30,779219.3,1027,eth,367668861304.3008,3012.28674375,-0.5016470633851107,0.24823000142049478
2024-05-31,734595.8387096775,1027,eth,451732547203.0624,3760.02668643,-0.17779536337706858,-0.08700406250589798
2024-06-30,714257.8333333334,1027,eth,412589046062.3569,3432.88908958,-0.21228068582900406,-0.05872411768323815
2024-07-31,681289.7419354839,1027,eth,388561692976.8504,3231.29570669,-0.17776812805992037,-0.222171547191943
2024-08-31,633189.1612903225,1027,eth,302369724559.1651,2513.3937401,-0.2821326199322307,0.03567644293425842
2024-09-30,631590.4333333333,1027,eth,313325363290.39417,2603.06268844,-0.2414848421515714,-0.03352338275506406
2024-10-31,678332.4193548387,1027,eth,302921236976.3223,2515.7992216,-0.41804681691078827,0.47297334767567145
2024-11-30,710709.3666666667,1027,eth,446313288504.6456,3705.70520152,-0.12375073348113474,-0.10070241964928373
2024-12-31,771225.9032258064,1027,eth,401479034540.14185,3332.53172122,-0.3930520687072203,-0.010282432578752942
2025-01-31,744055.8709677419,1027,eth,397502303499.3694,3298.26518848,-0.3312762467739496,-0.32149020354202174
2025-02-28,736966.5357142857,1027,eth,269848218805.7752,2237.9052417,-0.6994700428016856,-0.1851844435313027
2025-03-31,655592.1935483871,1027,eth,220015627931.27097,1823.48000484,-0.669624020056272,-0.016290084076137967
2025-04-30,663726.2333333333,1027,eth,216563314833.1316,1793.77536225,-0.7101012995854141,0.4099242476257843
2025-05-31,658599.5161290322,1027,eth,305321149837.9978,2529.08737803,-0.3511118185766975,-0.016853132730906384
2025-06-30,784773.2666666667,1027,eth,300160489257.5229,2486.46433276,-0.7187171127933958,0.4867326800769418
2025-07-31,829096.0322580645,1027,eth,446230320086.16895,3696.70778136,-0.4320814685628065,0.1875483240454927
2025-08-31,912508.0645161291,1027,eth,529904213176.80365,4390.01913024,-0.45194230714736605,-0.055594610364865904
2025-09-30,899135.5333333333,1027,eth,500430574227.2469,4145.9577272,-0.47964341114132836,-0.07208886637921619
2025-10-31,824380.5806451613,1027,eth,464334731329.9384,3847.08033459,-0.3809036111408588,-0.2222381139075219
2025-11-30,802442.7333333333,1027,eth,361134518751.8193,2992.11245698,-0.5783151882234279,-0.008380326020669848
2025-12-31,867796.9677419355,1027,eth,358106312742.59875,2967.0375791,-0.7433303740701156,-0.17591478829139862
2026-01-31,1245116.2258064516,1027,eth,295107456049.14264,2445.09179152,-1.658873490416095,-0.1963285273030918
2026-02-28,1182790.6785714286,1027,eth,237166329705.63785,1965.05052097,-1.7747468271979692,0.07107079088280188
2026-03-31,1030561.8387096775,1027,eth,254020101990.7996,2104.70821562,-1.4305501293987497,0.07200195453000524
2026-04-30,920989.8,1027,eth,272301495232.54388,2256.25132086,-1.1362327527819645,-0.11164971214021546
2026-05-31,855116.4193548387,1027,eth,241894375408.0305,2004.34151037,-1.1062188007070084,
2017-07-31,20950.052631578947,1321,etc,1317395308.5951035,14.00055599,1.0991294978669366,0.1700116489445216
2017-08-31,21566.354838709678,1321,etc,1557358594.2427812,16.3808136,1.2084775484430779,-0.20730743740347546
2017-09-30,24837.766666666666,1321,etc,1246879725.4889452,12.98494911,0.7036688013890355,-0.18193643425068462
2017-10-31,21958.214285714286,1321,etc,1030408618.1171666,10.62251377,0.7594281258605129,1.6537041344781427
2017-11-30,27654.833333333332,1321,etc,2761261029.254313,28.18900871,1.2838417154424882,-0.006777043207348732
2017-12-31,32024.25806451613,1321,etc,2765755613.5826125,27.99797058,0.9920817943310531,0.02711785548279555
2018-01-31,31969.90322580645,1321,etc,2862163443.1104937,28.7572155,1.0297431944193036,0.17168138132149813
2018-02-28,33382.75,1321,etc,3375867703.275912,33.69429398,1.1083290685262597,-0.5735708850724522
2018-03-31,32825.709677419356,1321,etc,1449460456.978344,14.36822796,0.29652258756680183,0.508667061125887
2018-04-30,24987.266666666666,1321,etc,2199400467.7716784,21.67687225,1.2592073639971346,-0.293911952172897
2018-05-31,21432.0,1321,etc,1560498255.1028192,15.30578041,1.2229901790601474,0.05177916439218011
2018-06-30,24590.133333333335,1321,etc,1653112097.962613,16.09830093,1.005724353437575,0.009002451291609592
2018-07-31,27521.83870967742,1321,etc,1680299635.962336,16.2432251,0.7967677624102549,-0.21232483812589653
2018-08-31,31119.464285714286,1321,etc,1333225834.104828,12.79438496,0.31968975437684577,-0.11429972793315113
2018-09-30,27782.966666666667,1321,etc,1189144731.3974986,11.33199024,0.43214336843398726,-0.20752432187057723
2018-10-31,28301.709677419356,1321,etc,949163969.0748316,8.98032665,0.1697371336776321,-0.4876334481663871
2018-11-30,26949.533333333333,1321,etc,489683595.9900278,4.601219,-0.39417250230873435,0.09711058091344915
2018-12-31,28761.548387096773,1321,etc,541060545.2284918,5.04804605,-0.42454755310873793,-0.21680505073839407
2019-01-31,26942.451612903227,1321,etc,426751342.2398642,3.95360417,-0.5312048321657343,0.08211729501489251
2019-02-28,21231.75,1321,etc,464720518.8744588,4.27826345,0.030440784533421805,0.12755391676499017
2019-03-31,21414.870967741936,1321,etc,527656433.76072586,4.82397271,0.1402742068227525,0.22298113912837647
2019-04-30,19936.033333333333,1321,etc,649645521.021537,5.89962764,0.4913692326149537,0.4676639219216894
2019-05-31,19082.290322580644,1321,etc,960025128.8369414,8.65867064,0.969438066616565,-0.10774961524578797
2019-06-30,20156.666666666668,1321,etc,862249986.6883883,7.72570221,0.7524750651447007,-0.2160081652953072
2019-07-31,21617.83870967742,1321,etc,680587954.9347068,6.05688745,0.37591938411641124,0.03891023598267451
2019-08-31,17330.83870967742,1321,etc,711851813.2405915,6.29256237,0.8628947643589235,-0.251534218801871
2019-09-30,15246.833333333334,1321,etc,536437839.6044386,4.70976761,0.8362070301160855,0.02762545220357482
2019-10-31,15475.483870967742,1321,etc,555211434.3719212,4.83987707,0.8408348320393344,-0.18195961948264938
2019-11-30,14778.666666666666,1321,etc,457318208.8738895,3.95921488,0.7390100491903802,0.13581978657344296
2019-12-31,14416.032258064517,1321,etc,523055624.4092903,4.4969546,0.9230059377914692,1.5130219460076386
2020-01-31,15434.612903225807,1321,etc,1314450264.7416358,11.3009456,1.7079486506115273,-0.3445256182810047
2020-02-29,17514.068965517243,1321,etc,861588474.4773557,7.40748033,1.0327687512118366,-0.33209753119924923
2020-03-31,15877.90322580645,1321,etc,575457068.8586946,4.9474744,0.8253078105448566,0.30783046800605995
2020-04-30,15240.033333333333,1321,etc,752600288.0976083,6.47045776,1.1756827859969476,0.07144963882740796
2020-05-31,16569.677419354837,1321,etc,806373306.3151686,6.93276963,1.0773980674868682,-0.17281093616837806
2020-06-30,14496.0,1321,etc,667023180.9698639,5.73471122,1.1550793007882234,0.2918588113317411
2020-07-31,17544.09677419355,1321,etc,861699773.8310605,7.40843722,1.0294718654068262,-0.10763661030254368
2020-08-31,8575.58064516129,1321,etc,768949331.2103885,6.61101815,2.3471876691796716,-0.1834177538901478
2020-09-30,6182.066666666667,1321,etc,627910371.4104999,5.39844005,2.799092180302061,-0.024347227862611898
2020-10-31,6157.1612903225805,1321,etc,612622495.2637926,5.267003,2.7825172310149178,0.2752496723468736
2020-11-30,9251.82142857143,1321,etc,781246636.2867444,6.71674385,2.2112500088148153,-0.1547110896599102
2020-12-31,10801.533333333333,1321,etc,660379117.0889744,5.67758909,1.7334378912137787,0.305490313318888
2021-01-31,11628.709677419354,1321,etc,862118541.2324432,7.41203756,1.8524387548318337,0.39135613203773345
2021-02-28,18547.428571428572,1321,etc,1199513918.769969,10.31278391,1.2490093701057852,0.3652718657614149
2021-03-31,18429.483870967742,1321,etc,1637662605.2028625,14.07975373,1.5731217305491327,1.5830303119939586
2021-04-30,27576.733333333334,1321,etc,4230132151.075166,36.36843067,1.7160436688736915,0.9307461602384284
2021-05-31,46899.3870967742,1321,etc,8167311406.972725,70.21820787,1.3118858384055017,-0.1793110193485774
2021-06-30,38421.9,1321,etc,6702822473.911779,57.62730944,1.5130287623802943,-0.10778812285982708
2021-07-31,41497.12903225807,1321,etc,6615956802.770156,51.41576993,1.3459912176797246,0.24336188229866695
2021-08-31,45360.6129032258,1321,etc,8281468789.122998,63.92840848,1.3924872790300853,-0.2651772350206958
2021-09-30,47271.26666666667,1321,etc,6119989601.100579,46.97604988,1.0075103946106196,0.15644994563770265
2021-10-31,49869.709677419356,1321,etc,7093849243.732566,54.32545033,1.0481557879651717,-0.1095206582524062
2021-11-30,49859.2,1321,etc,6353274946.407828,48.37569125,0.9383196324487706,-0.2945954908706343
2021-12-31,43419.354838709674,1321,etc,4504131123.178259,34.12443074,0.870939670562894,-0.24649421038224772
2022-01-31,43662.87096774193,1321,etc,3410881899.1140904,25.71295613,0.5817299455778056,0.1712047668787433
2022-02-28,41819.857142857145,1321,etc,4013501416.030559,30.11513679,0.8306767544002405,0.5698236604290714
2022-03-31,42880.709677419356,1321,etc,6330883293.876126,47.27545427,1.236350912422914,-0.45166411322143385
2022-04-30,41792.066666666666,1321,etc,3484531407.3232183,25.92282814,0.6906757965668682,-0.08359302959912307
2022-05-31,37039.58064516129,1321,etc,3208276346.350719,23.7558604,0.849514932075774,-0.37206308637846686
2022-06-30,35850.86666666667,1321,etc,2022351670.212525,14.91718166,0.4532808233107133,1.4437330952232967
2022-07-31,36729.6129032258,1321,etc,4961190229.916958,36.45361051,1.302234315050903,-0.11074645483723855
2022-08-31,37502.93548387097,1321,etc,4429050489.825358,32.41650238,1.147102084718174,-0.14467952695888586
2022-09-30,39095.73333333333,1321,etc,3802439258.1218615,27.72649815,0.9113713715555107,-0.12439432817447238
2022-10-31,38324.645161290326,1321,etc,3342121674.1856704,24.27747904,0.8221747840080091,-0.16418325780171283
2022-11-30,38918.833333333336,1321,etc,2801514413.763362,20.29152344,0.6149588503098151,-0.22655190545910042
2022-12-31,33923.0,1321,etc,2177285892.580093,15.69444014,0.6376478759008215,0.3830987430176658
2023-01-31,33282.645161290326,1321,etc,3021925017.8884,21.70696043,1.003577140834114,-0.04470767397994457
2023-02-28,31627.321428571428,1321,etc,2895905671.861037,20.73649272,1.0630104826845574,0.0002916727568960109
2023-03-31,30094.129032258064,1321,etc,2921179437.399166,20.74254099,1.1710825226910586,-0.061040628079771064
2023-04-30,26997.4,1321,etc,2740366341.422252,19.47640326,1.3243657615514053,-0.0755288771937247
2023-05-31,23524.483870967742,1321,etc,2542822251.4078565,18.00537239,1.5249463745078202,0.16444788621225515
2023-06-30,21505.933333333334,1321,etc,2970988548.6965623,20.96631782,1.8599922889883658,-0.11792402372349431
2023-07-31,18621.322580645163,1321,etc,2630802331.464696,18.49388526,2.02642954877323,-0.16184348220618294
2023-08-31,18906.645161290322,1321,etc,2213099677.345103,15.50077047,1.8231224685537057,0.05579261764270216
2023-09-30,18828.366666666665,1321,etc,2344782318.3809657,16.36559903,1.8892186528075996,0.06735318933204981
2023-10-31,17579.967741935485,1321,etc,2511711261.209439,17.46787432,2.095199462544244,0.06711922060588771
2023-11-30,21445.233333333334,1321,etc,2689706553.446149,18.64030443,1.7661825817935544,0.17534095874205624
2023-12-31,20560.709677419356,1321,etc,3172554930.6542573,21.90871328,2.0155285993147523,0.11196929589833049
2024-01-31,21377.774193548386,1321,etc,3540513858.0792327,24.36181648,2.0473235667751375,0.18544071759627667
2024-02-29,21353.068965517243,1321,etc,4210688046.6352377,28.87948921,2.222990395224304,0.188085371957311
2024-03-31,24504.967741935485,1321,etc,5020366919.738443,34.31129868,2.1235065776488753,-0.25847070735242716
2024-04-30,21683.6,1321,etc,3735518405.2686014,25.44283304,2.072529455633063,0.16409576219111166
2024-05-31,21256.548387096773,1321,etc,4363659802.857143,29.61789412,2.2677363739816023,-0.20087191702068252
2024-06-30,19863.066666666666,1321,etc,3496664661.6505165,23.66849095,2.181840717455529,-0.07966793506114933
2024-07-31,18953.935483870966,1321,etc,3227047161.4177804,21.78287115,2.1952996321460105,-0.15541763923990337
2024-08-31,19948.90322580645,1321,etc,2733059087.8609047,18.39742874,1.926828474491895,0.05825923748081352
2024-09-30,18266.2,1321,etc,2900013413.015786,19.46924891,2.1623659261131998,-0.045043366801354456
2024-10-31,17424.483870967742,1321,etc,2777034748.04577,18.59228839,2.213386327673856,0.7610469165060105
2024-11-30,20498.933333333334,1321,etc,4903508843.171768,32.74189214,2.4569606137309137,-0.23601600655691357
2024-12-31,19436.677419354837,1321,etc,3756399170.008763,25.01428151,2.296892370411573,0.07225990437812113
2025-01-31,16588.774193548386,1321,etc,4038600359.167082,26.8218111,2.686201038779629,-0.2708794645861927
2025-02-28,16942.85714285714,1321,etc,2951766436.1107783,19.55633327,2.3304663870148623,-0.14163636361470122
2025-03-31,16777.25806451613,1321,etc,2540499690.444385,16.78644534,2.2000675037618542,-0.016274630183259586
2025-04-30,14547.4,1321,etc,2505600218.257409,16.51325215,2.4714590259208755,0.02644752868985889
2025-05-31,13359.709677419354,1321,etc,2578722769.7486644,16.94998686,2.6705626305720997,-0.02124004065452112
2025-06-30,12361.933333333332,1321,etc,2530410650.7965417,16.58996845,2.80689316441428,0.24178402702146173
2025-07-31,13946.290322580646,1321,etc,3150598559.585815,20.60115783,2.7849206402727553,0.004513507481826773
2025-08-31,13771.466666666667,1321,etc,3173168229.449774,20.69414131,2.817288171610855,-0.10918844063890276
2025-09-30,14166.066666666668,1321,etc,2833962668.268072,18.43458029,2.6477323805096127,-0.13998041503552994
2025-10-31,13850.354838709678,1321,etc,2443811261.9809484,15.85410009,2.5446923874035683,-0.13339649289422384
2025-11-30,13542.033333333333,1321,etc,2123218223.035008,13.73921874,2.4490913892805537,-0.16584795563128218
2025-12-31,12847.870967741936,1321,etc,1775736883.348462,11.4605974,2.375614532968868,-0.1490462050433775
2026-01-31,10384.548387096775,1321,etc,1515045821.72478,9.75243885,2.642563024162623,-0.11042110763914204
2026-02-28,7743.285714285715,1321,etc,1350943024.9876404,8.67556375,3.114905947772911,-0.05752586164789586
2026-03-31,6697.193548387097,1321,etc,1276527831.1150248,8.17649447,3.3485219085793645,0.019544189821973923
2026-04-30,5938.2,1321,etc,1304770447.391886,8.33629743,3.6109702876053333,-0.019734505802056046
2026-05-31,5235.419354838709,1321,etc,1282350602.0868628,8.17178472,3.8455561864574577,
2017-08-31,49679.3870967742,1831,bch,9736724677.56271,588.1729126,1.3724798636237523,-0.26445778475654336
2017-09-30,19128.466666666667,1831,bch,7195230252.402494,432.62600708,2.9788183667274026,0.014854804391848608
2017-10-31,27295.074074074073,1831,bch,7354882622.480386,439.05258179,2.2897071759077647,2.165403744703943
2017-11-30,56841.875,1831,bch,23391260839.47453,1389.77868652,1.9795711831551905,0.8226006048147492
2017-12-31,128099.7741935484,1831,bch,42774236530.92965,2533.01147461,0.9580723577824592,-0.41299645356761305
2018-01-31,94212.41935483871,1831,bch,25191485302.00196,1486.88671875,1.0431573052082506,-0.190148807413981
2018-02-28,55318.107142857145,1831,bch,20461983718.93624,1204.15698242,1.9001234113562298,-0.4309324672163122
2018-03-31,42565.54838709677,1831,bch,11682401697.568508,685.24664307,1.8637484544869132,0.9701737254655733
2018-04-30,44995.86666666667,1831,bch,23089888241.72965,1350.05493164,2.434008794821519,-0.26273824216849406
2018-05-31,42356.41935483871,1831,bch,17078620270.71685,995.34387207,2.253342707200982,-0.24778862321930772
2018-06-30,34524.13333333333,1831,bch,12887050446.069336,748.70898438,2.380661051978354,0.03798180265400286
2018-07-31,35593.0,1831,bch,13419820616.294855,777.14630127,2.3601900649223673,-0.3011889404961331
2018-08-31,34422.96428571428,1831,bch,9408066704.512783,543.07843018,2.071874944101488,-0.024219478162004315
2018-09-30,36573.566666666666,1831,bch,9208791087.336727,529.925354,1.929262345244421,-0.2020411188327479
2018-10-31,31156.774193548386,1831,bch,7371731716.195679,422.85864258,2.0273445424826093,-0.5907216420739048
2018-11-30,44675.6,1831,bch,3026267123.795529,173.06689087,0.4162301840859861,-0.12724095775512223
2018-12-31,19470.41935483871,1831,bch,2649556711.4530945,151.04569392,1.94435491096133,-0.2398976255436438
2019-01-31,18750.935483870966,1831,bch,2020317794.295756,114.8101906,1.7485228146400296,0.15135224006848746
2019-02-28,21650.785714285714,1831,bch,2332748074.9335866,132.18697013,1.6047187919932355,0.2780196571103599
2019-03-31,25143.612903225807,1831,bch,2990730945.1750154,168.93754624,1.554065291413469,0.584953451375523
2019-04-30,38185.73333333333,1831,bch,4754698560.184194,267.75814698,1.1819646328774596,0.6622088054457749
2019-05-31,43920.93548387097,1831,bch,7928120026.909435,445.06994964,1.4133890221189276,-0.10245486415536198
2019-06-30,38556.2,1831,bch,7137232211.409762,399.47036841,1.5688465003821754,-0.1824918734527472
2019-07-31,36686.096774193546,1831,bch,5852931215.877821,326.57027249,1.4699021796912568,-0.1427893911299838
2019-08-31,31631.83870967742,1831,bch,5032832851.684263,279.93950212,1.6154099608415926,-0.1850992826578225
2019-09-30,56987.4,1831,bch,4113583440.915568,228.12290109,0.2363894295206741,0.24703241612628402
2019-10-31,33768.87096774193,1831,bch,5145642138.501276,284.47665252,1.5068266470547798,-0.2304891436578973
2019-11-30,27056.866666666665,1831,bch,3971434831.668088,218.90787249,1.6910010789990508,-0.06525438092982483
2019-12-31,27480.709677419356,1831,bch,3723637896.664672,204.62317479,1.5954878141083064,0.8345408171643001
2020-01-31,32513.41935483871,1831,bch,6852328296.507117,375.38956629,1.8690379561237407,-0.1786500058933218
2020-02-29,28777.620689655174,1831,bch,5644119541.822102,308.32621806,1.9191734417098374,-0.28767784198857627
2020-03-31,34066.87096774193,1831,bch,4032631725.020105,219.62759702,1.2455237029515729,0.13757543154856133
2020-04-30,35101.833333333336,1831,bch,4595776898.836431,249.84295846,1.3163863736732537,-0.03988879631200626
2020-05-31,44215.93548387097,1831,bch,4419143462.327779,239.87702358,0.8155306586546764,-0.07456043110371169
2020-06-30,57044.333333333336,1831,bch,4095641221.311188,221.99168929,0.23002108382970476,0.35367461066271866
2020-07-31,61512.096774193546,1831,bch,5552502657.76548,300.50451357,0.3835363324579433,-0.08639249354886147
2020-08-31,70901.90322580645,1831,bch,5080476441.915454,274.54317932,0.010565769986872198,-0.16950860351098807
2020-09-30,57900.53333333333,1831,bch,4230965869.479121,228.00574839,0.23273239227281195,0.14803349682336475
2020-10-31,45604.06451612903,1831,bch,4858164160.093976,261.75823662,0.8484222073468217,0.20882608840062566
2020-11-30,50629.4,1831,bch,5881460193.930073,316.42018528,0.8304954719039763,0.08416798216091359
2020-12-31,47692.32258064516,1831,bch,6381074871.369557,343.05263379,1.0315509717800495,0.16533117898963434
2021-01-31,72601.83870967742,1831,bch,7452675943.771948,399.76993019,0.346347937785616,0.15044789822339788
2021-02-28,87240.21428571429,1831,bch,8585347124.754886,459.91447596,0.12048141116461153,0.18117151006407295
2021-03-31,79766.41935483871,1831,bch,10155760793.19093,543.23787607,0.4675911776957662,0.8287121069628625
2021-04-30,92169.66666666667,1831,bch,18600480243.773487,993.42568093,0.7836805159390856,-0.29145925116304916
2021-05-31,87458.90322580645,1831,bch,13199008095.8807,703.88257588,0.5455589502770763,-0.2522959754870754
2021-06-30,78911.86206896552,1831,bch,9882664768.664791,526.29583477,0.46187434854169496,0.04086573502790314
2021-07-31,77690.41935483871,1831,bch,10301331512.68679,547.8033009,0.5345645454498111,0.1623989681950455
2021-08-31,95943.32258064517,1831,bch,11992377093.709084,636.76599174,0.26451123005898936,-0.21085041549269978
2021-09-30,86165.7,1831,bch,9477230794.564442,502.50361781,0.24410306900097822,0.18653599165815726
2021-10-31,85808.25806451614,1831,bch,11261546530.927423,596.23862847,0.4249187401905097,-0.043118551285366014
2021-11-30,95463.1,1831,bch,10791551117.143335,570.52968259,0.16903923221412853,-0.24519341313662957
2021-12-31,82243.06451612903,1831,bch,8157602539.356415,430.63956242,0.18734747014150344,-0.3369413399795457
2022-01-31,80546.48387096774,1831,bch,5416821339.300369,285.53929121,-0.1804044606930475,0.18065011460038782
2022-02-28,74166.71428571429,1831,bch,6403975774.01666,337.12199689,0.1520433811787889,0.1391850864460511
2022-03-31,83577.67741935483,1831,bch,7306098141.177378,384.04435117,0.04491170438011238,-0.27438359631894393
2022-04-30,81362.03333333334,1831,bch,5308887758.990212,278.66888095,-0.22067985575587912,-0.26918029506659924
2022-05-31,83068.16129032258,1831,bch,3885441618.033762,203.65670935,-0.5743310533528962,-0.49554923931603834
2022-06-30,79032.66666666667,1831,bch,1962737735.649624,102.73478195,-1.157626956712253,0.36259568310691304
2022-07-31,69065.6129032258,1831,bch,2678355071.053542,139.98597039,-0.5771558232087521,-0.17604307361189986
2022-08-31,55649.03333333333,1831,bch,2210077357.906095,115.3424099,-0.33734661672436417,0.04072991759122235
2022-09-30,35095.03333333333,1831,bch,2303368475.830425,120.04029675,0.6260086452421447,-0.04107243103762148
2022-10-31,43586.709677419356,1831,bch,2211990208.8496194,115.10994994,0.15214337630474262,-0.014935502021294789
2022-11-30,43270.433333333334,1831,bch,2182057095.620185,113.39072505,0.15308419504919257,-0.14391460071186835
2022-12-31,43144.74193548387,1831,bch,1870702164.183423,97.07214413,0.004948019015248661,0.37420195995005257
2023-01-31,38070.22580645161,1831,bch,2574471862.452613,133.39673072,0.5745346866500256,-0.010939035552999576
2023-02-28,31667.071428571428,1831,bch,2549657537.251539,131.93749914,0.9331595604052367,-0.0600944272983891
2023-03-31,35283.87096774193,1831,bch,2403935984.321963,124.00879069,0.658010773627673,-0.04670811389879215
2023-04-30,31229.2,1831,bch,2290917509.211849,118.21657397,0.8540005662055812,-0.04187951032362336
2023-05-31,43236.290322580644,1831,bch,2198151401.3591533,113.26572174,0.16201162127878987,1.6928443101271142
2023-06-30,59494.166666666664,1831,bch,5928233354.293295,305.00695432,0.5157249939009994,-0.18629574757297285
2023-07-31,48587.0,1831,bch,4830673954.973178,248.18545575,0.7160292612781021,-0.16398090027884316
2023-08-31,57053.54838709677,1831,bch,4044316819.103611,207.48778128,0.21708737563543679,0.12946911656329596
2023-09-30,62712.36666666667,1831,bch,4574340445.732705,234.35104102,0.15110047504263235,0.044860988089669984
2023-10-31,85280.90322580645,1831,bch,4786312722.81401,244.86426028,-0.41838549581852646,-0.0950826876220191
2023-11-30,65308.46666666667,1831,bch,4337118248.552911,221.58190831,0.016722036788273442,0.17005463251667208
2023-12-31,72036.12903225806,1831,bch,5081824196.349515,259.2629383,-0.020910000666994222,-0.09646019367049641
2024-01-31,67828.7741935484,1831,bch,4598308164.233195,234.25438506,-0.0005292816581032866,0.2745220716936789
2024-02-29,76286.86206896552,1831,bch,5868336961.198321,298.56238415,0.008325089852188938,1.2789920656520186
2024-03-31,75937.0,1831,bch,13394080622.705423,680.42130458,0.8427600454648037,-0.36192889998059385
2024-04-30,63253.833333333336,1831,bch,8552635760.328993,434.15717029,0.7596833268218504,0.04778035920987711
2024-05-31,65260.3870967742,1831,bch,8967582731.427307,454.90135584,0.7446009895474361,-0.1346576303930499
2024-06-30,62768.36666666667,1831,bch,7765337352.844506,393.6454172,0.6785227178147686,0.05378620195962491
2024-07-31,87114.48387096774,1831,bch,8188855587.600209,414.81810911,0.07608311384744226,-0.22315486281109542
2024-08-31,74340.93548387097,1831,bch,6365900550.965772,322.24943088,0.14138748852476724,0.04694672176359438
2024-09-30,64436.066666666666,1831,bch,6669305935.664202,337.37798525,0.47392404036671465,0.06177638699382215
2024-10-31,66850.16129032258,1831,bch,7086306489.819749,358.21997823,0.46101210482783017,0.46632020323206635
2024-11-30,36418.46666666667,1831,bch,10397975732.49743,525.26519128,2.0592144810710273,-0.17409717525190582
2024-12-31,43543.93548387097,1831,bch,8593727264.238768,433.81800522,1.511246949229509,-0.02207051282978545
2025-01-31,35762.41935483871,1831,bch,8409908552.541526,424.24341937,1.8833706725436095,-0.25546205405128286
2025-02-28,34318.32142857143,1831,bch,6265437446.373354,315.86532404,1.6714449607356165,-0.03972853759158079
2025-03-31,35575.0,1831,bch,6020760574.584058,303.31645664,1.5596825836636796,0.20741047435044968
2025-04-30,29829.9,1831,bch,7274531819.505261,366.22746679,2.1011122428793207,0.1318317656596868
2025-05-31,32471.064516129034,1831,bch,8239362257.335604,414.50788037,2.0559794835888887,0.22079476148512778
2025-06-30,23693.366666666665,1831,bch,10065468090.283133,506.02904895,2.886475600761319,0.11107997684447946
2025-07-31,37598.06451612903,1831,bch,11191439506.88836,562.23874399,2.068999288420038,-0.031452133882674094
2025-08-31,28223.354838709678,1831,bch,10847078835.596497,544.55513574,2.6113514490623544,0.028439209592532988
2025-09-30,31147.933333333334,1831,bch,11163177753.20396,560.04185338,2.4428801455276847,-0.04258209863436546
2025-10-31,27615.25806451613,1831,bch,10695381527.061544,536.19409594,2.640830397496238,0.010434371550085197
2025-11-30,26758.333333333332,1831,bch,10814407006.471617,541.78894436,2.714942603614471,0.10551734134688018
2025-12-31,27982.129032258064,1831,bch,11963972878.874638,598.95707334,2.7265230377332585,-0.15504516676320235
2026-01-31,22555.677419354837,1831,bch,10116051382.930578,506.09167402,2.9899050781102723,-0.09629699880831089
2026-02-28,22362.60714285714,1831,bch,9147682980.20806,457.35656469,2.9064754199804668,0.01963019338332961
2026-03-31,21646.870967741936,1831,bch,9333708127.83379,466.3345625,2.9916658243277148,-0.05405531326020896
2026-04-30,22226.133333333335,1831,bch,8835073059.29076,441.12670164,2.883947106571199,-0.31452320123488775
2026-05-31,20954.612903225807,1831,bch,6060331095.472901,302.38211929,2.624802096903121,
