spec,var,coef,se,t,p,n,r2_within
coin_s1,conv_std,0.005456960109291018,0.007917914353553518,0.6891916059741116,0.49095725051602224,686,-0.0011329533140167491
coin_s2,conv_std,-0.0018858108386760823,0.007439993772834074,-0.2534694108967958,0.799989930461958,680,-0.0012963852160994271
coin_s2,size_std,0.022863870965865764,0.006909818534460897,3.3088960081713057,0.0009911616143893909,680,-0.0012963852160994271
coin_s2,mom_3m_std,-0.0012650864360922952,0.007325334667768701,-0.1727001554834956,0.8629437565403992,680,-0.0012963852160994271
coin_s2,mom_12_2_std,-0.001912520267274492,0.007263388578443169,-0.2633096448881468,0.7923998339109972,680,-0.0012963852160994271
coin_s2,r_1m_std,-0.003256503276387783,0.009967946984373456,-0.3266974916191805,0.7440074902147518,680,-0.0012963852160994271
coin_s2,beta36_std,-0.004857496205398942,0.009556567515631262,-0.5082887969402975,0.6114325017366158,680,-0.0012963852160994271
coin_s3,conv_std,-0.002153734403283522,0.007756071233333806,-0.2776836801120738,0.7813483585175556,680,-0.0010234726294344743
coin_s3,size_std,0.023909814766074507,0.006345870097422574,3.767775639748073,0.00018052493327758157,680,-0.0010234726294344743
coin_s3,mom_3m_std,-0.001898465695481256,0.00769470862115053,-0.24672353287854493,0.8052043910951645,680,-0.0010234726294344743
coin_s3,mom_12_2_std,-0.0018669117901070243,0.00726355872869514,-0.2570243953190154,0.7972457666485977,680,-0.0010234726294344743
coin_s3,r_1m_std,-0.003614927257368675,0.009864652230235225,-0.36645257967522654,0.7141532205128278,680,-0.0010234726294344743
coin_s3,beta36_std,-0.0036548229652567,0.010005465770534057,-0.3652826414158647,0.7150258212340801,680,-0.0010234726294344743
coin_s3,val_std,0.005852988573730622,0.006212450677506632,0.9421384373999924,0.3464910983469882,680,-0.0010234726294344743
coin_s4,conv_std,-0.01002125002071355,0.0059977551211606046,-1.670833473236962,0.09526333697177147,680,0.0019404767889987795
coin_s4,size_std,0.02706668044519643,0.005237243661068582,5.16811555788372,3.2009398487353735e-07,680,0.0019404767889987795
coin_s4,mom_3m_std,-0.0039982071276422745,0.007497114718612738,-0.5332994462144366,0.5940189781937435,680,0.0019404767889987795
coin_s4,mom_12_2_std,-0.00438621372372428,0.008190571792511656,-0.5355198434051255,0.5924840366979423,680,0.0019404767889987795
coin_s4,r_1m_std,-0.005135185760027628,0.00956707330205375,-0.5367561842476178,0.5916301560627577,680,0.0019404767889987795
coin_s4,beta36_std,-0.008135614561155687,0.008841122289060544,-0.9202015643672513,0.3578282321224364,680,0.0019404767889987795
coin_s4,val_std,0.00429188275312343,0.005120666230441688,0.8381492876080756,0.40227248583296715,680,0.0019404767889987795
coin_s4,conv_x_val,-0.01686884812878667,0.0047679804935332505,-3.537944031370445,0.0004336509725524351,680,0.0019404767889987795
coin_s5_low,conv_std,0.0070034142317247135,0.006083344551941792,1.1512440520057732,0.2505704341002155,356,-0.0033537386563817773
coin_s5_low,size_std,0.036382778689554106,0.011191974857824478,3.250791674546906,0.0012850428941562075,356,-0.0033537386563817773
coin_s5_low,mom_3m_std,-0.003462104543643257,0.013081737242427373,-0.2646517415450586,0.7914638293508773,356,-0.0033537386563817773
coin_s5_low,mom_12_2_std,-0.003744141842850286,0.00974167055568481,-0.38434289287943224,0.7010031129727037,356,-0.0033537386563817773
coin_s5_low,r_1m_std,-0.012879081418536121,0.012551702331094327,-1.0260824451382007,0.3056990769309449,356,-0.0033537386563817773
coin_s5_low,beta36_std,0.0013175747518193663,0.010730027041426385,0.12279323684204023,0.9023550129046418,356,-0.0033537386563817773
coin_s5_high,conv_std,-0.030332511347329647,0.002784389894496337,-10.893772961640645,0.0,324,0.0023544464314978475
coin_s5_high,size_std,0.029982214536826143,0.01193415998244693,2.5123020456341085,0.01259844046366787,324,0.0023544464314978475
coin_s5_high,mom_3m_std,-0.005576062343019758,0.014429841354255415,-0.38642575521977973,0.699496216772868,324,0.0023544464314978475
coin_s5_high,mom_12_2_std,-0.01766124121726636,0.020315806378268852,-0.8693349842198735,0.3854626725476229,324,0.0023544464314978475
coin_s5_high,r_1m_std,0.007288868269235817,0.017503735512635583,0.4164178705724921,0.6774464864908589,324,0.0023544464314978475
coin_s5_high,beta36_std,-0.017122642251512908,0.013680494008697098,-1.2516099375232745,0.21183260896740297,324,0.0023544464314978475
coin_s5_diff,conv_std,0.009778093610681906,0.00709968379476671,1.3772576206688945,0.16893365733892418,680,0.0045482517890440555
coin_s5_diff,high_val,0.01654844534390003,0.013306562299059785,1.2436303961895032,0.21410945863169806,680,0.0045482517890440555
coin_s5_diff,conv_x_high,-0.04200495282559187,0.010538197377894016,-3.985971349683172,7.527188961065079e-05,680,0.0045482517890440555
coin_s5_diff,size_std,0.02719981982955762,0.005539295683105121,4.910339036877415,1.1665475001532144e-06,680,0.0045482517890440555
coin_s5_diff,mom_3m_std,-0.005184545927674775,0.007721544056216374,-0.6714390140014624,0.5021930148765288,680,0.0045482517890440555
coin_s5_diff,mom_12_2_std,-0.0018298056704064028,0.0074773058152813035,-0.2447145690720373,0.8067590722522708,680,0.0045482517890440555
coin_s5_diff,r_1m_std,-0.0051839585090900225,0.009724801564506001,-0.5330657365812642,0.5941806456579943,680,0.0045482517890440555
coin_s5_diff,beta36_std,-0.006605352956226662,0.00905789734241094,-0.7292368975412251,0.4661343889779783,680,0.0045482517890440555
coin_s4_fwd3,conv_std,0.0037430817845451768,0.013265595615539204,0.2821646229107544,0.777919346028741,635,-0.0040159722151915656
coin_s4_fwd3,size_std,0.07442749651446476,0.014412085612316997,5.164241908947363,3.3378455488453085e-07,635,-0.0040159722151915656
coin_s4_fwd3,mom_3m_std,-0.0012580910493847027,0.017090056249032884,-0.0736153837677332,0.9413421650780895,635,-0.0040159722151915656
coin_s4_fwd3,mom_12_2_std,-0.03038637162594139,0.023854759883244737,-1.2738074822243073,0.2032489923464731,635,-0.0040159722151915656
coin_s4_fwd3,r_1m_std,-0.0022489476872454687,0.01464035629473499,-0.1536129068152694,0.8779691372003904,635,-0.0040159722151915656
coin_s4_fwd3,beta36_std,-0.015361568812625136,0.020364369068796805,-0.7543356123987567,0.45095815336084266,635,-0.0040159722151915656
coin_s4_fwd3,val_std,0.010431471080638055,0.011350386718813797,0.9190410282098498,0.35846149571849306,635,-0.0040159722151915656
coin_s4_fwd3,conv_x_val,-0.0413503245848339,0.017764834340235458,-2.327650446544262,0.020278599358673155,635,-0.0040159722151915656
coin_s4_fwd6,conv_std,0.06052744400923008,0.031870405974919115,1.8991739250784268,0.05810671967873682,569,0.008189324035891787
coin_s4_fwd6,size_std,0.15437381858871724,0.020576063269653503,7.502592530243365,2.8110846983508964e-13,569,0.008189324035891787
coin_s4_fwd6,mom_3m_std,-0.003660240731686618,0.020822898797898066,-0.17577959568511636,0.8605370084667241,569,0.008189324035891787
coin_s4_fwd6,mom_12_2_std,-0.09959734291421529,0.04289402203291855,-2.3219399392712674,0.020629891283590718,569,0.008189324035891787
coin_s4_fwd6,r_1m_std,0.001994452990573369,0.02372956369791003,0.08404929041105924,0.9330502877809452,569,0.008189324035891787
coin_s4_fwd6,beta36_std,-0.024894589316767912,0.04171832323264099,-0.5967303426349131,0.5509527445333187,569,0.008189324035891787
coin_s4_fwd6,val_std,-0.0176502740120974,0.020455696688494486,-0.8628537214293451,0.3886242606909933,569,0.008189324035891787
coin_s4_fwd6,conv_x_val,-0.09006259793319171,0.03010446530565933,-2.9916690769545364,0.0029091197458286366,569,0.008189324035891787
token_s1,conv_std,0.0064435068969308324,0.0032777297713403384,1.965844455290753,0.0494231324545098,2652,5.393612538406867e-05
token_s2,conv_std,0.005635708434480526,0.003737913830303251,1.5077149154140106,0.1317524580437588,2592,0.005665710409417213
token_s2,size_std,-0.0037366614995174613,0.007140873367975151,-0.5232779391209146,0.6008267131666996,2592,0.005665710409417213
token_s2,mom_3m_std,-0.0022604039132357034,0.004964001527868113,-0.4553592299570621,0.6488899268260133,2592,0.005665710409417213
token_s2,mom_12_2_std,-0.0005862412274097433,0.00470796212879968,-0.12452122837258435,0.9009124934838773,2592,0.005665710409417213
token_s2,r_1m_std,-0.014441928507690297,0.006528251605305115,-2.2122199603878956,0.027040559419662547,2592,0.005665710409417213
token_s2,beta36_std,0.0059198588413059885,0.007132085254815597,0.8300319794002586,0.40659907743777457,2592,0.005665710409417213
token_s3,conv_std,0.006267324982083095,0.004066036405260117,1.54138437471323,0.12334847150635198,2592,0.005536140024567482
token_s3,size_std,-0.0021973229040215645,0.006123098329471789,-0.35885801367019976,0.719731289648166,2592,0.005536140024567482
token_s3,mom_3m_std,-0.0026107916453352214,0.0051440381647448,-0.5075373785576773,0.6118221080381412,2592,0.005536140024567482
token_s3,mom_12_2_std,-0.0009870208298149797,0.004731824077163391,-0.20859203844422586,0.8347835374784309,2592,0.005536140024567482
token_s3,r_1m_std,-0.014796289923556076,0.006414862114908385,-2.3065639850884607,0.021159668252169306,2592,0.005536140024567482
token_s3,beta36_std,0.006417586341426414,0.007454613771899558,0.8608878391014358,0.38938149329553107,2592,0.005536140024567482
token_s3,val_std,0.0041338530378357,0.005268532595533783,0.7846308175714868,0.4327436029034162,2592,0.005536140024567482
token_s4,conv_std,0.006086716188910192,0.004151224897822776,1.4662458283343158,0.1427057992080527,2592,0.005676112862953886
token_s4,size_std,-0.0021719649790649,0.00614008883377011,-0.35373510674947023,0.7235669311627788,2592,0.005676112862953886
token_s4,mom_3m_std,-0.002669893648278742,0.00512953998722146,-0.5204937781808686,0.6027650799051982,2592,0.005676112862953886
token_s4,mom_12_2_std,-0.0009134289006643222,0.004698022952853957,-0.19442836057440546,0.8458561198066539,2592,0.005676112862953886
token_s4,r_1m_std,-0.014845529198808481,0.0063945109881458325,-2.3216050807214463,0.020333387133911973,2592,0.005676112862953886
token_s4,beta36_std,0.0065702375495258186,0.007541411161509632,0.8712212354976009,0.3837161591771734,2592,0.005676112862953886
token_s4,val_std,0.004179008318004103,0.005289143120941726,0.7901106516588333,0.4295373147090209,2592,0.005676112862953886
token_s4,conv_x_val,0.0034044188217699878,0.004306164327958285,0.7905919427334421,0.4292563667929985,2592,0.005676112862953886
token_s5_low,conv_std,0.0016981927448355989,0.0060796468532684795,0.2793242413286938,0.7800422125381203,1314,0.004323118424417682
token_s5_low,size_std,0.0009496793951169598,0.005105836965934722,0.18599876992803718,0.8524759041886845,1314,0.004323118424417682
token_s5_low,mom_3m_std,0.00823899685303818,0.010207361566847295,0.8071622425718505,0.41972657121690315,1314,0.004323118424417682
token_s5_low,mom_12_2_std,-0.002112835123406835,0.003709182160168666,-0.5696229066600382,0.5690358378027738,1314,0.004323118424417682
token_s5_low,r_1m_std,-0.016367988113515693,0.006563572032274201,-2.4937622430334443,0.012768163667681076,1314,0.004323118424417682
token_s5_low,beta36_std,0.0020726191123732916,0.006616226108410065,0.3132630412583284,0.754133087824794,1314,0.004323118424417682
token_s5_high,conv_std,0.004137971391890386,0.0036730906094186023,1.1265639299176908,0.2601495314852391,1278,0.002245985518499749
token_s5_high,size_std,-0.014187446485931971,0.012494156365094192,-1.135526567089271,0.2563788842729644,1278,0.002245985518499749
token_s5_high,mom_3m_std,-0.010484253067189307,0.005303298196858909,-1.976930709534498,0.048275439542137644,1278,0.002245985518499749
token_s5_high,mom_12_2_std,0.006030199432260207,0.007425524290223797,0.8120907287582873,0.41689877814767007,1278,0.002245985518499749
token_s5_high,r_1m_std,-0.012543178466627081,0.00843524731943997,-1.4869959340397674,0.1372755492492157,1278,0.002245985518499749
token_s5_high,beta36_std,0.005895646053911535,0.009671082845720378,0.609615918709709,0.5422303402047066,1278,0.002245985518499749
token_s5_diff,conv_std,0.002751990598250415,0.00671359194135279,0.40991329563826434,0.681904311883152,2592,0.005880649698196017
token_s5_diff,high_val,-0.001824195354994673,0.008922243055697315,-0.20445479276983267,0.8380145872808542,2592,0.005880649698196017
token_s5_diff,conv_x_high,0.004833074719334506,0.007491581341738757,0.6451341177339168,0.5188988645796804,2592,0.005880649698196017
token_s5_diff,size_std,-0.004167591523291806,0.006192966202749452,-0.6729556381950779,0.5010370725385829,2592,0.005880649698196017
token_s5_diff,mom_3m_std,-0.002224717392661354,0.005001246984232225,-0.4448325386999229,0.6564788897214373,2592,0.005880649698196017
token_s5_diff,mom_12_2_std,-0.0003043776645427803,0.004735410880763054,-0.06427692806537064,0.948754810163754,2592,0.005880649698196017
token_s5_diff,r_1m_std,-0.014443286174149986,0.006368699191853178,-2.267854979337978,0.023422158773195534,2592,0.005880649698196017
token_s5_diff,beta36_std,0.005950594622764371,0.00737317450609967,0.807060055047059,0.4197078672282828,2592,0.005880649698196017
token_s4_fwd3,conv_std,0.008869130178063704,0.00550160226012801,1.6120994864244038,0.10707537695897829,2400,0.006542649911118303
token_s4_fwd3,size_std,-0.0020220918919156886,0.010956336644190703,-0.18455912387356657,0.8535908697390089,2400,0.006542649911118303
token_s4_fwd3,mom_3m_std,-0.018875109243635967,0.010133897905540314,-1.8625714823233748,0.06264802712546969,2400,0.006542649911118303
token_s4_fwd3,mom_12_2_std,-0.006817893363313369,0.008561172272968296,-0.7963738079235609,0.42589572109965745,2400,0.006542649911118303
token_s4_fwd3,r_1m_std,-0.01096665007468389,0.010514607749638354,-1.04299183914503,0.2970599959894884,2400,0.006542649911118303
token_s4_fwd3,beta36_std,0.026692814231646222,0.01806972512660038,1.4772119688944145,0.13975362438862104,2400,0.006542649911118303
token_s4_fwd3,val_std,0.025202536479738594,0.014008628648510747,1.799072351198193,0.07213625876020124,2400,0.006542649911118303
token_s4_fwd3,conv_x_val,0.005916145368570128,0.006070951657404803,0.9745004906033379,0.3299089945584328,2400,0.006542649911118303
token_s4_fwd6,conv_std,-0.0022550262115739296,0.006466043861954925,-0.3487489815592051,0.7273132357050263,2131,0.012214066415694558
token_s4_fwd6,size_std,-0.018362800521120274,0.016099408668949006,-1.1405885084796115,0.2541731463983834,2131,0.012214066415694558
token_s4_fwd6,mom_3m_std,-0.03335967542147859,0.015492183460941987,-2.153323029357554,0.031408478945446294,2131,0.012214066415694558
token_s4_fwd6,mom_12_2_std,-0.013768766715096435,0.014118327378729874,-0.975240646129224,0.3295548561473014,2131,0.012214066415694558
token_s4_fwd6,r_1m_std,-0.033838307115558845,0.012325307453396345,-2.7454331053002985,0.006095346457628326,2131,0.012214066415694558
token_s4_fwd6,beta36_std,0.053665563390166926,0.03328735324337899,1.6121907619928075,0.10707287569518131,2131,0.012214066415694558
token_s4_fwd6,val_std,0.046563024575182244,0.023675323179824292,1.9667323745283638,0.049347473392132635,2131,0.012214066415694558
token_s4_fwd6,conv_x_val,-0.003246492181329302,0.006141391871384127,-0.5286248214279181,0.5971224095843441,2131,0.012214066415694558
token_s6_1,conv_std,0.007139220811494317,0.0030986730690360765,2.3039606478121164,0.021303746682675095,2652,4.891523283312438e-05
token_s6_2,conv_std,0.006876522146276032,0.0035641373434095037,1.9293650843706978,0.05379761541780903,2592,0.006086074454373147
token_s6_2,size_std,-0.0029220977844922314,0.006898232920013236,-0.42360091611499606,0.6718930095696194,2592,0.006086074454373147
token_s6_2,mom_3m_std,-0.0027673410308244237,0.005005772637963436,-0.5528299487350063,0.5804288538032152,2592,0.006086074454373147
token_s6_2,mom_12_2_std,-0.001864217867705946,0.004608250670650975,-0.40453916267593165,0.6858505903951286,2592,0.006086074454373147
token_s6_2,r_1m_std,-0.0150758329651811,0.006472237414712627,-2.329307780167468,0.01992135903740877,2592,0.006086074454373147
token_s6_2,beta36_std,0.006320492380657026,0.007377934558090998,0.8566750397271646,0.3917058917546803,2592,0.006086074454373147
token_s6_3,conv_std,0.0076843313650069136,0.003831673636649542,2.0054764820017863,0.04501882346693353,2592,0.0059005079224248025
token_s6_3,size_std,-0.0009353705630578938,0.005897792364642389,-0.15859672657611604,0.8739993109671005,2592,0.0059005079224248025
token_s6_3,mom_3m_std,-0.003240740358446587,0.005235356913070086,-0.6190103964747977,0.5359654402182907,2592,0.0059005079224248025
token_s6_3,mom_12_2_std,-0.002500505291367412,0.004720777955209916,-0.5296807676810598,0.596379925966275,2592,0.0059005079224248025
token_s6_3,r_1m_std,-0.015553233528760282,0.006384932058962973,-2.4359278039501024,0.014922482751932309,2592,0.0059005079224248025
token_s6_3,beta36_std,0.006658832937685199,0.007541614722645077,0.8829452554359263,0.37735003580200077,2592,0.0059005079224248025
token_s6_3,val_std,0.005258477466765206,0.0056822576639126935,0.9254204539440612,0.3548358186127991,2592,0.0059005079224248025
token_s6_4,conv_std,0.007583475586771699,0.003919139316114589,1.9349849482487678,0.053103916150389674,2592,0.006046022910513926
token_s6_4,size_std,-0.0010171208785139593,0.005962629298013578,-0.17058261174358239,0.8645656653414853,2592,0.006046022910513926
token_s6_4,mom_3m_std,-0.0032871352307719025,0.005217483157847537,-0.6300231608467719,0.528736550965077,2592,0.006046022910513926
token_s6_4,mom_12_2_std,-0.002371417377779693,0.004672115673817135,-0.5075682074973621,0.6118006090078931,2592,0.006046022910513926
token_s6_4,r_1m_std,-0.015580499253907676,0.0063634567007182985,-2.4484332944622644,0.014415625533219067,2592,0.006046022910513926
token_s6_4,beta36_std,0.0068568607933098946,0.0076214966673264625,0.8996737901500922,0.36837983627375204,2592,0.006046022910513926
token_s6_4,val_std,0.0051716729996368225,0.0056374545010553605,0.9173773373547687,0.3590327312132464,2592,0.006046022910513926
token_s6_4,conv_x_val,0.0032499681255581934,0.00426208885749962,0.7625294155562976,0.4458154606226783,2592,0.006046022910513926
token_s6_5diff,conv_std,0.0050609586838906125,0.006598546203949094,0.7669808663098749,0.44316473919199284,2592,0.006134339279474377
token_s6_5diff,high_val,0.0017082005108128519,0.01018623587556908,0.16769693257445983,0.866835165615685,2592,0.006134339279474377
token_s6_5diff,conv_x_high,0.0034435884575310305,0.00757816706590488,0.45440915033717916,0.6495735044371975,2592,0.006134339279474377
token_s6_5diff,size_std,-0.002638837685388722,0.005977277536099086,-0.4414781929485059,0.6589047221542512,2592,0.006134339279474377
token_s6_5diff,mom_3m_std,-0.0028427993822112865,0.005069888442391067,-0.5607222751573133,0.575036728578284,2592,0.006134339279474377
token_s6_5diff,mom_12_2_std,-0.0018417301976677463,0.0047287987085642726,-0.3894710498740854,0.6969606321609565,2592,0.006134339279474377
token_s6_5diff,r_1m_std,-0.01517476243489762,0.006301293310695799,-2.4081980772328144,0.01610287262813337,2592,0.006134339279474377
token_s6_5diff,beta36_std,0.006448767355167133,0.007541810366410183,0.8550688815895903,0.39259430053026145,2592,0.006134339279474377
token_s7a_vw,conv_vw_std,-0.0029834581911580274,0.006247610918314611,-0.4775358501298703,0.6331413795194085,710,0.005058005324268922
token_s7a_vw,size_std,0.007245944683629252,0.005887749489262992,1.2306815527466122,0.21888783119049204,710,0.005058005324268922
token_s7a_vw,mom_3m_std,-0.013091743589264744,0.006552189196876137,-1.9980716667196434,0.04612570692915274,710,0.005058005324268922
token_s7a_vw,mom_12_2_std,0.006162731097771368,0.007313615589141748,0.842638093656569,0.3997413014888409,710,0.005058005324268922
token_s7a_vw,r_1m_std,-0.007045520746228463,0.007463611894940167,-0.9439827318734054,0.3455297525672396,710,0.005058005324268922
token_s7a_vw,beta36_std,0.0023944006536403923,0.005667435588834153,0.4224839640626501,0.6728117348056344,710,0.005058005324268922
token_s7b_both,conv_std,0.004825767242475042,0.010802275784402338,0.4467361636372107,0.655214828738008,710,0.004126845251000044
token_s7b_both,conv_vw_std,-0.005801930017555461,0.010001463258860954,-0.5801081169213065,0.5620433628243566,710,0.004126845251000044
token_s7b_both,size_std,0.007228010395072027,0.005705079687443342,1.2669429335019802,0.20563085414552384,710,0.004126845251000044
token_s7b_both,mom_3m_std,-0.013227759968167208,0.006632301664908294,-1.99444486039525,0.04652196699856792,710,0.004126845251000044
token_s7b_both,mom_12_2_std,0.0062998207048735825,0.0072558779525459085,0.8682368620413649,0.3855861095792841,710,0.004126845251000044
token_s7b_both,r_1m_std,-0.00711281357780289,0.0074565360574480625,-0.9539031962030358,0.34048833891675034,710,0.004126845251000044
token_s7b_both,beta36_std,0.00206730575185712,0.005963200757594102,0.346677201706553,0.7289463856176961,710,0.004126845251000044
token_s7c_lz_sub,conv_std,-0.00021151551344695887,0.006806905140921814,-0.031073668439327583,0.9752203423690451,710,0.005069024882532247
token_s7c_lz_sub,size_std,0.007664246128398896,0.006018854430931917,1.273372901163888,0.20334163839881136,710,0.005069024882532247
token_s7c_lz_sub,mom_3m_std,-0.012960813760374683,0.006712755449842288,-1.930774010347597,0.05394626413571646,710,0.005069024882532247
token_s7c_lz_sub,mom_12_2_std,0.006012599050579401,0.007411596963066396,0.8112420414306787,0.41752409297343007,710,0.005069024882532247
token_s7c_lz_sub,r_1m_std,-0.006952143137997487,0.007542727036459641,-0.921701541682813,0.35702677279352857,710,0.005069024882532247
token_s7c_lz_sub,beta36_std,0.0019607134008783325,0.006040441357291638,0.3245977048533852,0.7455901606358872,710,0.005069024882532247
pooled_s2x,conv_std,0.004558304920013792,0.008542539079382662,0.5336007102402631,0.5936548076578139,3272,0.0032542933185708556
pooled_s2x,conv_x_token,0.0013702158744160187,0.009538787540653789,0.14364675474490168,0.8857884464045223,3272,0.0032542933185708556
pooled_s2x,token_dum,-0.014811722453370823,0.009248409162760476,-1.6015427294254574,0.1093552828872415,3272,0.0032542933185708556
pooled_s2x,size_std,0.002209028240565167,0.005902468228110922,0.3742549989586584,0.7082393591657201,3272,0.0032542933185708556
pooled_s2x,mom_3m_std,-0.0012706225871017733,0.004487820019394327,-0.2831269038443426,0.7770978380893121,3272,0.0032542933185708556
pooled_s2x,mom_12_2_std,-7.267259614639845e-05,0.0049729735200514736,-0.01461350957397542,0.9883414306085885,3272,0.0032542933185708556
pooled_s2x,r_1m_std,-0.011722779805225366,0.006260500768814916,-1.8724987406150315,0.061228587308134186,3272,0.0032542933185708556
pooled_s2x,beta36_std,0.001604067854106009,0.006833824254294017,0.23472477406747722,0.8144373473898909,3272,0.0032542933185708556
pooled_s4x,conv_std,0.004112025268842377,0.008663940113477684,0.4746137686761803,0.6350946366212686,3272,0.003187019073747077
pooled_s4x,conv_x_token,0.0026122201974914908,0.009618783042459694,0.2715749160741544,0.7859663852474297,3272,0.003187019073747077
pooled_s4x,token_dum,-0.014857413816369673,0.009234880756953015,-1.6088365629608599,0.1077506035008926,3272,0.003187019073747077
pooled_s4x,size_std,0.003969905111230474,0.005107015176593782,0.7773435116122517,0.43701351994271764,3272,0.003187019073747077
pooled_s4x,mom_3m_std,-0.001756373684160437,0.004616967055668723,-0.380417200942328,0.703660965705688,3272,0.003187019073747077
pooled_s4x,mom_12_2_std,-0.0005161365330772717,0.005036180860639661,-0.10248570243200433,0.918377574333634,3272,0.003187019073747077
pooled_s4x,r_1m_std,-0.012165788101207756,0.0061461691348229635,-1.9794099111719585,0.04785533659841579,3272,0.003187019073747077
pooled_s4x,beta36_std,0.0023727459357176604,0.007233467718950617,0.328023297802438,0.7429154806783242,3272,0.003187019073747077
pooled_s4x,val_std,0.005273786032408784,0.004248008400984422,1.2414725995331486,0.21452209194177074,3272,0.003187019073747077
pooled_s4x,conv_x_val,-9.908213695955123e-05,0.0038877376796761652,-0.02548580823174377,0.9796690553229761,3272,0.003187019073747077
