spec,var,coef,se,t,p,n,n_assets
coin_full_single_ma_dist,ma_dist_std,0.011899280119024162,0.009009440859566108,1.32075678219139,0.1870635566612493,686,23
coin_full_single_vol12,vol12_std,-0.01204233335506033,0.008378998451159254,-1.4372043896719238,0.15115796208649446,686,23
coin_full_single_ivol,ivol_std,-0.014561495791095235,0.00869968163662717,-1.6737963984554112,0.09466856897262144,686,23
coin_full_single_amihud,amihud_std,-0.022337749042078095,0.008422692821130942,-2.652091144299708,0.008201538743611847,686,23
coin_full_single_skew36,skew36_std,-0.009943877391211503,0.008643192364346745,-1.1504866456785223,0.2504127478711635,644,22
coin_full_joint_completed,conv_std,0.0013545758931165744,0.007242402238843317,0.1870340597559676,0.8516999022412617,644,22
coin_full_joint_completed,raw_val_std,0.017297749900986873,0.012354954183275884,1.4000658880954604,0.16203291174723766,644,22
coin_full_joint_completed,supply_g12_std,0.011058776610601362,0.012628082296319879,0.8757288993772356,0.38154310351265686,644,22
coin_full_joint_completed,high52_std,-0.013244463693401737,0.02314250267304615,-0.5723004067674771,0.5673421570832069,644,22
coin_full_joint_completed,r_1m_std,-0.009045382225596414,0.011277415505530053,-0.8020793612828111,0.42283841091123775,644,22
coin_full_joint_completed,mom_3m_std,-0.006691733078427297,0.010069650516524493,-0.6645447195457312,0.506608148283247,644,22
coin_full_joint_completed,mom_12_2_std,-0.0010588655690867272,0.007795774521905,-0.1358255765493817,0.8920067081837595,644,22
coin_full_joint_completed,ma_dist_std,0.01638447181551002,0.024915766302821524,0.6575945373855349,0.5110618571535088,644,22
coin_full_joint_completed,vol12_std,-0.0026382672556942333,0.006841754529812977,-0.3856126735032617,0.6999261633678415,644,22
coin_full_joint_completed,ivol_std,-0.010215747403316813,0.013355439037053343,-0.7649128849283227,0.4446372360873796,644,22
coin_full_joint_completed,amihud_std,-0.02531770763294458,0.006406255822944622,-3.9520288188096977,8.713519885072962e-05,644,22
coin_full_joint_completed,skew36_std,-0.005674841589309403,0.012834679558344157,-0.44214906679302657,0.6585475918608605,644,22
coin_full_joint_completed_int,conv_std,-0.009404595774264429,0.006998331827238458,-1.3438339316321732,0.17953396263561072,644,22
coin_full_joint_completed_int,raw_val_std,0.020700116186061445,0.015603130139975831,1.3266643295518594,0.18514821279343252,644,22
coin_full_joint_completed_int,supply_g12_std,0.010536554742667693,0.012054315908180657,0.8740898133851847,0.3824355367739065,644,22
coin_full_joint_completed_int,high52_std,-0.011841876473963968,0.021766119191843902,-0.5440508879691011,0.5866180821116158,644,22
coin_full_joint_completed_int,r_1m_std,-0.009379908542748436,0.010949478796860888,-0.8566534276898702,0.3919945620719809,644,22
coin_full_joint_completed_int,mom_3m_std,-0.007734784626835328,0.01044190730764502,-0.7407444252231891,0.4591518502469998,644,22
coin_full_joint_completed_int,mom_12_2_std,-0.0037798959883288794,0.008319144056175943,-0.4543611653800815,0.6497409636865452,644,22
coin_full_joint_completed_int,ma_dist_std,0.011476008585956904,0.023999000950979246,0.47818692992254086,0.6326995484388487,644,22
coin_full_joint_completed_int,vol12_std,0.0020837629179639786,0.00750981012544914,0.2774721175576133,0.7815176903870986,644,22
coin_full_joint_completed_int,ivol_std,-0.022043164847822726,0.016835589822022275,-1.3093194287133638,0.19095094732997886,644,22
coin_full_joint_completed_int,amihud_std,-0.027618271322785104,0.006154743227666213,-4.487314953877863,8.720331188483144e-06,644,22
coin_full_joint_completed_int,skew36_std,-0.004634390855504992,0.011707826921006395,-0.39583698040409904,0.6923726355930717,644,22
coin_full_joint_completed_int,val_std,0.00024989743000127543,0.00843029868512597,0.02964277297104347,0.9763622738213009,644,22
coin_full_joint_completed_int,conv_x_val,-0.023544277815071624,0.008773660618447369,-2.6835181845953526,0.007495736460851221,644,22
coin_sub2024_single_ma_dist,ma_dist_std,0.014936260882598638,0.011004227220638074,1.3573202900232886,0.17535232871345574,484,23
coin_sub2024_single_vol12,vol12_std,-0.019327889885681293,0.00845464080765456,-2.2860687195820835,0.022709074853450417,484,23
coin_sub2024_single_ivol,ivol_std,-0.020916073957388953,0.009974236919311057,-2.0970099393662363,0.03654408236341444,484,23
coin_sub2024_single_amihud,amihud_std,-0.028623431298037894,0.008850569616080299,-3.2340778661333793,0.0013091928913258055,484,23
coin_sub2024_single_skew36,skew36_std,-0.012527091032165311,0.01104870703589282,-1.1338060635936689,0.257510568884604,457,22
coin_sub2024_joint_completed,conv_std,-0.0034009251712039112,0.008648505107874337,-0.3932384994613021,0.6943443010062567,457,22
coin_sub2024_joint_completed,raw_val_std,0.032894960084766854,0.015649493903512546,2.101982357230322,0.03615403386012761,457,22
coin_sub2024_joint_completed,supply_g12_std,-0.0009206776415523323,0.00894660646590111,-0.10290802943679056,0.9180854344281457,457,22
coin_sub2024_joint_completed,high52_std,-0.004830907349514299,0.027355738940484584,-0.17659575418614973,0.8599116638832305,457,22
coin_sub2024_joint_completed,r_1m_std,-0.023481868565630674,0.012459972554001098,-1.88458429293171,0.060181225235775404,457,22
coin_sub2024_joint_completed,mom_3m_std,-0.022153769552974607,0.012075013223679648,-1.8346786991114892,0.06726553016003711,457,22
coin_sub2024_joint_completed,mom_12_2_std,0.011062915730695327,0.010142822674811994,1.0907137081444034,0.27602871128019135,457,22
coin_sub2024_joint_completed,ma_dist_std,0.01820774471708248,0.03177756893473128,0.572974753181397,0.5669706138506481,457,22
coin_sub2024_joint_completed,vol12_std,-0.01421029107478318,0.008090041707358804,-1.7565164171968755,0.0797342451217733,457,22
coin_sub2024_joint_completed,ivol_std,-0.013299741723605622,0.013038648820605746,-1.020024536789982,0.30830823012174857,457,22
coin_sub2024_joint_completed,amihud_std,-0.020084531173222175,0.008686827259695731,-2.3120675216380056,0.021260344001813092,457,22
coin_sub2024_joint_completed,skew36_std,-0.006594804546296852,0.015002296211099638,-0.4395863442169341,0.6604644526522407,457,22
coin_sub2024_joint_completed_int,conv_std,-0.010424960300597795,0.007523274859541323,-1.3856944608871278,0.166584425525512,457,22
coin_sub2024_joint_completed_int,raw_val_std,0.040968245085537335,0.01746541870526042,2.345677809212675,0.01946250238963665,457,22
coin_sub2024_joint_completed_int,supply_g12_std,-0.0006883200611661072,0.007162369022602219,-0.09610228947907909,0.923485722597162,457,22
coin_sub2024_joint_completed_int,high52_std,-0.001439129346943422,0.026732510536041386,-0.05383442550235432,0.9570929869601306,457,22
coin_sub2024_joint_completed_int,r_1m_std,-0.023504076642176124,0.012286559688382532,-1.9129908809542702,0.05643712035146864,457,22
coin_sub2024_joint_completed_int,mom_3m_std,-0.022237255339793188,0.012493593550898244,-1.7798926505172252,0.0758251630623632,457,22
coin_sub2024_joint_completed_int,mom_12_2_std,0.007273077270970897,0.010313616803688896,0.7051917294784036,0.48108653144157887,457,22
coin_sub2024_joint_completed_int,ma_dist_std,0.010902978110701988,0.03244681142132433,0.3360261804812184,0.7370209500805402,457,22
coin_sub2024_joint_completed_int,vol12_std,-0.006655465136896633,0.00870742680842695,-0.7643435062188004,0.44509693727438115,457,22
coin_sub2024_joint_completed_int,ivol_std,-0.026501454048911202,0.014750824859624478,-1.7966082779174064,0.07312490674734651,457,22
coin_sub2024_joint_completed_int,amihud_std,-0.02066066634948586,0.008330503621452462,-2.4801221256637036,0.013529483747720228,457,22
coin_sub2024_joint_completed_int,skew36_std,-0.007612457178210968,0.014624347998534709,-0.5205330985677926,0.6029696575610655,457,22
coin_sub2024_joint_completed_int,val_std,-0.009582653688156318,0.009419285355694466,-1.0173440262496227,0.3095825229892861,457,22
coin_sub2024_joint_completed_int,conv_x_val,-0.01879042805295307,0.005934721467674605,-3.1661853307356145,0.001658489318816736,457,22
token_full_single_ma_dist,ma_dist_std,-0.012047571089585343,0.005459432432073588,-2.206744243010892,0.027420984084614464,2601,98
token_full_single_vol12,vol12_std,3.8707701456635213e-07,0.0052889354479354524,7.318618621398537e-05,0.9999416115322732,2638,98
token_full_single_ivol,ivol_std,-0.004582061471643055,0.003306443118270128,-1.3857977614447234,0.16592811244126437,2645,98
token_full_single_amihud,amihud_std,0.004297862092631393,0.0050681349955090695,0.8480164984633947,0.3965072646399779,2645,98
token_full_single_skew36,skew36_std,-0.004002996856909342,0.00386284173230843,-1.0362829062937444,0.30017785167948885,2385,94
token_full_single_pf_ln,pf_ln_std,-0.010271732333270665,0.004102462186602143,-2.5037969555980744,0.012413096474320984,1312,50
token_full_single_prev_gl_ln,prev_gl_ln_std,-0.0019030281969955377,0.004537576691544104,-0.41939306514463587,0.6750312490512274,934,34
token_full_single_pf_gl_ln,pf_gl_ln_std,-0.0031933740243056306,0.004719616768151834,-0.6766172299951658,0.4987949432747649,1128,42
token_full_joint_completed,conv_std,0.0008503513882218484,0.0034281322600095364,0.24805092794741906,0.8041174289026531,2340,93
token_full_joint_completed,raw_val_std,-0.00512047997759867,0.003729577027778058,-1.3729385234467888,0.16990700697661976,2340,93
token_full_joint_completed,supply_g12_std,0.002196035569542856,0.0056369891911762495,0.3895759766544128,0.6968866481423688,2340,93
token_full_joint_completed,high52_std,-0.0109139579878724,0.011615893987257682,-0.9395710738962247,0.3475375397114182,2340,93
token_full_joint_completed,r_1m_std,-0.006819174039164723,0.008014775738062857,-0.850825308408803,0.39495609817670907,2340,93
token_full_joint_completed,mom_3m_std,0.009663373845941374,0.009744718573046856,0.9916524293138156,0.3214727475496746,2340,93
token_full_joint_completed,mom_12_2_std,0.0075183837048013345,0.00497721338726674,1.5105608539982833,0.13103949416744487,2340,93
token_full_joint_completed,ma_dist_std,-0.01129000155926509,0.012525177007156017,-0.9013845914364935,0.3674794527699381,2340,93
token_full_joint_completed,vol12_std,-0.00370083821904697,0.0061671093101197385,-0.6000928527364007,0.5485042279058021,2340,93
token_full_joint_completed,ivol_std,-0.011144463367658805,0.005769534269609483,-1.9316053682809877,0.05353251446503715,2340,93
token_full_joint_completed,amihud_std,0.0015335897201718028,0.004934722449047583,0.31077527378825337,0.7559999883706503,2340,93
token_full_joint_completed,skew36_std,0.0053019262904495925,0.006218404460376251,0.8526184368085947,0.3939608433972166,2340,93
token_full_joint_completed+pf,conv_std,0.0011049943706950079,0.005763584902057185,0.19171997801240068,0.8479975612955395,1145,47
token_full_joint_completed+pf,raw_val_std,-0.0034812415142882656,0.009550618475971977,-0.36450430127081124,0.7155527523118022,1145,47
token_full_joint_completed+pf,supply_g12_std,0.0018811635331351178,0.007546579246269463,0.2492736737727948,0.803196448976546,1145,47
token_full_joint_completed+pf,high52_std,-0.016554413456853483,0.01233245445249592,-1.3423453960945377,0.17976586339565048,1145,47
token_full_joint_completed+pf,r_1m_std,-0.0040630326502497606,0.009786039077228952,-0.41518663661419414,0.6780876710755839,1145,47
token_full_joint_completed+pf,mom_3m_std,0.004676236644809285,0.012668174039654858,0.36913264928089734,0.7121011427307196,1145,47
token_full_joint_completed+pf,mom_12_2_std,0.017713864886015725,0.0061727862782350726,2.869670856493753,0.004189013623394633,1145,47
token_full_joint_completed+pf,ma_dist_std,-0.0064635586542320005,0.01846102463679348,-0.3501191716818306,0.7263174682498055,1145,47
token_full_joint_completed+pf,vol12_std,-0.005920324294801146,0.010795302431109509,-0.548416714824049,0.5835190388462839,1145,47
token_full_joint_completed+pf,ivol_std,-0.02546955216245845,0.011468154525994829,-2.2208937021843136,0.02656480256704552,1145,47
token_full_joint_completed+pf,amihud_std,-0.00035859812918609835,0.004780283251894466,-0.0750160838364511,0.9402157943865552,1145,47
token_full_joint_completed+pf,skew36_std,0.009044965885679325,0.007676852553746842,1.1782127925935932,0.23897108087859475,1145,47
token_full_joint_completed+pf,pf_ln_std,-0.009040965025967022,0.003893222133147176,-2.322232001352193,0.020405477428899532,1145,47
token_full_joint_completed_pfcov_nofee,conv_std,0.0014448651616647621,0.006016621610279059,0.24014559253589945,0.8102628789766766,1145,47
token_full_joint_completed_pfcov_nofee,raw_val_std,-0.011310703341463224,0.0082798584804429,-1.3660503217753306,0.1722070215730318,1145,47
token_full_joint_completed_pfcov_nofee,supply_g12_std,0.001828007347807527,0.007402822767497061,0.24693382581487727,0.8050062806593601,1145,47
token_full_joint_completed_pfcov_nofee,high52_std,-0.014664041326500371,0.01220311144042981,-1.2016641327979125,0.2297566300944791,1145,47
token_full_joint_completed_pfcov_nofee,r_1m_std,-0.003897150102443133,0.009869374511582209,-0.39487305886200086,0.6930143995029869,1145,47
token_full_joint_completed_pfcov_nofee,mom_3m_std,0.004582935705309119,0.012645424457063119,0.36241849539098026,0.7171100955614547,1145,47
token_full_joint_completed_pfcov_nofee,mom_12_2_std,0.018514147712524052,0.006157734655646805,3.006649157177647,0.0027024146069500876,1145,47
token_full_joint_completed_pfcov_nofee,ma_dist_std,-0.007971153857925645,0.018553902971844036,-0.4296214047266524,0.6675566028181703,1145,47
token_full_joint_completed_pfcov_nofee,vol12_std,-0.007176324383828786,0.010625755105835492,-0.6753707677572641,0.4995845352543724,1145,47
token_full_joint_completed_pfcov_nofee,ivol_std,-0.02527937469270191,0.011524079915295873,-2.1936132757243967,0.028475377042473493,1145,47
token_full_joint_completed_pfcov_nofee,amihud_std,0.0015475248485090553,0.005186475117915868,0.2983769927215832,0.7654727359351716,1145,47
token_full_joint_completed_pfcov_nofee,skew36_std,0.008673534673212262,0.007626491529137184,1.1372902782458785,0.255668747081637,1145,47
token_full_joint_completed+prevgl,conv_std,-0.011931492007209875,0.00681872812734044,-1.7498119567737636,0.08054298625282907,846,32
token_full_joint_completed+prevgl,raw_val_std,-0.0163918596745445,0.009895061609490675,-1.65656974372171,0.0980076355296462,846,32
token_full_joint_completed+prevgl,supply_g12_std,0.007929542576056561,0.008528913533870515,0.9297248171840766,0.3528004831459526,846,32
token_full_joint_completed+prevgl,high52_std,-0.021471439763463235,0.015472009354132963,-1.387760262549717,0.16560534264449256,846,32
token_full_joint_completed+prevgl,r_1m_std,-0.009359429802652927,0.010782785081919582,-0.8679974358708757,0.38566202321842,846,32
token_full_joint_completed+prevgl,mom_3m_std,0.002863707136731217,0.01669267810215897,0.17155468518624556,0.8638320175989613,846,32
token_full_joint_completed+prevgl,mom_12_2_std,0.016340443761030478,0.00599284844824725,2.726657265262502,0.006541215936872291,846,32
token_full_joint_completed+prevgl,ma_dist_std,0.004179086034133791,0.02459133442619623,0.1699414095105781,0.8651001683339883,846,32
token_full_joint_completed+prevgl,vol12_std,-0.010464394712979953,0.011733375947979994,-0.8918485829972483,0.37274843080030173,846,32
token_full_joint_completed+prevgl,ivol_std,-0.00950629140884411,0.014560757590196906,-0.6528706593703794,0.5140315486017695,846,32
token_full_joint_completed+prevgl,amihud_std,0.010330171938818886,0.0032059328269937594,3.222204736119069,0.0013247649269232387,846,32
token_full_joint_completed+prevgl,skew36_std,0.00553666795741067,0.011156713273913902,0.4962633547602451,0.6198480727982281,846,32
token_full_joint_completed+prevgl,prev_gl_ln_std,0.0019945662083342155,0.0057050887699166275,0.3496117744655818,0.7267242019896978,846,32
token_full_joint_completed_prevglcov_nofee,conv_std,-0.012426610041424977,0.0061904074185671195,-2.007397769031063,0.045050516233946514,846,32
token_full_joint_completed_prevglcov_nofee,raw_val_std,-0.016105846503558584,0.010037838451161478,-1.6045134200874667,0.10900416821967296,846,32
token_full_joint_completed_prevglcov_nofee,supply_g12_std,0.007805866035070895,0.008502267442191841,0.9180922722255115,0.35885327113220367,846,32
token_full_joint_completed_prevglcov_nofee,high52_std,-0.02126347656457196,0.015660532015899172,-1.3577748535608154,0.17492628800996513,846,32
token_full_joint_completed_prevglcov_nofee,r_1m_std,-0.009481114076022399,0.010588529704742227,-0.8954136542466461,0.37084118070836625,846,32
token_full_joint_completed_prevglcov_nofee,mom_3m_std,0.0029377673565210783,0.016672784726726782,0.17620136076079618,0.8601813127818978,846,32
token_full_joint_completed_prevglcov_nofee,mom_12_2_std,0.01605869492121542,0.006043278583574484,2.65728192058904,0.008037882712522704,846,32
token_full_joint_completed_prevglcov_nofee,ma_dist_std,0.004412080205262612,0.024519930481319292,0.17993852831776955,0.8572473840006116,846,32
token_full_joint_completed_prevglcov_nofee,vol12_std,-0.009966061757241235,0.011143869579809113,-0.8943089010390184,0.3714314458074146,846,32
token_full_joint_completed_prevglcov_nofee,ivol_std,-0.010241945584663981,0.014007357998172088,-0.7311832528304424,0.464885977011136,846,32
token_full_joint_completed_prevglcov_nofee,amihud_std,0.009822911407151391,0.003553196033651485,2.7645284172674134,0.0058345368379153495,846,32
token_full_joint_completed_prevglcov_nofee,skew36_std,0.00578022850779288,0.010949169612661892,0.5279147837027276,0.5977080527749732,846,32
token_sub2024_single_ma_dist,ma_dist_std,-0.011468462616988988,0.007132364827549062,-1.6079467181335936,0.10804086877118158,1656,85
token_sub2024_single_vol12,vol12_std,-0.0038793378689672927,0.004941451762928284,-0.7850603537346711,0.4325317130158539,1667,85
token_sub2024_single_ivol,ivol_std,-0.009751280204143608,0.0037213381989654785,-2.6203692550315463,0.008863968201964223,1681,85
token_sub2024_single_amihud,amihud_std,0.003642411077520075,0.005151887051911844,0.7070052275638286,0.47966336595087866,1674,85
token_sub2024_single_skew36,skew36_std,-0.007572402963229098,0.005071765141624926,-1.493050792332825,0.13562846256351002,1571,82
token_sub2024_single_pf_ln,pf_ln_std,-0.014753560890261178,0.005471164392525876,-2.696603470810697,0.007134914779385104,936,50
token_sub2024_single_prev_gl_ln,prev_gl_ln_std,0.0010700992334005824,0.006239989215843439,0.17149055813807854,0.8638895270327571,703,34
token_sub2024_single_pf_gl_ln,pf_gl_ln_std,-0.001113748916306567,0.00643197454262605,-0.17315816611609985,0.8625709611764065,828,42
token_sub2024_joint_completed,conv_std,0.002456109679293305,0.003794886715161387,0.6472155465091012,0.5175912191381253,1544,82
token_sub2024_joint_completed,raw_val_std,-0.007850653887245712,0.004260767158038572,-1.842544686450252,0.06559223398661795,1544,82
token_sub2024_joint_completed,supply_g12_std,0.0054756734990447364,0.009417484889755811,0.5814369296202521,0.5610331414132386,1544,82
token_sub2024_joint_completed,high52_std,0.0046219789156958,0.012275602553222426,0.3765174781161761,0.7065853334021996,1544,82
token_sub2024_joint_completed,r_1m_std,-0.01734386782741634,0.008168507828589869,-2.1232602320233576,0.033894954737691885,1544,82
token_sub2024_joint_completed,mom_3m_std,-0.004502091144199301,0.010951131842724214,-0.41110738221916576,0.6810523656051886,1544,82
token_sub2024_joint_completed,mom_12_2_std,0.017368922626529754,0.00602995535150012,2.8804396739370133,0.0040274833481344086,1544,82
token_sub2024_joint_completed,ma_dist_std,-0.014958375731214281,0.015187314841435505,-0.9849256361238651,0.32481901541300884,1544,82
token_sub2024_joint_completed,vol12_std,-0.002163886773156945,0.0068491895610114945,-0.3159332580711024,0.7520970037739709,1544,82
token_sub2024_joint_completed,ivol_std,-0.012554263851410858,0.007505427700705864,-1.6726913311322904,0.09459605417391792,1544,82
token_sub2024_joint_completed,amihud_std,0.005985966598188648,0.005533546645716097,1.081759490149559,0.27953282415752856,1544,82
token_sub2024_joint_completed,skew36_std,0.0027000824589801997,0.008276135716803943,0.3262491761098029,0.7442812274512249,1544,82
token_sub2024_joint_completed+pf,conv_std,0.0004981307230917157,0.006893884092963865,0.07225690429001047,0.9424152979359217,851,47
token_sub2024_joint_completed+pf,raw_val_std,-0.009940775084425441,0.012547070824027068,-0.7922785504158717,0.4284302459854654,851,47
token_sub2024_joint_completed+pf,supply_g12_std,0.006799294490189927,0.012102607751419477,0.5618040863459745,0.5744049204539117,851,47
token_sub2024_joint_completed+pf,high52_std,-0.005440167057065527,0.012873219044231938,-0.4225957034035776,0.6727024184207935,851,47
token_sub2024_joint_completed+pf,r_1m_std,-0.012249122246567774,0.009615757230115757,-1.273859349132124,0.20307865747743126,851,47
token_sub2024_joint_completed+pf,mom_3m_std,-0.0008991061364710835,0.014613645834719788,-0.06152510787793589,0.9509561965415325,851,47
token_sub2024_joint_completed+pf,mom_12_2_std,0.016027786964903878,0.00855102139001679,1.874371052751209,0.06123901593605363,851,47
token_sub2024_joint_completed+pf,ma_dist_std,-0.005208707734530622,0.021430984020279854,-0.2430456636802907,0.8080315566698135,851,47
token_sub2024_joint_completed+pf,vol12_std,-0.0028900755274276894,0.011475992212597442,-0.2518366581196519,0.8012312030216455,851,47
token_sub2024_joint_completed+pf,ivol_std,-0.028262071730865475,0.012706532207484881,-2.2242159598995457,0.026408857200790115,851,47
token_sub2024_joint_completed+pf,amihud_std,0.002576432732049609,0.005204526257335545,0.4950369360550815,0.6207083019002972,851,47
token_sub2024_joint_completed+pf,skew36_std,0.0054762379540049455,0.010152662202060805,0.5393893586741583,0.5897664536255032,851,47
token_sub2024_joint_completed+pf,pf_ln_std,-0.010337414987063455,0.005782405603951174,-1.7877360557342776,0.07419234248854156,851,47
token_sub2024_joint_completed_pfcov_nofee,conv_std,0.0010182696948614742,0.006917565231552058,0.1472005916499338,0.8830102788097429,851,47
token_sub2024_joint_completed_pfcov_nofee,raw_val_std,-0.01955090439861215,0.010142146345013058,-1.9276890446592132,0.05424273141458147,851,47
token_sub2024_joint_completed_pfcov_nofee,supply_g12_std,0.0068067252576619166,0.011655120035323428,0.5840115963655994,0.5593749077732701,851,47
token_sub2024_joint_completed_pfcov_nofee,high52_std,-0.0033196357768029176,0.012402153940086138,-0.2676660677524102,0.7890244283971701,851,47
token_sub2024_joint_completed_pfcov_nofee,r_1m_std,-0.012324149481630109,0.009781615718555372,-1.2599298353391293,0.2080571058494216,851,47
token_sub2024_joint_completed_pfcov_nofee,mom_3m_std,-0.0010251209398127274,0.014575168643492942,-0.07033338446278567,0.943945650264558,851,47
token_sub2024_joint_completed_pfcov_nofee,mom_12_2_std,0.016049375550667204,0.008499188870275124,1.888342028354957,0.05933672620040631,851,47
token_sub2024_joint_completed_pfcov_nofee,ma_dist_std,-0.006261945632792741,0.021370048350335583,-0.2930244017297418,0.7695784586638668,851,47
token_sub2024_joint_completed_pfcov_nofee,vol12_std,-0.003562925533469528,0.0112952187186812,-0.3154366128012017,0.7525113215708228,851,47
token_sub2024_joint_completed_pfcov_nofee,ivol_std,-0.027672119852890382,0.012657434555462132,-2.1862344799522493,0.029083632160966433,851,47
token_sub2024_joint_completed_pfcov_nofee,amihud_std,0.00440566896314625,0.005507125977860532,0.7999942221873435,0.4239484070996753,851,47
token_sub2024_joint_completed_pfcov_nofee,skew36_std,0.0036572951007721997,0.009627927075210476,0.3798631909239142,0.7041464247989908,851,47
token_sub2024_joint_completed+prevgl,conv_std,-0.011422540650063207,0.008212477138682051,-1.3908764015014732,0.16477004715084043,651,32
token_sub2024_joint_completed+prevgl,raw_val_std,-0.029066365276666686,0.011342979061580851,-2.56249836298435,0.010631111530204018,651,32
token_sub2024_joint_completed+prevgl,supply_g12_std,0.009752944028270039,0.01197024185084147,0.8147658292789162,0.4155243379731859,651,32
token_sub2024_joint_completed+prevgl,high52_std,-0.01802856403299062,0.01600667153885249,-1.126315610914515,0.2604748528185217,651,32
token_sub2024_joint_completed+prevgl,r_1m_std,-0.013790582751769939,0.011144322612036713,-1.2374536552697304,0.21639482765378681,651,32
token_sub2024_joint_completed+prevgl,mom_3m_std,0.0018428508051454488,0.019168944374570188,0.09613731299623378,0.9234430918816812,651,32
token_sub2024_joint_completed+prevgl,mom_12_2_std,0.018340533887553318,0.006949866515584938,2.6389764244284453,0.008528111923521209,651,32
token_sub2024_joint_completed+prevgl,ma_dist_std,0.006051325052796994,0.028033473214697856,0.21586069647710668,0.8291684937907473,651,32
token_sub2024_joint_completed+prevgl,vol12_std,-0.008074964657634598,0.011755133741168025,-0.6869309048654214,0.49238732723619405,651,32
token_sub2024_joint_completed+prevgl,ivol_std,-0.01343541686118882,0.01722389221671564,-0.7800453400509476,0.43566674601180466,651,32
token_sub2024_joint_completed+prevgl,amihud_std,0.014415049269426577,0.0037173786066972145,3.8777457973897205,0.00011687672663507342,651,32
token_sub2024_joint_completed+prevgl,skew36_std,-0.0013262176365581855,0.013946244399577935,-0.09509496596792193,0.9242706259623144,651,32
token_sub2024_joint_completed+prevgl,prev_gl_ln_std,0.003641082467581949,0.007404039243162836,0.4917697418938264,0.6230590394127922,651,32
token_sub2024_joint_completed_prevglcov_nofee,conv_std,-0.012110965099099046,0.007794770965001655,-1.5537294365000593,0.1207667645121584,651,32
token_sub2024_joint_completed_prevglcov_nofee,raw_val_std,-0.02878084681601957,0.011575386925241458,-2.486383133617731,0.013170907791030695,651,32
token_sub2024_joint_completed_prevglcov_nofee,supply_g12_std,0.009882061261802215,0.012220923546196317,0.8086182050355712,0.4190495258833653,651,32
token_sub2024_joint_completed_prevglcov_nofee,high52_std,-0.01758806521054728,0.016392508450222897,-1.0729331184397302,0.2837246973560892,651,32
token_sub2024_joint_completed_prevglcov_nofee,r_1m_std,-0.01417950172976846,0.010628666809042071,-1.3340809326815668,0.182674354978958,651,32
token_sub2024_joint_completed_prevglcov_nofee,mom_3m_std,0.001747771244483029,0.0190806841477028,0.09159898203615778,0.9270466827585435,651,32
token_sub2024_joint_completed_prevglcov_nofee,mom_12_2_std,0.018159341117589087,0.007227014728814812,2.5127029346136553,0.012237404579383604,651,32
token_sub2024_joint_completed_prevglcov_nofee,ma_dist_std,0.006718589571516789,0.027837316589681287,0.24135191155627517,0.8093633524254864,651,32
token_sub2024_joint_completed_prevglcov_nofee,vol12_std,-0.0072145069226132496,0.011272656975783174,-0.6400005729006065,0.5224121351458546,651,32
token_sub2024_joint_completed_prevglcov_nofee,ivol_std,-0.015085179139173234,0.015637748148383358,-0.9646644130621039,0.3350945676478514,651,32
token_sub2024_joint_completed_prevglcov_nofee,amihud_std,0.01357761448092219,0.0033589488410066285,4.0422212792181655,5.971298417972726e-05,651,32
token_sub2024_joint_completed_prevglcov_nofee,skew36_std,-0.000957006319213081,0.01329885680275634,-0.07196154777865797,0.9426560577032719,651,32
