cohort,project,slug,month,pq_usd,tvl_usd,turnover
lending,aave,aave-v3,2022-03,29367501917.836056,41797769.0,702.6093167277912
lending,aave,aave-v3,2022-04,25108656080.46714,1366877860.0,18.369348729130152
lending,aave,aave-v3,2022-05,7854698722.158868,1125618467.0,6.978118210065638
lending,aave,aave-v3,2022-06,8592288961.370525,1032767722.0,8.31967225382604
lending,aave,aave-v3,2022-07,4295160219.656409,1207556950.0,3.5569007487857274
lending,aave,aave-v3,2022-08,8342036784.406818,1208775739.0,6.901227841740145
lending,aave,aave-v3,2022-09,5388383121.844758,1202751656.0,4.4800463129395665
lending,aave,aave-v3,2022-10,3322993546.9903736,1082337204.0,3.0702017215240933
lending,aave,aave-v3,2022-11,5923960116.907951,497191411.0,11.914848056190479
lending,aave,aave-v3,2022-12,2188284091.256306,440028549.0,4.973050262828075
lending,aave,aave-v3,2023-01,3660024970.034298,567809354.0,6.445869452926092
lending,aave,aave-v3,2023-02,2683099328.7174244,768843194.0,3.4897874490613288
lending,aave,aave-v3,2023-03,7799687654.798,1305947082.0,5.972437752112532
lending,aave,aave-v3,2023-04,2465729592.633321,1363897276.0,1.8078557938503579
lending,aave,aave-v3,2023-05,2008116285.49305,1528510830.0,1.3137730175539875
lending,aave,aave-v3,2023-06,2611662175.834756,1946329952.0,1.3418393798806194
lending,aave,aave-v3,2023-07,2232834701.6169114,1961389839.0,1.1383941413479055
lending,aave,aave-v3,2023-08,2824239736.5718007,2141034802.0,1.3191003406080088
lending,aave,aave-v3,2023-09,2226592610.052462,2486568772.0,0.8954478296056
lending,aave,aave-v3,2023-10,3213780709.407216,3024737240.0,1.0624991377456694
lending,aave,aave-v3,2023-11,3162640236.2040396,3424362871.0,0.9235704145105595
lending,aave,aave-v3,2023-12,4148644791.7395067,4272886710.0,0.9709231892411926
lending,aave,aave-v3,2024-01,4107112143.881556,4838536555.0,0.8488335465064097
lending,aave,aave-v3,2024-02,4407706088.999363,7263725332.0,0.606810677378097
lending,aave,aave-v3,2024-03,6959733688.439362,9217535269.0,0.7550536542936835
lending,aave,aave-v3,2024-04,5066568982.919141,8304282359.0,0.6101152109102003
lending,aave,aave-v3,2024-05,6791027173.257281,11037581096.0,0.6152640795290136
lending,aave,aave-v3,2024-06,5558309147.884702,10791543282.0,0.5150615628031451
lending,aave,aave-v3,2024-07,8249270582.753297,11489238636.0,0.7179997599584454
lending,aave,aave-v3,2024-08,7547353431.268423,10224893908.0,0.7381351336431317
lending,aave,aave-v3,2024-09,23351861910.538223,11508453138.0,2.029105182992163
lending,aave,aave-v3,2024-10,52413368105.71576,12503635216.0,4.1918503859298575
lending,aave,aave-v3,2024-11,27486760768.725163,19428098015.0,1.4147942195629881
lending,aave,aave-v3,2024-12,22705322825.945343,19745565564.0,1.1498947828236206
lending,aave,aave-v3,2025-01,19146915253.843025,21521987835.0,0.8896443674550114
lending,aave,aave-v3,2025-02,18463746743.089317,17709162549.0,1.0426098180533063
lending,aave,aave-v3,2025-03,10319606623.197987,16867944067.0,0.6117880508856436
lending,aave,aave-v3,2025-04,11430755022.91009,19408522188.0,0.5889554553503077
lending,aave,aave-v3,2025-05,17418697221.807095,24121589283.0,0.7221206288460912
lending,aave,aave-v3,2025-06,21976072246.10169,24706446674.0,0.8894873688666999
lending,aave,aave-v3,2025-07,40739556813.314804,33568198818.0,1.213635471899951
lending,aave,aave-v3,2025-08,42042808619.43092,38811422793.0,1.0832586283596317
lending,aave,aave-v3,2025-09,39633739518.962616,42990626099.0,0.9219158480663423
lending,aave,aave-v3,2025-10,40176213242.13773,36680879342.0,1.095290351890107
lending,aave,aave-v3,2025-11,18013710729.693295,30263664841.0,0.5952256881092948
lending,aave,aave-v3,2025-12,14970518558.057014,30480485247.0,0.49115092613331895
lending,aave,aave-v3,2026-01,18502528153.430344,28981321194.0,0.6384294225088993
lending,aave,aave-v3,2026-02,13161936617.188457,24145628463.0,0.5451064004135322
lending,aave,aave-v3,2026-03,13120971313.183802,23889789145.0,0.5492292641657722
lending,aave,aave-v3,2026-04,9694649988.121826,13599722206.0,0.7128564717185685
lending,aave,aave-v3,2026-05,4665525848.727383,13321699811.0,0.3502200105781518
lending,aave,aave-v3,2026-06,4676724385.134558,11550801773.0,0.4048830961731506
lending,agave,agave,2022-04,1510283.9960644841,1117632.0,1.3513249406463703
lending,agave,agave,2022-05,1730466.7774559753,1103882.0,1.567619344690805
lending,agave,agave,2022-06,2638628.83254302,3374939.0,0.7818300812379188
lending,agave,agave,2022-07,1567310.3844529649,7190574.0,0.2179673534342272
lending,agave,agave,2022-08,1111344.6652440333,7009267.0,0.15855362126225658
lending,agave,agave,2022-09,16546626.35371867,7486672.0,2.2101444211418197
lending,agave,agave,2022-10,2123029.6212554798,7802210.0,0.27210618802307035
lending,agave,agave,2022-11,657047.5235278682,6382860.0,0.10293936002479581
lending,agave,agave,2022-12,954199.2064354233,7973837.0,0.11966625433093545
lending,agave,agave,2023-01,490948.7548233007,8993345.0,0.05459022808791397
lending,agave,agave,2023-02,775028.0450976404,10345249.0,0.07491632585137781
lending,agave,agave,2023-03,1468275.8944009412,13804528.0,0.10636190490547313
lending,agave,agave,2023-04,890955.680825008,13976894.0,0.06374489788825814
lending,agave,agave,2023-05,4841187.68971426,17794349.0,0.27206320892741065
lending,agave,agave,2023-06,3787564.92417348,17439934.0,0.21717770974210568
lending,agave,agave,2023-07,6313964.798924192,18787860.0,0.3360662043960404
lending,agave,agave,2023-08,1269801.139379643,9685926.0,0.13109754703676685
lending,agave,agave,2023-09,480731.01382857835,8112811.0,0.059255788632149614
lending,agave,agave,2023-10,4325189.762546704,9959415.0,0.4342815077538896
lending,agave,agave,2023-11,4094510.080663637,12316327.0,0.33244571053233946
lending,agave,agave,2023-12,2386625.433712329,10319341.0,0.23127692298493951
lending,agave,agave,2024-01,882214.1304366995,9470897.0,0.09315000790703346
lending,benqi,benqi-lending,2021-08,1851469277.0665967,1154797599.0,1.6032846610262106
lending,benqi,benqi-lending,2021-09,30852677804.281315,1537650878.0,20.064813310815353
lending,benqi,benqi-lending,2021-10,121835857261.0518,1245827972.0,97.79508888812444
lending,benqi,benqi-lending,2021-11,390196417664.3132,1777570633.0,219.51106213190528
lending,benqi,benqi-lending,2021-12,615418177513.4152,1555366601.0,395.6740340944322
lending,benqi,benqi-lending,2022-01,444932116401.17804,1210762418.0,367.480944061792
lending,benqi,benqi-lending,2022-02,241457188164.31134,1216372106.0,198.5060221072772
lending,benqi,benqi-lending,2022-03,165932198567.8103,1242598036.0,133.53650477507298
lending,benqi,benqi-lending,2022-04,27189840139.828434,933959482.0,29.112440811247563
lending,benqi,benqi-lending,2022-05,339650094.0674119,296924689.0,1.1438930700283125
lending,benqi,benqi-lending,2022-06,228261869.44123414,185935004.0,1.2276433405795615
lending,benqi,benqi-lending,2022-07,165136464.6000708,260501201.0,0.6339182466958024
lending,benqi,benqi-lending,2022-08,184920348.40833917,211566247.0,0.8740541132174982
lending,benqi,benqi-lending,2022-09,133623203.72781841,185886809.0,0.7188417749847889
lending,benqi,benqi-lending,2022-10,67236372.19711185,163660715.0,0.41082780432134763
lending,benqi,benqi-lending,2022-11,90309397.63457872,115542502.0,0.7816119269650117
lending,benqi,benqi-lending,2022-12,51075715.34063847,85194550.0,0.5995185764892058
lending,benqi,benqi-lending,2023-01,55908727.82810669,132704770.0,0.42130156910039246
lending,benqi,benqi-lending,2023-02,113456151.99336585,125534941.0,0.9037814578919973
lending,benqi,benqi-lending,2023-03,112020384.49931125,139698553.0,0.8018721890362834
lending,benqi,benqi-lending,2023-04,49151177.97230521,142555909.0,0.34478527278939525
lending,benqi,benqi-lending,2023-05,24767787.612876184,128500247.0,0.19274505840347672
lending,benqi,benqi-lending,2023-06,41000257.63101512,128719951.0,0.3185229431218096
lending,benqi,benqi-lending,2023-07,22394462.982934393,117140363.0,0.1911763153997943
lending,benqi,benqi-lending,2023-08,13046234.76269569,95227378.0,0.13700088185454073
lending,benqi,benqi-lending,2023-09,10322243.165122643,93326544.0,0.11060350809864601
lending,benqi,benqi-lending,2023-10,10610174.919533381,111641097.0,0.09503825387467647
lending,benqi,benqi-lending,2023-11,78635572.50299595,169745353.0,0.4632561134265393
lending,benqi,benqi-lending,2023-12,54030583.19146764,253342673.0,0.2132707551856755
lending,benqi,benqi-lending,2024-01,45282600.51998967,238570391.0,0.18980813306371144
lending,benqi,benqi-lending,2024-02,47599207.76682993,272753197.0,0.1745138399489775
lending,benqi,benqi-lending,2024-03,44749296.2749457,338600863.0,0.13215942770631892
lending,benqi,benqi-lending,2024-04,27884379.756033055,209361936.0,0.13318743745297165
lending,benqi,benqi-lending,2024-05,15790620.1135902,236781926.0,0.06668845202986566
lending,benqi,benqi-lending,2024-06,36111505.35065037,190247563.0,0.1898132348252491
lending,benqi,benqi-lending,2024-07,306508326.4258082,232156425.0,1.3202663954952278
lending,benqi,benqi-lending,2024-08,387826248.2422384,246190335.0,1.575310615838101
lending,benqi,benqi-lending,2024-09,393291035.30884767,323703468.0,1.214973190552434
lending,benqi,benqi-lending,2024-10,481446006.0660316,320386794.0,1.5027024055992506
lending,benqi,benqi-lending,2024-11,1314185406.4362385,466837236.0,2.8150826564234017
lending,benqi,benqi-lending,2024-12,1573079891.2526438,422750339.0,3.721061217771475
lending,benqi,benqi-lending,2025-01,1062942859.1792661,410709434.0,2.5880653600454333
lending,benqi,benqi-lending,2025-02,527932586.3255025,307088489.0,1.7191545930121221
lending,benqi,benqi-lending,2025-03,169388803.35328102,237790878.0,0.7123435717045505
lending,benqi,benqi-lending,2025-04,135551887.17036465,276026410.0,0.49108303502684636
lending,benqi,benqi-lending,2025-05,133461166.1898532,300266554.0,0.44447563144130003
lending,benqi,benqi-lending,2025-06,229294985.7662535,276661794.0,0.8287916537050053
lending,benqi,benqi-lending,2025-07,469155087.4374463,309402560.0,1.5163258100949335
lending,benqi,benqi-lending,2025-08,1059521719.7711489,297361664.0,3.5630743570601924
lending,benqi,benqi-lending,2025-09,1545375819.8311415,348294953.0,4.43697448533267
lending,benqi,benqi-lending,2025-10,493815858.5791453,268310248.0,1.840465887009822
lending,benqi,benqi-lending,2025-11,149806303.7509856,239839645.0,0.6246102630404811
lending,benqi,benqi-lending,2025-12,15628457.05426589,198431387.0,0.0787600051108139
lending,benqi,benqi-lending,2026-01,31069586.473421466,169734033.0,0.18304865514755939
lending,benqi,benqi-lending,2026-02,22944990.7242031,142918505.0,0.1605459749540698
lending,benqi,benqi-lending,2026-03,19327935.94124128,124536955.0,0.1551983982685403
lending,benqi,benqi-lending,2026-04,115637623.80690505,112166989.0,1.0309416775634856
lending,benqi,benqi-lending,2026-05,174345622.96137068,112975185.0,1.5432205130832108
lending,benqi,benqi-lending,2026-06,551097820.6170537,80529781.0,6.8434039404261355
lending,compound,compound-v3,2022-08,225345879.31831512,10222959.0,22.043116803883798
lending,compound,compound-v3,2022-09,563117325.9686562,85112228.0,6.616174187904659
lending,compound,compound-v3,2022-10,112377904.10287091,145305573.0,0.7733901858180685
lending,compound,compound-v3,2022-11,214717167.93898004,220882320.0,0.9720885217928716
lending,compound,compound-v3,2022-12,76173369.89982411,259460252.0,0.29358396637888146
lending,compound,compound-v3,2023-01,238581037.47570917,355521327.0,0.6710737707043639
lending,compound,compound-v3,2023-02,172899678.72187212,463534262.0,0.3730030181067222
lending,compound,compound-v3,2023-03,358464706.53026885,481651160.0,0.7442413437357212
lending,compound,compound-v3,2023-04,264294828.8834374,586337935.0,0.45075512448881105
lending,compound,compound-v3,2023-05,130914536.9853585,580544412.0,0.22550305244408847
lending,compound,compound-v3,2023-06,244150646.72141212,554906391.0,0.4399852852323918
lending,compound,compound-v3,2023-07,462644093.5344489,978227818.0,0.47294105219817917
lending,compound,compound-v3,2023-08,308390727.97580445,708512840.0,0.43526484004976457
lending,compound,compound-v3,2023-09,241498542.83645743,789418330.0,0.3059196039145144
lending,compound,compound-v3,2023-10,254131706.3769814,1002355064.0,0.25353461612978034
lending,compound,compound-v3,2023-11,294452675.704316,1086100453.0,0.2711099833270358
lending,compound,compound-v3,2023-12,927150464.2730682,1147119821.0,0.8082420400205674
lending,compound,compound-v3,2024-01,299576556.0349756,1109010526.0,0.27012958760228717
lending,compound,compound-v3,2024-02,355168424.2816274,1699869441.0,0.20893864888393357
lending,compound,compound-v3,2024-03,384246536.91436106,1769740981.0,0.21712021196301892
lending,compound,compound-v3,2024-04,231074366.0040733,1411165396.0,0.16374718842955052
lending,compound,compound-v3,2024-05,188818729.774355,1552143993.0,0.12165026610025027
lending,compound,compound-v3,2024-06,124949472.7743985,1413052675.0,0.08842520522060404
lending,compound,compound-v3,2024-07,281781305.95109385,1384809177.0,0.20348024163266637
lending,compound,compound-v3,2024-08,234855415.0282966,1344059822.0,0.1747358348074306
lending,compound,compound-v3,2024-09,227270858.75018802,1389546921.0,0.16355752750445482
lending,compound,compound-v3,2024-10,258482935.00545156,1457642507.0,0.17732944378621332
lending,compound,compound-v3,2024-11,376869618.7753729,2093159904.0,0.18004817408129223
lending,compound,compound-v3,2024-12,447679096.6892986,2053960731.0,0.21795893657194687
lending,compound,compound-v3,2025-01,422859881.59193444,2227056353.0,0.18987390284144035
lending,compound,compound-v3,2025-02,388245342.6971404,1829332122.0,0.21223338180530807
lending,compound,compound-v3,2025-03,206104060.80577573,1714389377.0,0.1202200991039947
lending,compound,compound-v3,2025-04,171909549.48152146,1907369302.0,0.09012913718453117
lending,compound,compound-v3,2025-05,323559047.45013523,2092906494.0,0.15459794710261682
lending,compound,compound-v3,2025-06,307747615.9124807,2099630690.0,0.14657226024471987
lending,compound,compound-v3,2025-07,444703999.7829715,2311231966.0,0.19240993821689445
lending,compound,compound-v3,2025-08,309754932.28683716,2183070152.0,0.1418895915933155
lending,compound,compound-v3,2025-09,469252952.1608827,2334266175.0,0.2010280392127443
lending,compound,compound-v3,2025-10,384063702.2639445,2066643071.0,0.18583939706536026
lending,compound,compound-v3,2025-11,237743108.90005478,1625337865.0,0.1462730389906069
lending,compound,compound-v3,2025-12,271388304.16201925,1635925240.0,0.16589285226873768
lending,compound,compound-v3,2026-01,217711531.74644396,1440931913.0,0.15109078352853716
lending,compound,compound-v3,2026-02,236475556.43599644,1288695634.0,0.18349992829726344
lending,compound,compound-v3,2026-03,433907361.9477029,1276058116.0,0.34003730434147633
lending,compound,compound-v3,2026-04,373872220.6390836,1300075759.0,0.2875772569797478
lending,compound,compound-v3,2026-05,218251292.2156881,1185423835.0,0.18411245477925464
lending,compound,compound-v3,2026-06,252474724.06969774,1029276338.0,0.2452934306838187
lending,euler,euler-v2,2025-05,101549185.95039208,979006860.0,0.10372673583757328
lending,euler,euler-v2,2025-06,497278978.9088976,1120337887.0,0.4438651809236704
lending,euler,euler-v2,2025-07,594489467.3550072,1121085957.0,0.5302800054206791
lending,euler,euler-v2,2025-08,716561056.6959841,1465729183.0,0.48887684369451767
lending,euler,euler-v2,2025-09,254457747.70871976,1693138132.0,0.1502876480657514
lending,euler,euler-v2,2025-10,11489380.987934597,1612028187.0,0.007127282934994112
lending,euler,euler-v2,2025-11,6215866.839606544,1029133116.0,0.0060399055700064985
lending,euler,euler-v2,2025-12,170741.3386546928,1005925213.0,0.0001697356189586758
lending,euler,euler-v2,2026-01,336938.28970008943,566600425.0,0.0005946664965881192
lending,euler,euler-v2,2026-02,123240.31299365044,498693295.0,0.00024712646877205445
lending,euler,euler-v2,2026-03,929366.3653536768,503538060.0,0.0018456725304015287
lending,euler,euler-v2,2026-04,89719.54470710871,367082290.0,0.00024441262123299035
lending,euler,euler-v2,2026-05,183756.7612653444,286231793.0,0.0006419858511851072
lending,euler,euler-v2,2026-06,11679.794551269413,290990376.0,4.0138078488442566e-05
lending,fluxfinance,flux-finance,2023-02,12464559.184354784,28647321.0,0.4351038334214492
lending,fluxfinance,flux-finance,2023-03,3317764.5191097767,29343550.0,0.11306622815268694
lending,fluxfinance,flux-finance,2023-04,2260368.06151558,32354492.0,0.06986257307070623
lending,fluxfinance,flux-finance,2023-05,14661884.84510992,41453293.0,0.3536965047652528
lending,fluxfinance,flux-finance,2023-06,5098636.462570321,44193055.0,0.11537189412613183
lending,fluxfinance,flux-finance,2023-07,4767506.169083325,42784159.0,0.11143157375334467
lending,fluxfinance,flux-finance,2023-08,4930233.878686888,37885974.0,0.13013348630516633
lending,fluxfinance,flux-finance,2023-09,5421233.827362004,42903710.0,0.1263581594077063
lending,fluxfinance,flux-finance,2023-10,4443004.048615261,31626624.0,0.1404830325429379
lending,fluxfinance,flux-finance,2023-11,908947.7108495474,29626410.0,0.030680319041340054
lending,fluxfinance,flux-finance,2023-12,178561.16210528303,24636853.0,0.00724772608357419
lending,fluxfinance,flux-finance,2024-01,5607112.031093574,25082563.0,0.22354621539647182
lending,fluxfinance,flux-finance,2024-02,27008.589522737035,20529265.0,0.0013156140525604318
lending,fluxfinance,flux-finance,2024-03,1080597.4141900241,14585207.0,0.07408858949962274
lending,fluxfinance,flux-finance,2024-04,551223.7334334464,12601065.0,0.04374421792391726
lending,fluxfinance,flux-finance,2024-05,47705.274813479264,10591161.0,0.0045042535764945185
lending,fluxfinance,flux-finance,2024-06,445260.7630157653,9805976.0,0.04540708268261775
lending,fluxfinance,flux-finance,2024-07,171689.12309617503,7871114.0,0.021812557040359854
lending,fluxfinance,flux-finance,2024-08,145136.06163869123,5693187.0,0.025492937723403646
lending,fluxfinance,flux-finance,2024-09,23736089.074688997,39197793.0,0.6055465692848829
lending,fluxfinance,flux-finance,2024-10,0.01000615,38866791.0,2.5744728964117463e-10
lending,fluxfinance,flux-finance,2024-11,7524689.891206001,39359351.0,0.1911792166290039
lending,granary,granary-finance,2022-03,25625839.42946222,5871914.0,4.364137388500959
lending,granary,granary-finance,2022-04,26053150.012982663,6028353.0,4.321769148718176
lending,granary,granary-finance,2022-05,21698130.955767516,9868303.0,2.1987702400065663
lending,granary,granary-finance,2022-06,8952716.987155123,5261632.0,1.7015095292021796
lending,granary,granary-finance,2022-07,4065830.443880595,5537560.0,0.7342277905576815
lending,granary,granary-finance,2022-08,4458246.444503524,6045824.0,0.7374092339610819
lending,granary,granary-finance,2022-09,2922439.1420584735,4571846.0,0.6392251930748485
lending,granary,granary-finance,2022-10,4429288.919682793,9404197.0,0.4709906565847986
lending,granary,granary-finance,2022-11,6295219.51067123,7728740.0,0.8145208029602794
lending,granary,granary-finance,2022-12,6810829.186293475,4344475.0,1.5676990168647478
lending,granary,granary-finance,2023-01,13186370.73030627,7916190.0,1.6657471246023996
lending,granary,granary-finance,2023-02,157245911.6206329,9443247.0,16.651678349685536
lending,granary,granary-finance,2023-03,52604138.63456345,10379865.0,5.06790200398208
lending,granary,granary-finance,2023-04,16545779.087558283,11167084.0,1.4816561859441804
lending,granary,granary-finance,2023-05,92436712.66621993,19644744.0,4.705417014658981
lending,granary,granary-finance,2023-06,35669243.577242926,16740472.0,2.130719108591617
lending,granary,granary-finance,2023-07,17640064.93378378,9139602.0,1.9300692671063555
lending,granary,granary-finance,2023-08,6894802.061341852,6837067.0,1.0084444194187145
lending,granary,granary-finance,2023-09,3059733.903934819,6978806.0,0.4384322911304339
lending,granary,granary-finance,2023-10,4632903.4939455725,7044515.0,0.6576611014307688
lending,granary,granary-finance,2023-11,2763737.565405991,7296000.0,0.37880174964446145
lending,granary,granary-finance,2023-12,2165215.2188975923,5553416.0,0.3898888934121975
lending,granary,granary-finance,2024-01,2358471.741601644,5527784.0,0.4266577242529093
lending,granary,granary-finance,2024-02,5162365.332971328,9923285.0,0.5202274582430443
lending,granary,granary-finance,2024-03,1766843.7774806272,8610326.0,0.2052005670262226
lending,granary,granary-finance,2024-04,1923337.9282687772,6145491.0,0.3129673330037872
lending,granary,granary-finance,2024-05,2254201.851684611,5701899.0,0.39534229765988677
lending,granary,granary-finance,2024-06,1261730.2897060947,4106218.0,0.3072730891798961
lending,granary,granary-finance,2024-07,907514.3865475341,3779660.0,0.2401047677694645
lending,granary,granary-finance,2024-08,303803.4495326001,2808082.0,0.10818895229291742
lending,granary,granary-finance,2024-09,150806.5734824882,2670183.0,0.05647799176404321
lending,granary,granary-finance,2024-10,83062.7771780935,2689887.0,0.030879653003302185
lending,granary,granary-finance,2024-11,332697.9952109392,2837934.0,0.1172324639018875
lending,granary,granary-finance,2024-12,408643.35956183576,2105730.0,0.19406256241865566
lending,granary,granary-finance,2025-01,396072.0010465273,1145358.0,0.34580629030096033
lending,granary,granary-finance,2025-02,96952.73808398684,849356.0,0.11414852910203359
lending,granary,granary-finance,2025-03,39514.94887639844,473529.0,0.08344779068736749
lending,granary,granary-finance,2025-04,13532.789547894577,472931.0,0.02861472296782105
lending,granary,granary-finance,2025-05,23967.84521884191,540180.0,0.044370108517238535
lending,granary,granary-finance,2025-06,4070.656114072287,497965.0,0.008174582780059416
lending,granary,granary-finance,2025-07,26901.19188445479,509986.0,0.052748883076113445
lending,granary,granary-finance,2025-08,9833.770877718785,469093.0,0.020963371608015438
lending,granary,granary-finance,2025-09,58922.2218990394,300811.0,0.1958778831194318
lending,granary,granary-finance,2025-10,11046.452067075572,237118.0,0.04658630752231198
lending,granary,granary-finance,2025-11,289.99470778703363,207023.0,0.0014007849745537144
lending,granary,granary-finance,2025-12,537.7111461388131,195085.0,0.002756291596682539
lending,granary,granary-finance,2026-01,402.885027,182102.0,0.0022124140701365166
lending,granary,granary-finance,2026-02,60.020939999999996,159014.0,0.00037745695347579455
lending,granary,granary-finance,2026-03,0.633337433331,157831.0,4.0127568939625294e-06
lending,granary,granary-finance,2026-04,0.00434365052482115,167724.0,2.589760871921222e-08
lending,granary,granary-finance,2026-05,1.175095123905,161294.0,7.28542366055154e-06
lending,layer_bank,layerbank,2023-10,2186559.8295892887,2331934.0,0.9376593975598317
lending,layer_bank,layerbank,2023-11,2352079.3905483154,4268020.0,0.5510938070928242
lending,layer_bank,layerbank,2023-12,4703014.184826176,227012667.0,0.020716968118903143
lending,layer_bank,layerbank,2024-01,29293230.127752595,332897014.0,0.08799487197488828
lending,layer_bank,layerbank,2024-02,17709607.01587572,466050552.0,0.037999326338906944
lending,layer_bank,layerbank,2024-03,34041687.358842134,162596516.0,0.209362956822778
lending,layer_bank,layerbank,2024-04,23658471.21067778,213865166.0,0.11062330370658764
lending,layer_bank,layerbank,2024-05,27538410.140977565,573090524.0,0.04805246115180499
lending,layer_bank,layerbank,2024-06,21469622.157486238,782578488.0,0.02743446502389194
lending,layer_bank,layerbank,2024-07,17685684.531179313,769099376.0,0.022995317748352083
lending,layer_bank,layerbank,2024-08,6292751.81113981,681024510.0,0.009240125309351655
lending,layer_bank,layerbank,2024-09,2527912.312510009,687408373.0,0.0036774534786034804
lending,layer_bank,layerbank,2024-10,5865388.552027837,164388558.0,0.035680029214854705
lending,layer_bank,layerbank,2024-11,3027207.913805472,89165789.0,0.0339503294677903
lending,layer_bank,layerbank,2024-12,1258382.2234326857,52862003.0,0.023805042412651026
lending,layer_bank,layerbank,2025-01,171244.23143070607,42391222.0,0.004039615357884848
lending,layer_bank,layerbank,2025-02,7723.753099647323,40615681.0,0.00019016677572505366
lending,layer_bank,layerbank,2025-03,3699.9352145230887,94498003.0,3.915358099708296e-05
lending,layer_bank,layerbank,2025-04,1407.9027865300288,123547379.0,1.1395650785356028e-05
lending,layer_bank,layerbank,2025-05,7215.1050454272545,81860025.0,8.813954119153097e-05
lending,layer_bank,layerbank,2025-06,4277.041802327579,57753614.0,7.405669543602204e-05
lending,layer_bank,layerbank,2025-07,6183.893403643755,44455542.0,0.0001391028682912865
lending,layer_bank,layerbank,2025-08,3019.4802956818985,62832316.0,4.805616739771137e-05
lending,layer_bank,layerbank,2025-09,3760.371962552904,58759353.0,6.399614309151607e-05
lending,layer_bank,layerbank,2025-10,832.742788922311,27819501.0,2.9933778787847812e-05
lending,layer_bank,layerbank,2025-11,90.44115413,7501605.0,1.2056240515196415e-05
lending,layer_bank,layerbank,2025-12,2.219290464738362,7329718.0,3.027797883545263e-07
lending,layer_bank,layerbank,2026-01,0.20528184089809723,6211037.0,3.305113798196617e-08
lending,layer_bank,layerbank,2026-02,4.6399799999999995,3338871.0,1.3896853157848863e-06
lending,moola,moola-market,2021-10,13200470.67939682,75190433.0,0.17556050886682378
lending,moola,moola-market,2021-11,8151085.251622059,70750784.0,0.11520840887956887
lending,moola,moola-market,2021-12,5490268.317714969,71544827.0,0.07673885797103079
lending,moola,moola-market,2022-01,7007172.161447775,53984092.0,0.12980068575475484
lending,moola,moola-market,2022-02,6461089.498281439,43367266.0,0.1489854006079479
lending,moola,moola-market,2022-03,4650798.071887361,51684311.0,0.08998471648170682
lending,moola,moola-market,2022-04,11581034.75937936,37151344.0,0.3117258627138593
lending,moola,moola-market,2022-05,4501246.544772023,25262576.0,0.1781784464407756
lending,moola,moola-market,2022-06,1223109.0530601235,16512962.0,0.07406963408867068
lending,moola,moola-market,2022-07,309500.6691808627,12313453.0,0.025135164700012477
lending,moola,moola-market,2022-08,365548.98788798583,9844262.0,0.037133203879375194
lending,moola,moola-market,2022-09,391633.14818382997,9316898.0,0.04203471457816002
lending,moola,moola-market,2022-10,1611264.448434234,9134024.0,0.17640247588951308
lending,moola,moola-market,2022-11,90809.00013637848,6172418.0,0.014712062620577298
lending,moola,moola-market,2022-12,72809.52047250679,4450818.0,0.016358682937048154
lending,moola,moola-market,2023-01,55417.525288330085,6102671.0,0.00908086398370977
lending,moola,moola-market,2023-02,109748.86919442848,5788103.0,0.018961111990306406
lending,moola,moola-market,2023-03,167146.57816343085,5342545.0,0.03128594670956086
lending,moola,moola-market,2023-04,70797.91553525953,4681092.0,0.015124230742583039
lending,moola,moola-market,2023-05,40618.19918603957,4021269.0,0.010100841099175303
lending,moola,moola-market,2023-06,28351.672284531705,3598254.0,0.007879285977179962
lending,moola,moola-market,2023-07,33162.96621214501,3732621.0,0.008884632597883635
lending,moola,moola-market,2023-08,14646.636887773997,3321265.0,0.004409957316797665
lending,moola,moola-market,2023-09,4111.026537173094,3238446.0,0.0012694442140375644
lending,moola,moola-market,2023-10,7140.737119349632,3291711.0,0.0021693086420252663
lending,moola,moola-market,2023-11,27687.241079078292,3350226.0,0.008264290552063739
lending,moola,moola-market,2023-12,19244.89225395277,3933192.0,0.00489294503140268
lending,moola,moola-market,2024-01,27520.8361249293,3483147.0,0.00790114115910965
lending,moola,moola-market,2024-02,144493.78153002242,5079648.0,0.028445628817198046
lending,moola,moola-market,2024-03,235270.13124418395,5115427.0,0.04599227615684555
lending,moola,moola-market,2024-04,494183.76309257996,3934427.0,0.12560501518838194
lending,moola,moola-market,2024-05,131917.93962244998,4361568.0,0.03024553087844784
lending,moola,moola-market,2024-06,72937.10154088002,3358047.0,0.021720095502201137
lending,moola,moola-market,2024-07,68204.94378175927,2862148.0,0.023829984955969875
lending,moola,moola-market,2024-08,289562.89318947995,2671208.0,0.10840147723033172
lending,moola,moola-market,2024-09,244526.47396440004,3185734.0,0.07675671414010085
lending,moola,moola-market,2024-10,89645.4926118695,2932775.0,0.030566781499388632
lending,moola,moola-market,2024-11,310670.64617559005,4101096.0,0.07575307824434982
lending,moola,moola-market,2024-12,259321.92880122003,3129065.0,0.08287521313913902
lending,moola,moola-market,2025-01,634734.5538346901,3119339.0,0.2034836719685453
lending,moola,moola-market,2025-02,762843.6536849259,2424265.0,0.3146700767799419
lending,moola,moola-market,2025-03,498934.1173775887,2168966.0,0.23003316666908966
lending,moola,moola-market,2025-04,415910.4999814571,2275339.0,0.1827905643868703
lending,moola,moola-market,2025-05,105421.77279301,2077435.0,0.050746123365116115
lending,moola,moola-market,2025-06,49105.84036421001,1883109.0,0.026077003701968398
lending,moola,moola-market,2025-07,134484.15484977103,2009412.0,0.06692711840566844
lending,moola,moola-market,2025-08,37586.165553609986,2023539.0,0.018574470545717175
lending,moola,moola-market,2025-09,47105.487540279384,1796982.0,0.02621366688162674
lending,moola,moola-market,2025-10,171347.69501607007,1818435.0,0.09422811099438257
lending,moola,moola-market,2025-11,253738.95452939003,1507062.0,0.1683666329118444
lending,moola,moola-market,2025-12,32084.411879829993,1296794.0,0.02474133276359236
lending,moola,moola-market,2026-01,22417.140891319996,1251522.0,0.01791190317974434
lending,moola,moola-market,2026-02,27261.925763800005,1202792.0,0.02266553632199084
lending,moola,moola-market,2026-03,16025.10900650603,1139768.0,0.014059974491743961
lending,moola,moola-market,2026-04,12884.198619000003,1142137.0,0.011280782094442263
lending,moola,moola-market,2026-05,6696.586832959999,1102227.0,0.006075506073576494
lending,moola,moola-market,2026-06,9883.115039890003,1065599.0,0.009274703748680323
lending,moonwell,moonwell,2023-08,26722357.357908882,39080281.0,0.6837810955839566
lending,moonwell,moonwell,2023-09,32726539.944050882,40297133.0,0.8121307276140682
lending,moonwell,moonwell,2023-10,15923854.027003355,42368872.0,0.3758385171784454
lending,moonwell,moonwell,2023-11,23143277.37135418,43173099.0,0.5360578208980129
lending,moonwell,moonwell,2023-12,26176947.730387207,50358539.0,0.519811500694792
lending,moonwell,moonwell,2024-01,27172666.672373563,48615561.0,0.5589294068286811
lending,moonwell,moonwell,2024-02,25157183.974114608,64640577.0,0.38918563449881655
lending,moonwell,moonwell,2024-03,87099966.6759163,74612527.0,1.1673638486459024
lending,moonwell,moonwell,2024-04,109564281.8040184,88655763.0,1.2358393644868682
lending,moonwell,moonwell,2024-05,149249085.44845107,130009676.0,1.147984442699873
lending,moonwell,moonwell,2024-06,175664415.41822472,122679695.0,1.4318947843669216
lending,moonwell,moonwell,2024-07,630410515.5116496,102962699.0,6.122707753723993
lending,moonwell,moonwell,2024-08,783018530.4506863,83550127.0,9.371841295354182
lending,moonwell,moonwell,2024-09,228358717.72500342,114524377.0,1.9939747650843227
lending,moonwell,moonwell,2024-10,863108143.5224197,138703399.0,6.222689204050577
lending,moonwell,moonwell,2024-11,4132894763.467377,201729738.0,20.487285634938846
lending,moonwell,moonwell,2024-12,8188710340.390361,177801580.0,46.055329431776485
lending,moonwell,moonwell,2025-01,3932129688.1212234,178327561.0,22.050039074561354
lending,moonwell,moonwell,2025-02,1930769927.8744729,130327833.0,14.81471672957589
lending,moonwell,moonwell,2025-03,534642131.4966665,110112784.0,4.85540472300352
lending,moonwell,moonwell,2025-04,362381929.2979206,204821131.0,1.7692604641360006
lending,moonwell,moonwell,2025-05,760602339.4982327,249101198.0,3.053386919071472
lending,moonwell,moonwell,2025-06,449070686.6083729,253142929.0,1.7739807640780396
lending,moonwell,moonwell,2025-07,698042251.7278155,320728021.0,2.176430514400909
lending,moonwell,moonwell,2025-08,386643787.5912255,345982580.0,1.1175238579677205
lending,moonwell,moonwell,2025-09,596175448.6969049,309508283.0,1.9262019191160222
lending,moonwell,moonwell,2025-10,1070097416.1144147,269032739.0,3.977573213178396
lending,moonwell,moonwell,2025-11,129044781.50391069,161700772.0,0.7980467867148506
lending,moonwell,moonwell,2025-12,328123473.4318593,140084475.0,2.3423257533132014
lending,moonwell,moonwell,2026-01,70671528.38074729,122688460.0,0.5760242518387408
lending,moonwell,moonwell,2026-02,70806826.87483492,81542609.0,0.8683414443464144
lending,moonwell,moonwell,2026-03,6640184.610588364,74128027.0,0.08957724735596112
lending,moonwell,moonwell,2026-04,10861504.506564386,72741970.0,0.14931551216669534
lending,moonwell,moonwell,2026-05,69786851.21198624,68410412.0,1.0201203175327498
lending,moonwell,moonwell,2026-06,16690668.566944242,65696866.0,0.25405578048341365
lending,morpho,morpho-blue,2024-01,27656320.79903801,32963670.0,0.8389939833470609
lending,morpho,morpho-blue,2024-02,51798421.5043407,105095913.0,0.49286808616754396
lending,morpho,morpho-blue,2024-03,197820881.5244557,364010478.0,0.543448316684048
lending,morpho,morpho-blue,2024-04,547752858.0987983,743244512.0,0.736975314657686
lending,morpho,morpho-blue,2024-05,394986700.2874531,909437571.0,0.4343197519903795
lending,morpho,morpho-blue,2024-06,518468633.5690666,1061441123.0,0.48845727034175457
lending,morpho,morpho-blue,2024-07,299613635.9302326,1051963212.0,0.2848137962549137
lending,morpho,morpho-blue,2024-08,361754256.25311226,933618128.0,0.38747561278406567
lending,morpho,morpho-blue,2024-09,242658366.70014864,995132050.0,0.24384539388531265
lending,morpho,morpho-blue,2024-10,572687976.8063831,1153966063.0,0.49627800605985684
lending,morpho,morpho-blue,2024-11,1209335723.7193973,2058528589.0,0.5874757971211239
lending,morpho,morpho-blue,2024-12,2541628613.0946345,2817966578.0,0.9019371034905987
lending,morpho,morpho-blue,2025-01,3400174248.2796435,3697161560.0,0.9196715353384891
lending,morpho,morpho-blue,2025-02,1359804611.801857,3013608072.0,0.45122145259566354
lending,morpho,morpho-blue,2025-03,1525115022.6343489,2823740601.0,0.540104506091758
lending,morpho,morpho-blue,2025-04,238709536962.1916,2713420600.0,87.97365840083604
lending,morpho,morpho-blue,2025-05,1786000544.065675,3620752559.0,0.49326777098486474
lending,morpho,morpho-blue,2025-06,1482304263.6855037,4127092084.0,0.35916433011808313
lending,morpho,morpho-blue,2025-07,2110394034.3395169,5761842077.0,0.36627071796426763
lending,morpho,morpho-blue,2025-08,2789383834.504723,7251902161.0,0.38464168056565196
lending,morpho,morpho-blue,2025-09,3033013563.404318,6979296340.0,0.43457297349897567
lending,morpho,morpho-blue,2025-10,2435476596.0932527,8255548318.0,0.2950108826548876
lending,morpho,morpho-blue,2025-11,2413603441.7282476,5808213805.0,0.41555003358356013
lending,morpho,morpho-blue,2025-12,1930462200.8584042,5877245538.0,0.32846376561550494
lending,morpho,morpho-blue,2026-01,2543291231.731021,6119795531.0,0.41558434736061134
lending,morpho,morpho-blue,2026-02,1991749559.0368726,5718669873.0,0.3482889558707829
lending,morpho,morpho-blue,2026-03,3025595721.288755,6707359191.0,0.4510859840857381
lending,morpho,morpho-blue,2026-04,2977582454.365167,6963691491.0,0.4275867847123107
lending,morpho,morpho-blue,2026-05,1658493692.1331909,7321893789.0,0.2265115747274043
lending,morpho,morpho-blue,2026-06,1536004297.8462155,6499303291.0,0.23633368517718178
lending,radiant,radiant-v2,2023-03,1167147043.6789417,169334551.0,6.892551087692326
lending,radiant,radiant-v2,2023-04,831752480.856206,231953466.0,3.5858592466827206
lending,radiant,radiant-v2,2023-05,443745955.5675802,257313621.0,1.7245334850251872
lending,radiant,radiant-v2,2023-06,342778347.00161535,269412537.0,1.2723177281152858
lending,radiant,radiant-v2,2023-07,377759715.9748981,259999120.0,1.4529269021175846
lending,radiant,radiant-v2,2023-08,240368378.3128055,221987283.0,1.08280246987304
lending,radiant,radiant-v2,2023-09,169004503.1805181,259821092.0,0.650464909833102
lending,radiant,radiant-v2,2023-10,202571125.76832286,279716464.0,0.7242016536013514
lending,radiant,radiant-v2,2023-11,266925614.16166276,347269028.0,0.7686421553311191
lending,radiant,radiant-v2,2023-12,339193334.5830243,304457939.0,1.1140893080243321
lending,radiant,radiant-v2,2024-01,731897361.3296694,235270101.0,3.110881315640143
lending,radiant,radiant-v2,2024-02,536605674.9838907,287051255.0,1.869372335556905
lending,radiant,radiant-v2,2024-03,355027733.39170814,223985936.0,1.585044756523053
lending,radiant,radiant-v2,2024-04,251371973.3445365,169252799.0,1.4851865069867265
lending,radiant,radiant-v2,2024-05,106688886.25129418,121497340.0,0.8781170538490323
lending,radiant,radiant-v2,2024-06,151779724.3499583,99738910.0,1.5217704339255191
lending,radiant,radiant-v2,2024-07,143605205.8297872,94604521.0,1.5179528875769817
lending,radiant,radiant-v2,2024-08,116468576.98841782,103972329.0,1.1201882088109985
lending,radiant,radiant-v2,2024-09,101660769.19767565,86805140.0,1.1711376676274659
lending,radiant,radiant-v2,2024-10,27229435.22151073,23861622.0,1.1411393249591637
lending,radiant,radiant-v2,2024-11,2295982.4854566543,3187902.0,0.7202173986078162
lending,radiant,radiant-v2,2024-12,1887192.8955479795,4315926.0,0.4372625701988355
lending,radiant,radiant-v2,2025-01,1300361.4469969668,4143536.0,0.31382892461824075
lending,radiant,radiant-v2,2025-02,739236.7984684586,2160265.0,0.34219727601403466
lending,radiant,radiant-v2,2025-03,1544736.6195865395,1708623.0,0.9040827728448813
lending,radiant,radiant-v2,2025-04,563010.7522377139,1601124.0,0.3516346967740874
lending,radiant,radiant-v2,2025-05,1596935.8577341828,3652743.0,0.43718812348259456
lending,radiant,radiant-v2,2025-06,924991.7844781851,3496685.0,0.2645339184050565
lending,radiant,radiant-v2,2025-07,812756.7187218448,3993028.0,0.20354395679715867
lending,radiant,radiant-v2,2025-08,1696282.3076668074,4143165.0,0.40941702965409477
lending,radiant,radiant-v2,2025-09,1221093.0548527543,3768994.0,0.3239838150054774
lending,radiant,radiant-v2,2025-10,7500921.997547939,5714293.0,1.3126596759298026
lending,radiant,radiant-v2,2025-11,6136811.821549006,7127561.0,0.8609974466088759
lending,radiant,radiant-v2,2025-12,2453210.791128549,5285062.0,0.46417824258798646
lending,radiant,radiant-v2,2026-01,113471.43450768132,3869574.0,0.029324012025013946
lending,radiant,radiant-v2,2026-02,1161454.2675007815,2171301.0,0.5349116808313455
lending,radiant,radiant-v2,2026-03,602029.7025878542,1896045.0,0.31751867840048853
lending,radiant,radiant-v2,2026-04,203354.01765933807,1492225.0,0.1362757075235558
lending,radiant,radiant-v2,2026-05,181954.79248590293,1004146.0,0.18120352268086806
lending,radiant,radiant-v2,2026-06,107.18262603899998,597207.0,0.00017947315761369172
lending,seamlessprotocol,seamless-protocol,2023-09,264939.95285212476,1735317.0,0.15267524772253413
lending,seamlessprotocol,seamless-protocol,2023-10,5457532.165613632,2246850.0,2.428970409957777
lending,seamlessprotocol,seamless-protocol,2023-11,1490898.7506168836,4140307.0,0.36009376855795566
lending,seamlessprotocol,seamless-protocol,2023-12,1189071.9328788235,86168772.0,0.013799337106473138
lending,seamlessprotocol,seamless-protocol,2024-01,23017271.032211635,59406264.0,0.3874552864023167
lending,seamlessprotocol,seamless-protocol,2024-02,19262314.813841403,17836525.0,1.0799365242860592
lending,seamlessprotocol,seamless-protocol,2024-03,27700004.652456943,15160725.0,1.8270897105815813
lending,seamlessprotocol,seamless-protocol,2024-04,41080902.54381925,22274787.0,1.8442781313158796
lending,seamlessprotocol,seamless-protocol,2024-05,42235320.32568178,25813745.0,1.6361562541848067
lending,seamlessprotocol,seamless-protocol,2024-06,55902026.69989541,31222020.0,1.7904679677962994
lending,seamlessprotocol,seamless-protocol,2024-07,28261999.364700068,33723705.0,0.8380455043329335
lending,seamlessprotocol,seamless-protocol,2024-08,40092487.14759267,27658674.0,1.4495448027476903
lending,seamlessprotocol,seamless-protocol,2024-09,56222484.406708606,21609207.0,2.6017837862679833
lending,seamlessprotocol,seamless-protocol,2024-10,23303933.187886517,17103123.0,1.3625542649659081
lending,seamlessprotocol,seamless-protocol,2024-11,29789494.941646542,21790053.0,1.3671143866261612
lending,seamlessprotocol,seamless-protocol,2024-12,14398470.443792975,17445121.0,0.8253580152177205
lending,seamlessprotocol,seamless-protocol,2025-01,20186395.236388873,34755362.0,0.5808138392110223
lending,seamlessprotocol,seamless-protocol,2025-02,14593404.735833606,66464808.0,0.21956589020513842
lending,seamlessprotocol,seamless-protocol,2025-03,4161476.756599094,71590960.0,0.05812852288332345
lending,seamlessprotocol,seamless-protocol,2025-04,644237.6975997692,86112469.0,0.007481352062960467
lending,sonne_finance,sonne-finance,2022-10,112766110.08312067,18846241.0,5.983480211418323
lending,sonne_finance,sonne-finance,2022-11,95240926.4494401,20984212.0,4.5386944455879545
lending,sonne_finance,sonne-finance,2022-12,45287741851.22702,13496724.0,3355.4618032662606
lending,sonne_finance,sonne-finance,2023-01,134775732.5593654,14687157.0,9.17643438817774
lending,sonne_finance,sonne-finance,2023-02,872371054.1435543,40549693.0,21.513629070966193
lending,sonne_finance,sonne-finance,2023-03,210915524.64478788,40284530.0,5.2356456596313246
lending,sonne_finance,sonne-finance,2023-04,74493639.46728447,37659311.0,1.9780935309008831
lending,sonne_finance,sonne-finance,2023-05,41229080.33629923,29670928.0,1.3895446861756138
lending,sonne_finance,sonne-finance,2023-06,77887378.01840526,33993274.0,2.2912585006788477
lending,sonne_finance,sonne-finance,2023-07,83471622.64722416,39780764.0,2.0982910898147695
lending,sonne_finance,sonne-finance,2023-08,138777608.32871777,32391207.0,4.28442226091537
lending,sonne_finance,sonne-finance,2023-09,82366691.51356517,36508025.0,2.256125646719185
lending,sonne_finance,sonne-finance,2023-10,60804349.004724324,37976145.0,1.6011195713710362
lending,sonne_finance,sonne-finance,2023-11,64474207.42142646,36671557.0,1.7581529854711775
lending,sonne_finance,sonne-finance,2023-12,52776476.971710205,47518008.0,1.1106626559705577
lending,sonne_finance,sonne-finance,2024-01,65399329.40570699,37015619.0,1.7668036135153375
lending,sonne_finance,sonne-finance,2024-02,48118310.81396747,41681244.0,1.1544355733232785
lending,sonne_finance,sonne-finance,2024-03,57569924.83996962,42167024.0,1.3652830904066082
lending,sonne_finance,sonne-finance,2024-04,60682785.671811536,25992.0,2334.6716555790836
lending,sonne_finance,sonne-finance,2024-05,36575958.608293146,29201.0,1252.5584263653006
lending,sonne_finance,sonne-finance,2024-06,645811.76553184,20123.0,32.09321500431546
lending,sonne_finance,sonne-finance,2024-07,174278.58034338846,22116.0,7.880203488125722
lending,sonne_finance,sonne-finance,2024-08,38260.998450907675,372037.0,0.10284191747301391
lending,sonne_finance,sonne-finance,2024-09,95739.22020172041,394961.0,0.24240170599558036
lending,sonne_finance,sonne-finance,2024-10,121807.04160332891,382307.0,0.3186105449372596
lending,sonne_finance,sonne-finance,2024-11,92901.11277557357,558342.0,0.16638747000149293
lending,sonne_finance,sonne-finance,2024-12,141923.25544615407,501982.0,0.28272578587709135
lending,sonne_finance,sonne-finance,2025-01,91964.96311154714,493767.0,0.18625174041915954
lending,sonne_finance,sonne-finance,2025-02,30530.939043128186,327506.0,0.0932225334593204
lending,sonne_finance,sonne-finance,2025-03,39646.87266159877,273554.0,0.14493252762379188
lending,sonne_finance,sonne-finance,2025-04,11610.207227683293,205079.0,0.0566133403599749
lending,sonne_finance,sonne-finance,2025-05,773.4371958696426,275099.0,0.002811486758838246
lending,sonne_finance,sonne-finance,2025-06,921.5194054158508,277846.0,0.003316655288958095
lending,sonne_finance,sonne-finance,2025-07,441.4362482911414,393802.0,0.0011209598942898752
lending,sonne_finance,sonne-finance,2025-08,1023.559237400919,471160.0,0.002172423884457337
lending,sonne_finance,sonne-finance,2025-09,5061.450045969865,433387.0,0.011678822959548543
lending,sonne_finance,sonne-finance,2025-10,5306.816588547261,403345.0,0.013157015925689573
lending,sonne_finance,sonne-finance,2025-11,16485.643307487255,309999.0,0.05317966608759143
lending,sonne_finance,sonne-finance,2025-12,1768.4867890763405,300077.0,0.00589344331313743
lending,sonne_finance,sonne-finance,2026-01,21481.268354348646,232654.0,0.09233139492271203
lending,sonne_finance,sonne-finance,2026-02,9672.363445134875,131728.0,0.07342678432174538
lending,sonne_finance,sonne-finance,2026-03,249.57157190325805,139044.0,0.0017949107613651654
lending,sonne_finance,sonne-finance,2026-04,3647.8802008143502,151408.0,0.024093047928870008
lending,sonne_finance,sonne-finance,2026-05,5432.738185757858,135481.0,0.040099631577548575
lending,spark,spark,2023-05,5189976.602997713,10756027.0,0.4825179969330416
lending,spark,spark,2023-06,9816209.726631464,22614638.0,0.43406441998458983
lending,spark,spark,2023-07,21413033.494050484,56032036.0,0.38215697702026186
lending,spark,spark,2023-08,432522514.1489162,425331598.0,1.0169066116477812
lending,spark,spark,2023-09,144475627.7001132,423378834.0,0.34124433272947513
lending,spark,spark,2023-10,225059197.38616672,585004839.0,0.38471339445820674
lending,spark,spark,2023-11,592740561.8941541,1039491346.0,0.5702217379442753
lending,spark,spark,2023-12,548156746.6831685,1642166515.0,0.33380095238585994
lending,spark,spark,2024-01,514501250.89754945,2101955072.0,0.2447727155309766
lending,spark,spark,2024-02,736245637.5205673,3522870492.0,0.2089902649536761
lending,spark,spark,2024-03,1181419602.2939587,3059666819.0,0.38612687988036737
lending,spark,spark,2024-04,456921885.6299512,2211072936.0,0.20665165684518658
lending,spark,spark,2024-05,484991613.375126,2808003074.0,0.17271762195197868
lending,spark,spark,2024-06,709507103.5090622,3232250454.0,0.2195087025607893
lending,spark,spark,2024-07,812701181.975094,2960051017.0,0.27455647801596456
lending,spark,spark,2024-08,466680949.9812227,2391884841.0,0.1951101248612423
lending,spark,spark,2024-09,247143737.1488224,2342354761.0,0.1055108053074384
lending,spark,spark,2024-10,793102310.1810551,2853449212.0,0.2779451293002565
lending,spark,spark,2024-11,1598118183.5214884,4585216630.0,0.3485371166686815
lending,spark,spark,2024-12,2285209455.300978,3815611414.0,0.5989104254474741
lending,spark,spark,2025-01,754403916.240783,3485229870.0,0.2164574344821574
lending,spark,spark,2025-02,680163063.9045956,2706308369.0,0.2513250417785615
lending,spark,spark,2025-03,464759057.6105192,2234248225.0,0.20801585625541638
lending,spark,spark,2025-04,490523982.17710716,3567476638.49887,0.13749886316943363
lending,spark,spark,2025-05,632004929.125756,5473448830.12797,0.11546740432594484
lending,spark,spark,2025-06,778608360.5565271,5956247738.36815,0.1307212854060776
lending,spark,spark,2025-07,1398037197.835956,6504693901.52649,0.21492743840073267
lending,spark,spark,2025-08,1604510698.9742162,6787800046.84905,0.2363815504139729
lending,spark,spark,2025-09,3638995244.51361,7606417339.32884,0.47841119967192075
lending,spark,spark,2025-10,4853906357.895736,8465706189.765511,0.573361069837717
lending,spark,spark,2025-11,3219110674.0594335,6470819032.08831,0.4974811778997532
lending,spark,spark,2025-12,894182774.9819225,6014967433.03083,0.14865962034500332
lending,spark,spark,2026-01,975535133.298555,4493919880.14238,0.21707888865781189
lending,spark,spark,2026-02,1228612192.3068495,3823751387.23815,0.3213106888715015
lending,spark,spark,2026-03,1061749523.8243096,3805555570.5504103,0.27899987377421087
lending,spark,spark,2026-04,3171786379.7871695,5298827201.22111,0.5985827163898143
lending,spark,spark,2026-05,2937371824.2602406,5070645783.98069,0.5792894927782293
lending,spark,spark,2026-06,1820364241.8501048,4467103167.69811,0.40750441024359313
lending,strike,strike,2021-09,3852408.5907604718,29065985.0,0.13254010110995626
lending,strike,strike,2021-10,6536844.8310296,34082565.0,0.1917943919722474
lending,strike,strike,2021-11,849089.98,31284340.0,0.027141054597923434
lending,strike,strike,2021-12,2919531.989157933,28973946.0,0.10076404467509993
lending,strike,strike,2022-01,3832897.411995744,24258539.0,0.15800198899017553
lending,strike,strike,2022-02,4548532.828523348,29527533.0,0.15404378105422312
lending,strike,strike,2022-03,4801939.995496905,35472305.0,0.13537152422141457
lending,strike,strike,2022-04,15385986.098138005,28043463.0,0.5486478648567049
lending,strike,strike,2022-05,9048793.903635865,23167034.0,0.3905892270730843
lending,strike,strike,2022-06,11704891.996932741,13751275.0,0.8511859443529958
lending,strike,strike,2022-07,4567593.615217805,16138166.0,0.2830305262207493
lending,strike,strike,2022-08,2613990.397989999,15930071.0,0.16409157234704094
lending,strike,strike,2022-09,5109962.259275608,15040673.0,0.3397429263488148
lending,strike,strike,2022-10,1330525.5762277448,16006473.0,0.0831242195721534
lending,strike,strike,2022-11,1827175.9810640002,14631551.0,0.12487917248581508
lending,strike,strike,2022-12,3839147.140699,11564483.0,0.331977412280255
lending,strike,strike,2023-01,321285.9974691578,13384076.0,0.024005093625376738
lending,strike,strike,2023-02,552561.4996617764,13933408.0,0.039657311381521045
lending,strike,strike,2023-03,9611975.96416727,13564570.0,0.708608969113453
lending,strike,strike,2023-04,4124198.524318264,14958283.0,0.2757133639147129
lending,strike,strike,2023-05,6323768.941386844,13644146.0,0.4634785454059817
lending,strike,strike,2023-06,15025975.472202675,16529779.0,0.9090245835835238
lending,strike,strike,2023-07,1905185.6244442954,14279813.0,0.13341810739708534
lending,strike,strike,2023-08,4680977.665820356,14203372.0,0.3295680536861498
lending,strike,strike,2023-09,4292994.209121593,13087417.0,0.32802456047068673
lending,strike,strike,2023-10,6576680.1690820595,16468440.0,0.3993505255556725
lending,strike,strike,2023-11,4312234.415301495,18086286.0,0.2384256455582697
lending,strike,strike,2023-12,8408329.187588254,19097796.0,0.4402774638281954
lending,strike,strike,2024-01,949730.4581999999,16959978.0,0.05599833078792908
lending,strike,strike,2024-02,1853549.5643490187,23599974.0,0.07854032230497451
lending,strike,strike,2024-03,2279547.416525,23763564.0,0.09592615890970731
lending,strike,strike,2024-04,748496.633478797,9459010.0,0.0791305467991679
lending,strike,strike,2024-05,3407965.2873553676,12796426.0,0.2663216500728694
lending,strike,strike,2024-06,2898028.2541887774,10285326.0,0.28176338350274727
lending,strike,strike,2024-07,3425390.0124714337,11795183.0,0.29040583876243664
lending,strike,strike,2024-08,3960259.7808724153,8853878.0,0.44729098151933144
lending,strike,strike,2024-09,242752.8246299302,8841909.0,0.027454797898274028
lending,strike,strike,2024-10,780525.0985996991,7247168.0,0.10770070441304784
lending,strike,strike,2024-11,7813984.669864737,14777287.0,0.5287834410920447
lending,strike,strike,2024-12,1140291.1679102199,11541142.0,0.0988022821233999
lending,strike,strike,2025-01,3832679.032200802,17041790.0,0.2248988534772933
lending,strike,strike,2025-02,679156.6482325731,11595309.0,0.05857167309923117
lending,strike,strike,2025-03,3083377.058209433,11433682.0,0.2696749007195961
lending,strike,strike,2025-04,3727459.863461552,13050403.0,0.2856202880065506
lending,strike,strike,2025-05,3069718.9061891492,9336846.0,0.3287747175212217
lending,strike,strike,2025-06,3413664.014611682,9452613.0,0.3611344307242539
lending,strike,strike,2025-07,2507769.421908599,4852459.0,0.5168038353149607
lending,strike,strike,2025-08,379164.61873241776,29485.0,12.85957669094176
lending,strike,strike,2025-09,10442.144771700001,38214.0,0.2732544295729314
lending,strike,strike,2025-10,1997.14263066068,19495.0,0.10244383845399743
lending,strike,strike,2025-11,21991.863685718752,4668.0,4.711196162321927
lending,strike,strike,2025-12,1.273127568652898,3100.0,0.00041068631246867675
lending,strike,strike,2026-04,2.000416e-06,5586.0,3.5811242391693516e-10
lending,uwulend,uwu-lend,2022-09,448007529.0359542,52374995.0,8.553843853082071
lending,uwulend,uwu-lend,2022-10,172125833.6529795,55089144.0,3.124496428061752
lending,uwulend,uwu-lend,2022-11,32566715.005794123,49655715.0,0.6558502884470423
lending,uwulend,uwu-lend,2022-12,98813752.38404752,45433202.0,2.1749238009693337
lending,uwulend,uwu-lend,2023-01,65657883.435213864,70741214.0,0.9281418811276531
lending,uwulend,uwu-lend,2023-02,24640536.716593023,66651250.0,0.36969354238057084
lending,uwulend,uwu-lend,2023-03,15519725.393900827,62536344.0,0.2481712937024401
lending,uwulend,uwu-lend,2023-04,3020365.7330736513,60173762.0,0.05019406519861017
lending,uwulend,uwu-lend,2023-05,3186006.787794284,58272504.0,0.054674272926289284
lending,uwulend,uwu-lend,2023-06,21664032.267763592,49006490.0,0.4420645565059565
lending,uwulend,uwu-lend,2023-07,28096605.73969154,87104345.0,0.3225626200356772
lending,uwulend,uwu-lend,2023-08,10198038.413971312,53440655.0,0.1908292182042176
lending,uwulend,uwu-lend,2023-09,10470749.251690341,35073285.0,0.2985391659689231
lending,uwulend,uwu-lend,2023-10,15442384.097901043,32616575.0,0.4734520438734307
lending,uwulend,uwu-lend,2023-11,2490530.2060340396,15768465.0,0.15794373174776616
lending,uwulend,uwu-lend,2023-12,31040845.561618533,13743841.0,2.258527696996679
lending,uwulend,uwu-lend,2024-01,25829763.12033549,20167346.0,1.2807715561747932
lending,uwulend,uwu-lend,2024-02,25782760.495381627,20401789.0,1.26374998267954
lending,uwulend,uwu-lend,2024-03,24642761.423435193,29597460.0,0.8325971696029049
lending,uwulend,uwu-lend,2024-04,26416975.778680947,28115343.0,0.9395928685159896
lending,uwulend,uwu-lend,2024-05,3822232.623926713,27148540.0,0.1407896197705922
lending,uwulend,uwu-lend,2024-06,9229295080.615248,228943.0,40312.63275407087
lending,uwulend,uwu-lend,2024-07,15020299.3887673,3223017.0,4.660322731393381
lending,uwulend,uwu-lend,2024-08,8389012.219605332,3115148.0,2.6929738874703006
lending,uwulend,uwu-lend,2024-09,559061.8235518181,2133404.0,0.26205154933234315
lending,uwulend,uwu-lend,2024-10,3311828.7139424556,2408776.0,1.3749010758752394
lending,uwulend,uwu-lend,2024-11,626497.506758557,954130.0,0.65661650588343
lending,uwulend,uwu-lend,2024-12,2388500.2962000323,714983.0,3.340639282612359
lending,uwulend,uwu-lend,2025-01,181198.81937455278,183628.0,0.9867711861728755
lending,uwulend,uwu-lend,2025-02,468106.38650285354,127578.0,3.6691779656590757
lending,uwulend,uwu-lend,2025-03,5142.66501635749,201602.0,0.025508998007745406
lending,uwulend,uwu-lend,2025-04,38284.915939164755,429674.0,0.08910224016152887
lending,uwulend,uwu-lend,2025-05,34382.102603,752619.0,0.04568327746575625
lending,uwulend,uwu-lend,2025-06,27220.151452774986,316198.0,0.08608577996310851
lending,uwulend,uwu-lend,2025-07,116542.08446450511,335895.0,0.3469598668170265
lending,uwulend,uwu-lend,2025-08,5.222249457057001,344557.0,1.5156416665622817e-05
lending,uwulend,uwu-lend,2025-09,2758.9152935742213,314316.0,0.008777521009347986
lending,uwulend,uwu-lend,2025-10,5004.749166542881,357426.0,0.014002196724756678
lending,uwulend,uwu-lend,2026-01,2001.3018332823667,288530.0,0.006936200163873312
lending,uwulend,uwu-lend,2026-02,496.21349999999995,282560.0,0.0017561349801812002
lending,uwulend,uwu-lend,2026-05,21.124465991035,215734.0,9.791903914559132e-05
lending,venus,venus-core-pool,2025-02,322488.08673344576,1641277795.0,0.00019648598653797407
lending,venus,venus-core-pool,2025-03,2552473.1553890374,1686346248.0,0.00151361154829043
lending,venus,venus-core-pool,2025-04,28684708.498497117,1666821598.0,0.01720922535016079
lending,venus,venus-core-pool,2025-05,320878454.04887766,1526713317.0,0.21017597113740094
lending,venus,venus-core-pool,2025-06,159322369.98925528,1631106351.0,0.09767748736406905
lending,venus,venus-core-pool,2025-07,130666576.63188066,1865873596.0,0.07002970453732743
lending,venus,venus-core-pool,2025-08,62924291.52840676,1889091681.0,0.03330928411854393
lending,venus,venus-core-pool,2025-09,3683750.6737065054,1877038489.0,0.0019625333712091535
lending,venus,venus-core-pool,2025-10,7608.664478631986,2001219178.0,3.8020145730544193e-06
lending,venus,venus-core-pool,2025-11,21293.361129849465,1476269835.0,1.4423759549248979e-05
lending,venus,venus-core-pool,2025-12,1794.517823989551,1548372524.0,1.1589703357391473e-06
lending,venus,venus-core-pool,2026-01,4050.5010646322285,1429165280.0,2.8341725910331576e-06
lending,venus,venus-core-pool,2026-02,6847.6875381911495,1280623500.0,5.3471512417124545e-06
lending,venus,venus-core-pool,2026-03,1123.7169494930474,1153862349.0,9.738743537883195e-07
lending,zerolend,zerolend,2023-07,19739.63654934714,12164.0,1.6227915611104191
lending,zerolend,zerolend,2023-08,1049047.6854996367,148760.0,7.0519473346305235
lending,zerolend,zerolend,2023-09,10100822.801113851,521024.0,19.386482774524495
lending,zerolend,zerolend,2023-10,24263589.53012343,1097055.0,22.117021963459838
lending,zerolend,zerolend,2023-11,22853572.02461261,1257999.0,18.166605875372404
lending,zerolend,zerolend,2023-12,41187878.83258749,3116954.0,13.214143947131555
lending,zerolend,zerolend,2024-01,89083599.3662956,34136987.0,2.609591741834029
lending,zerolend,zerolend,2024-02,164082432.3279575,60824936.0,2.697617837657199
lending,zerolend,zerolend,2024-03,153924979.2465829,89949906.0,1.7112300178121687
lending,zerolend,zerolend,2024-04,97274970.6286163,211285970.0,0.4603948413073348
lending,zerolend,zerolend,2024-05,51192807.152659014,240746687.0,0.2126417928760906
lending,zerolend,zerolend,2024-06,2579758.444292818,283021379.0,0.00911506563005199
lending,zerolend,zerolend,2024-07,465285.38175980165,273706179.0,0.0016999447489996259
lending,zerolend,zerolend,2024-08,236499.5812006081,205947797.0,0.0011483472251009711
lending,zerolend,zerolend,2024-09,94277.13775866515,224251014.0,0.0004204089697389959
lending,zerolend,zerolend,2024-10,135592.75364757798,228761863.0,0.0005927244684468144
lending,zerolend,zerolend,2024-11,137530.17348769784,285150939.0,0.0004823065775971295
lending,zerolend,zerolend,2024-12,807604.659887117,231150154.0,0.003493853003823294
lending,zerolend,zerolend,2025-01,62200830.06380674,179318965.0,0.34687256902139013
lending,zerolend,zerolend,2025-02,57888025.279886305,88214649.0,0.6562178270401133
lending,zerolend,zerolend,2025-03,39382576.98285276,39259802.0,1.0031272440664056
lending,zerolend,zerolend,2025-04,523321.5220148782,42499903.0,0.0123134756805181
lending,zerolend,zerolend,2025-05,153731.37833027227,34832842.0,0.004413403256911173
lending,zerolend,zerolend,2025-06,47191.08911470307,48800564.0,0.0009670193384384466
lending,zerolend,zerolend,2025-07,192313.7858120318,59200605.0,0.003248510480797144
lending,zerolend,zerolend,2025-08,41726.457776836716,74955336.0,0.0005566842869844078
lending,zerolend,zerolend,2025-09,108404.34951248967,62936190.0,0.0017224485548376805
lending,zerolend,zerolend,2025-10,271937.4125400056,40209402.0,0.0067630305106254895
lending,zerolend,zerolend,2025-11,61347.37322487584,17251485.0,0.003556063331642223
lending,zerolend,zerolend,2025-12,75503.72242274748,10103390.0,0.007473107780927736
lending,zerolend,zerolend,2026-01,413329.4425199292,8066095.0,0.051242818553454826
lending,zerolend,zerolend,2026-02,393732.3495547953,6136975.0,0.06415739831998588
lending,zerolend,zerolend,2026-03,101278.60916298085,5931145.0,0.017075726383856887
lending,zerolend,zerolend,2026-04,46518.04808998863,6041710.0,0.007699483770321421
lending,zerolend,zerolend,2026-05,1461.101853362,5454261.0,0.00026788264319620934
lending,zerolend,zerolend,2026-06,70569.04119999999,4604230.0,0.015327001735360743
perpetual,bmx,bmx,2023-09,291526.6099968563,350988.0,0.8305885386305409
perpetual,bmx,bmx,2023-10,3188256.564747714,496976.0,6.41531294216967
perpetual,bmx,bmx,2023-11,3228944.6065524938,514112.0,6.280624857137148
perpetual,bmx,bmx,2023-12,3362855.43277096,738901.0,4.551158318598784
perpetual,bmx,bmx,2024-01,6583875.39959822,813780.0,8.09048563444447
perpetual,bmx,bmx,2024-02,10263696.48585419,834812.0,12.29462020892631
perpetual,bmx,bmx,2024-03,7756869.950373613,1228952.0,6.31177617219681
perpetual,bmx,bmx,2024-04,3799575.5703582475,1302590.0,2.9169389987319474
perpetual,bmx,bmx,2024-05,6855300.509711929,2753677.0,2.4895078506709134
perpetual,bmx,bmx,2024-06,691614.1853956293,2040914.0,0.3388747322991705
perpetual,bmx,bmx,2024-07,2139777.1532098697,1679194.0,1.2742882318599695
perpetual,bmx,bmx,2024-08,2323479.5782636064,1340643.0,1.733108350443486
perpetual,bmx,bmx,2024-09,5232372.704474455,1663997.0,3.1444604193844428
perpetual,bmx,bmx,2024-10,7341688.234728099,2537492.0,2.8932852733045458
perpetual,bmx,bmx,2024-11,32334993.532695226,3509480.0,9.213613849543302
perpetual,bmx,bmx,2024-12,34062522.375099555,4387466.0,7.763598025625624
perpetual,bmx,bmx,2025-01,22176694.365481216,4226249.0,5.247370508808453
perpetual,bmx,bmx,2025-02,16496121.387160521,2988220.0,5.5203838362505175
perpetual,bmx,bmx,2025-03,14026039.697573826,3117630.0,4.4989430104193975
perpetual,bmx,bmx,2025-04,11020758.252955921,2294932.0,4.802215600704474
perpetual,bmx,bmx,2025-05,10313419.622619683,2453631.0,4.2033295237220605
perpetual,bmx,bmx,2025-06,2927962.9886179036,2360400.0,1.2404520372046701
perpetual,bmx,bmx,2025-07,301471.49125153956,2223728.0,0.13557030862207048
perpetual,bmx,bmx,2025-08,1582045.2540510881,2017868.0,0.7840182083521262
perpetual,bmx,bmx,2025-09,990545.873018482,1972094.0,0.5022812670280838
perpetual,bmx,bmx,2025-10,541007.5313918566,2215065.0,0.244240025187458
perpetual,bmx,bmx,2025-11,121373.71505952583,1722345.0,0.07047003652550786
perpetual,bmx,bmx,2025-12,13691.00899256457,1503513.0,0.009106013045823062
perpetual,bmx,bmx,2026-01,18234.529427273792,1046670.0,0.017421469448129584
perpetual,bmx,bmx,2026-02,24094.41746100224,824308.0,0.029229872160651406
perpetual,bmx,bmx,2026-03,129.98110704626058,761502.0,0.00017069043422901132
perpetual,bmx,bmx,2026-05,2500.0000000000005,671143.0,0.0037249885642851085
perpetual,bmx,bmx,2026-06,2028.300889996251,568102.0,0.0035703111237000594
perpetual,FXDX,fxdx,2023-05,155699.4674047567,16972.0,9.173902156773314
perpetual,FXDX,fxdx,2023-06,251274.8316658428,21587.0,11.640099674148459
perpetual,FXDX,fxdx,2023-07,135241.97908538353,21013.0,6.436109983599844
perpetual,FXDX,fxdx,2023-08,243550.58947089405,56652.0,4.299064277887701
perpetual,FXDX,fxdx,2023-09,43993.28378225266,217738.0,0.20204688103249163
perpetual,FXDX,fxdx,2023-10,8096.272697437331,369178.0,0.02193053946182419
perpetual,FXDX,fxdx,2023-11,8963.634211065093,335098.0,0.02674929188197212
perpetual,FXDX,fxdx,2023-12,13432.21135596856,205275.0,0.06543520329299019
perpetual,FXDX,fxdx,2024-01,2420.9945864506008,185318.0,0.013064001265125896
perpetual,FXDX,fxdx,2024-02,407.99999999999994,212311.0,0.0019217091907626075
perpetual,FXDX,fxdx,2024-03,41.112970721518984,191676.0,0.00021449201110999283
perpetual,gains_network,gains-network,2024-11,0.0994149074121834,38070035.0,2.6113689523054917e-09
perpetual,gains_network,gains-network,2024-12,0.48912624222855045,26705751.0,1.8315389903416325e-08
perpetual,gains_network,gains-network,2025-01,0.396069306393884,28879521.0,1.3714538630813301e-08
perpetual,gains_network,gains-network,2025-02,0.12479568618029557,27780576.0,4.492192177019496e-09
perpetual,gains_network,gains-network,2025-03,0.09179957265061904,25266104.0,3.633309379658179e-09
perpetual,gains_network,gains-network,2025-04,0.05106356556990786,25766073.0,1.9818140533059835e-09
perpetual,gains_network,gains-network,2025-05,0.10169221433961845,28293252.0,3.5942214892660077e-09
perpetual,gains_network,gains-network,2025-06,0.08797503816751698,26142078.0,3.3652656903371252e-09
perpetual,gains_network,gains-network,2025-07,0.0359700185416925,26600682.0,1.3522216664103764e-09
perpetual,gains_network,gains-network,2025-08,0.01942010263346935,29219539.0,6.646272767503058e-10
perpetual,gains_network,gains-network,2025-09,0.018608747913794205,25755350.0,7.225197061501476e-10
perpetual,gains_network,gains-network,2025-10,0.016439672907692948,26569203.0,6.187491927286245e-10
perpetual,gains_network,gains-network,2025-11,0.016540274766941074,26572669.0,6.22454401059264e-10
perpetual,gains_network,gains-network,2025-12,0.0012353602302680798,23456155.0,5.266678320756662e-11
perpetual,gains_network,gains-network,2026-01,0.007455511404489497,24846243.0,3.0006594576449636e-10
perpetual,gains_network,gains-network,2026-02,0.0015626187007,21768927.0,7.178207270849868e-11
perpetual,gains_network,gains-network,2026-03,4.900667965e-05,19238790.0,2.5472849202054807e-12
perpetual,gains_network,gains-network,2026-04,7.161768233999999e-05,14620977.0,4.898282949217415e-12
perpetual,gains_network,gains-network,2026-06,7.380149773542912e-05,14754575.0,5.001939922731026e-12
perpetual,hubble_exchange,hubble-exchange,2022-08,18665805.082763977,4573737.0,4.081084041947313
perpetual,hubble_exchange,hubble-exchange,2022-09,23373155.23843309,4441475.0,5.2624759203717435
perpetual,hubble_exchange,hubble-exchange,2022-10,15277174.605209963,4177248.0,3.6572342856373297
perpetual,hubble_exchange,hubble-exchange,2022-11,15528921.674316995,3195751.0,4.859240183079656
perpetual,hubble_exchange,hubble-exchange,2022-12,7149023.467011989,3003592.0,2.3801579798494568
perpetual,hubble_exchange,hubble-exchange,2023-01,24241751.18468993,3722817.0,6.51166876714325
perpetual,hubble_exchange,hubble-exchange,2023-02,15487643.983338963,3288521.0,4.7096077486927905
perpetual,hubble_exchange,hubble-exchange,2023-03,15871066.955825979,3212188.0,4.940889809633178
perpetual,hubble_exchange,hubble-exchange,2023-04,10462715.868557993,2767429.0,3.7806627987774912
perpetual,hubble_exchange,hubble-exchange,2023-05,4739960.084374997,2566313.0,1.846992196343547
perpetual,hubble_exchange,hubble-exchange,2023-06,4233595.080599001,309111.0,13.69603501848527
perpetual,meridian,meridian-trade,2023-08,50912.08545464804,52853.0,0.963277116807902
perpetual,meridian,meridian-trade,2023-09,7297.906164526924,50122.0,0.1456028523308512
perpetual,meridian,meridian-trade,2023-10,36340.56003191875,45397.0,0.800505760995633
perpetual,meridian,meridian-trade,2023-11,58736.658976727944,17729.0,3.313027185781936
perpetual,meridian,meridian-trade,2023-12,3384.7140793202966,6921.0,0.4890498597486341
perpetual,meridian,meridian-trade,2024-01,942.6075,5222.0,0.18050698965913442
perpetual,meridian,meridian-trade,2024-04,302.3556929676923,7649.0,0.039528787157496706
perpetual,meridian,meridian-trade,2024-05,526.0204742834645,9649.0,0.05451554298719707
perpetual,meridian,meridian-trade,2024-06,21.18950605233533,8609.0,0.002461320252333062
perpetual,meridian,meridian-trade,2024-07,72.57232798937396,29013.0,0.0025013727635671583
perpetual,meridian,meridian-trade,2024-08,1723.7903667585772,19748.0,0.08728936432846755
perpetual,meridian,meridian-trade,2025-02,23.2245237938417,434.0,0.05351272763557996
perpetual,Mummy Finance,mummy-finance,2023-03,9855038.91603719,18539561.0,0.5315680838417475
perpetual,Mummy Finance,mummy-finance,2023-04,16722467.096973514,16313866.0,1.0250462457503031
perpetual,Mummy Finance,mummy-finance,2023-05,21414942.898797426,8464605.0,2.529940014778885
perpetual,Mummy Finance,mummy-finance,2023-06,1833767.8214467263,7783388.0,0.23560020667692866
perpetual,Mummy Finance,mummy-finance,2023-07,3730932.857350796,3810175.0,0.9792024926285002
perpetual,Mummy Finance,mummy-finance,2023-08,5387237.951260415,4576150.0,1.1772424311398042
perpetual,Mummy Finance,mummy-finance,2023-09,2057762.1487654385,4547435.0,0.4525105138974913
perpetual,Mummy Finance,mummy-finance,2023-10,2055735.5368617997,1726064.0,1.1909961257878037
perpetual,Mummy Finance,mummy-finance,2023-11,1591462.0598733537,1646957.0,0.9663045603943234
perpetual,Mummy Finance,mummy-finance,2023-12,932200.6647507367,2246545.0,0.4149485831580212
perpetual,Mummy Finance,mummy-finance,2024-01,668492.286633103,1899232.0,0.3519803197466676
perpetual,Mummy Finance,mummy-finance,2024-02,307511.6054655345,2117848.0,0.14520003582199217
perpetual,Mummy Finance,mummy-finance,2024-03,1013507.5431215432,2832101.0,0.3578641945049076
perpetual,Mummy Finance,mummy-finance,2024-04,1261753.9145827093,2737534.0,0.46090894746246414
perpetual,Mummy Finance,mummy-finance,2024-05,523544.26800297684,2938249.0,0.17818240319420744
perpetual,Mummy Finance,mummy-finance,2024-06,205948.551350411,2578036.0,0.07988583221894922
perpetual,Mummy Finance,mummy-finance,2024-07,346554.5124358637,2398674.0,0.1444775373543315
perpetual,Mummy Finance,mummy-finance,2024-08,256306.8913628072,2147537.0,0.11934923187018766
perpetual,Mummy Finance,mummy-finance,2024-09,113187.12265155572,2328361.0,0.048612359789377904
perpetual,Mummy Finance,mummy-finance,2024-10,934629.4745771539,2313278.0,0.404028168934799
perpetual,Mummy Finance,mummy-finance,2024-11,1440498.4355212615,2512701.0,0.5732868477074119
perpetual,Mummy Finance,mummy-finance,2024-12,125047.99889665353,2250499.0,0.05556456541267227
perpetual,Mummy Finance,mummy-finance,2025-01,40200.31167661994,1092418.0,0.036799386019472344
perpetual,Mummy Finance,mummy-finance,2025-02,146147.699067713,672834.0,0.21721211928605422
perpetual,Mummy Finance,mummy-finance,2025-03,40220.34966643405,534229.0,0.07528672098750545
perpetual,Mummy Finance,mummy-finance,2025-04,11011.064578614849,544364.0,0.020227393028589048
perpetual,Mummy Finance,mummy-finance,2025-05,34.0,584886.0,5.8130986209278387e-05
perpetual,Mummy Finance,mummy-finance,2025-06,171.87183732025,577323.0,0.00029770481571018303
perpetual,mummy_finance,mummy-finance,2023-10,6447.156768358947,1726064.0,0.003735178283284367
perpetual,mummy_finance,mummy-finance,2023-11,2487.5049645545705,1646957.0,0.001510364244211944
perpetual,mummy_finance,mummy-finance,2023-12,8829.761016491888,2246545.0,0.0039303735364712876
perpetual,mummy_finance,mummy-finance,2024-01,820.0491331632827,1899232.0,0.0004317793366809756
perpetual,mummy_finance,mummy-finance,2024-02,5424.45059233422,2117848.0,0.0025613030738439306
perpetual,mummy_finance,mummy-finance,2024-03,138.0993717760441,2832101.0,4.876216341721009e-05
perpetual,mummy_finance,mummy-finance,2024-04,32.20518413173652,2737534.0,1.1764304710639766e-05
perpetual,mummy_finance,mummy-finance,2024-06,103.60542682320167,2578036.0,4.018773470316228e-05
perpetual,mummy_finance,mummy-finance,2024-12,506.9499455553356,2250499.0,0.00022526112900087296
perpetual,mux_protocol,mux-protocol,2023-01,389.5641999999965,11182429.0,3.48371717808355e-05
perpetual,mux_protocol,mux-protocol,2023-02,1241492.7316299912,13074406.0,0.09495595682358275
perpetual,mux_protocol,mux-protocol,2023-03,417834.8974700046,19737570.0,0.02116952073988868
perpetual,mux_protocol,mux-protocol,2023-04,467590.3286700046,34224505.0,0.013662442412826851
perpetual,mux_protocol,mux-protocol,2023-05,615777.5716499956,44491512.0,0.013840338167199075
perpetual,mux_protocol,mux-protocol,2023-06,1860664.8197700186,53962393.0,0.034480769223299984
perpetual,mux_protocol,mux-protocol,2023-07,1492739.3173499997,58464367.0,0.025532463514913274
perpetual,mux_protocol,mux-protocol,2023-08,3213718.6633900013,53464147.0,0.06010979027477987
perpetual,mux_protocol,mux-protocol,2023-09,830629.2515399812,50073100.0,0.0165883328881172
perpetual,mux_protocol,mux-protocol,2023-10,560535.2207999987,56782644.0,0.00987159422868718
perpetual,mux_protocol,mux-protocol,2023-11,934581.5494633302,62223689.0,0.015019706553613852
perpetual,mux_protocol,mux-protocol,2023-12,2727277.025658188,63487654.0,0.042957596537717205
perpetual,mux_protocol,mux-protocol,2024-01,412996.03433511074,57963560.0,0.007125097808607869
perpetual,mux_protocol,mux-protocol,2024-02,88279.04695019584,76351272.0,0.0011562223475490472
perpetual,mux_protocol,mux-protocol,2024-03,515019.9135129627,68762284.0,0.007489860480971847
perpetual,mux_protocol,mux-protocol,2024-04,1981354.6568354059,46737113.0,0.04239360391891142
perpetual,mux_protocol,mux-protocol,2024-05,2680614.554840904,43194019.0,0.06205985497299763
perpetual,mux_protocol,mux-protocol,2024-06,3443442.523082927,27381114.0,0.1257597672279852
perpetual,mux_protocol,mux-protocol,2024-07,109484.8625638791,34172607.0,0.003203877964706617
perpetual,mux_protocol,mux-protocol,2024-08,73188.29677212168,37608133.0,0.0019460763120605238
perpetual,mux_protocol,mux-protocol,2024-09,9305.611987902463,35246903.0,0.00026401218818863215
perpetual,mux_protocol,mux-protocol,2024-10,125035.67834000006,21104632.0,0.005924560937144038
perpetual,mux_protocol,mux-protocol,2024-11,98899.70118000018,21613386.0,0.00457585411096624
perpetual,mux_protocol,mux-protocol,2024-12,246632.70503000004,19478481.0,0.012661803814681445
perpetual,mux_protocol,mux-protocol,2025-01,138913.06822999998,18667880.0,0.007441287828612567
perpetual,mux_protocol,mux-protocol,2025-02,79410.58167999999,15813830.0,0.005021590701303858
perpetual,mux_protocol,mux-protocol,2025-03,35275.49361999992,14419181.0,0.0024464283803636226
perpetual,mux_protocol,mux-protocol,2025-04,29390.987500000003,13649822.0,0.0021532139759771226
perpetual,mux_protocol,mux-protocol,2025-05,29215.780019999984,13369639.0,0.002185233275184168
perpetual,mux_protocol,mux-protocol,2025-06,23238.969200000007,12628479.0,0.001840203337234833
perpetual,mux_protocol,mux-protocol,2025-07,36158.653999999995,11871643.0,0.0030458003159293113
perpetual,mux_protocol,mux-protocol,2025-08,82745.94130000076,10211735.0,0.008103024735757514
perpetual,mux_protocol,mux-protocol,2025-09,83182.38440000018,11644111.0,0.007143729942114103
perpetual,mux_protocol,mux-protocol,2025-10,50495.90089000028,12105549.0,0.004171302011168621
perpetual,mux_protocol,mux-protocol,2025-11,7923.673530000121,10972727.0,0.0007221243661671452
perpetual,mux_protocol,mux-protocol,2025-12,2192.065960000021,11738865.0,0.00018673576704391956
perpetual,mux_protocol,mux-protocol,2026-01,530.3686000000008,11320381.0,4.685077295543329e-05
perpetual,mux_protocol,mux-protocol,2026-02,6302.315559999977,9233502.0,0.000682548783765897
perpetual,mux_protocol,mux-protocol,2026-03,139.01509999999985,9004460.0,1.5438471601850623e-05
perpetual,mux_protocol,mux-protocol,2026-05,77.23288000000001,9440383.0,8.181117227976875e-06
perpetual,mux_protocol,mux-protocol,2026-06,0.12548000000000004,8016961.0,1.565181619319341e-08
perpetual,OPX Finance,opx-finance,2022-11,691044.475630758,847606.0,0.8152897403165598
perpetual,OPX Finance,opx-finance,2022-12,364942.4575370853,483832.0,0.7542751565359159
perpetual,OPX Finance,opx-finance,2023-01,790891.3480442286,645042.0,1.2261082968926498
perpetual,OPX Finance,opx-finance,2023-02,1082716.9467077374,629947.0,1.7187429207659333
perpetual,OPX Finance,opx-finance,2023-03,103001.74663874404,520041.0,0.19806466536050818
perpetual,OPX Finance,opx-finance,2023-04,66784.87095383492,439957.0,0.15179863248870895
perpetual,OPX Finance,opx-finance,2023-05,55747.72132800265,405484.0,0.13748439230155235
perpetual,OPX Finance,opx-finance,2023-06,7724.086451746578,385378.0,0.020042883744652205
perpetual,OPX Finance,opx-finance,2023-07,89.09982912305722,377281.0,0.00023616304325703446
perpetual,OPX Finance,opx-finance,2023-08,83.89234213190466,322125.0,0.00026043412380878433
perpetual,OPX Finance,opx-finance,2023-09,989.0992241184244,422449.0,0.0023413458763505758
perpetual,OPX Finance,opx-finance,2023-10,712.3889790837266,423900.0,0.001680559044783502
perpetual,OPX Finance,opx-finance,2023-11,41583.676259963424,327067.0,0.12714115535949339
perpetual,OPX Finance,opx-finance,2023-12,121497.15830025717,334893.0,0.3627939619527944
perpetual,OPX Finance,opx-finance,2024-01,91393.39793502014,311629.0,0.29327629307612624
perpetual,OPX Finance,opx-finance,2024-02,9154.005177020588,378252.0,0.024200811038727062
perpetual,Perpetual,perpetual-protocol,2021-11,16354133.255210746,9583243.0,1.7065343386587135
perpetual,Perpetual,perpetual-protocol,2021-12,503964086.2986688,22256347.0,22.64361201317848
perpetual,Perpetual,perpetual-protocol,2022-01,1673618061.4396012,30570679.0,54.74585832521421
perpetual,Perpetual,perpetual-protocol,2022-02,2047564653.7166727,34119774.0,60.01108488340728
perpetual,Perpetual,perpetual-protocol,2022-03,1785060323.0573938,48470872.0,36.82748523809091
perpetual,Perpetual,perpetual-protocol,2022-04,2711666231.906046,52503120.0,51.647716019658375
perpetual,Perpetual,perpetual-protocol,2022-05,2128645697.7755125,32162252.0,66.18459732780877
perpetual,Perpetual,perpetual-protocol,2022-06,913638926.4164246,29665479.0,30.798050704538586
perpetual,Perpetual,perpetual-protocol,2022-07,397484031.6231502,21641865.0,18.366440767611767
perpetual,Perpetual,perpetual-protocol,2022-08,827395705.5244913,21687927.0,38.15005950197505
perpetual,Perpetual,perpetual-protocol,2022-09,662854843.698093,22758358.0,29.125776283952167
perpetual,Perpetual,perpetual-protocol,2022-10,521853430.5608503,22224535.0,23.480960594264417
perpetual,Perpetual,perpetual-protocol,2022-11,579628475.6638768,16780325.0,34.54214835909774
perpetual,Perpetual,perpetual-protocol,2022-12,341643193.2731352,17264200.0,19.78911234074763
perpetual,Perpetual,perpetual-protocol,2023-01,654997133.4501742,16692536.0,39.23892292041031
perpetual,Perpetual,perpetual-protocol,2023-02,730343897.6091863,17594938.0,41.50875084693031
perpetual,Perpetual,perpetual-protocol,2023-03,986568178.7547197,17524804.0,56.295532820493726
perpetual,Perpetual,perpetual-protocol,2023-04,1105642125.0839543,17834288.0,61.995305059778914
perpetual,Perpetual,perpetual-protocol,2023-05,1126392252.521534,20421721.0,55.15657825907689
perpetual,Perpetual,perpetual-protocol,2023-06,912755975.9468336,18762118.0,48.648877272109345
perpetual,Perpetual,perpetual-protocol,2023-07,628252954.4767796,12618887.0,49.78671688531481
perpetual,Perpetual,perpetual-protocol,2023-08,548819444.0675932,12416069.0,44.20235132936143
perpetual,Perpetual,perpetual-protocol,2023-09,614570235.4147526,13465028.0,45.641957477901464
perpetual,Perpetual,perpetual-protocol,2023-10,452392203.2199626,12696326.0,35.63174127853701
perpetual,Perpetual,perpetual-protocol,2023-11,323687442.552275,8872270.0,36.483046903698266
perpetual,Perpetual,perpetual-protocol,2023-12,382983841.70755446,8476444.0,45.18213554027543
perpetual,Perpetual,perpetual-protocol,2024-01,511284275.45903885,8514185.0,60.050876914119065
perpetual,Perpetual,perpetual-protocol,2024-02,498457330.400461,8577293.0,58.11359486034359
perpetual,Perpetual,perpetual-protocol,2024-03,319424074.1071147,7287427.0,43.832215966913246
perpetual,Perpetual,perpetual-protocol,2024-04,115568491.93714453,7236690.0,15.969799996565355
perpetual,Perpetual,perpetual-protocol,2024-05,77623339.88092811,6965715.0,11.143628454642217
perpetual,Perpetual,perpetual-protocol,2024-06,39436966.443750925,5877819.0,6.7094557426404124
perpetual,Perpetual,perpetual-protocol,2024-07,46420413.94216414,5835830.0,7.954380772257612
perpetual,Perpetual,perpetual-protocol,2024-08,48452469.96130712,5155774.0,9.397710210204544
perpetual,Perpetual,perpetual-protocol,2024-09,32412764.264611773,5192757.0,6.241918168828577
perpetual,Perpetual,perpetual-protocol,2024-10,22039206.4645571,4414371.0,4.9926040345401645
perpetual,Perpetual,perpetual-protocol,2024-11,9421146.761196433,3488068.0,2.700964190261323
perpetual,Perpetual,perpetual-protocol,2024-12,9693233.131699923,3328199.0,2.9124559954798146
perpetual,Perpetual,perpetual-protocol,2025-01,4462814.004499851,3296280.0,1.3538940880325248
perpetual,Perpetual,perpetual-protocol,2025-02,5548415.302514562,3133054.0,1.7709287176392627
perpetual,Perpetual,perpetual-protocol,2025-03,3099397.6895553377,3037108.0,1.0205095405087135
perpetual,Perpetual,perpetual-protocol,2025-04,4034465.8104727636,2938490.0,1.3729724485952866
perpetual,Perpetual,perpetual-protocol,2025-05,1683137.8004273192,2941781.0,0.5721492525879116
perpetual,Perpetual,perpetual-protocol,2025-06,943702.452512992,2930646.0,0.3220117518502719
perpetual,Perpetual,perpetual-protocol,2025-07,1889803.9876985792,2810494.0,0.6724098993623823
perpetual,Perpetual,perpetual-protocol,2025-08,1451837.3574962593,2769921.0,0.5241439584364533
perpetual,Perpetual,perpetual-protocol,2025-09,1189016.453081882,2746672.0,0.4328934991443762
perpetual,Perpetual,perpetual-protocol,2025-10,1403514.2013134684,2650933.0,0.5294415970956144
perpetual,Perpetual,perpetual-protocol,2025-11,1146565.3370310243,2530111.0,0.4531679981751885
perpetual,Perpetual,perpetual-protocol,2025-12,656316.7362764622,2414451.0,0.2718285590705557
perpetual,Pika,pika-protocol,2021-11,2564881.697298602,227624.0,11.268063549092373
perpetual,Pika,pika-protocol,2021-12,4895649.70528907,285576.0,17.143071214979795
perpetual,Pika,pika-protocol,2022-01,20643227.995110504,296982.0,69.51003089450036
perpetual,Pika,pika-protocol,2022-02,67274477.98280376,2998059.0,22.43934424999767
perpetual,Pika,pika-protocol,2022-03,54254537.69190108,2851864.0,19.024237373135986
perpetual,Pika,pika-protocol,2022-04,131066138.41647023,4766856.0,27.495300553754976
perpetual,Pika,pika-protocol,2022-05,208285595.5538161,2149814.0,96.8854029017469
perpetual,Pika,pika-protocol,2022-06,310033335.6022203,1642120.0,188.8006574441699
perpetual,Pika,pika-protocol,2022-07,332834147.54533386,479046.0,694.7853599556909
perpetual,Pika,pika-protocol,2022-08,27538182.537655003,1264895.0,21.771121348139573
perpetual,Pika,pika-protocol,2022-09,126829882.61493763,9425301.0,13.456321725421569
perpetual,Pika,pika-protocol,2022-10,60830010.50787541,10067873.0,6.041992236878178
perpetual,Pika,pika-protocol,2022-11,163630416.44839233,8688177.0,18.83368817743841
perpetual,Pika,pika-protocol,2022-12,89144620.1870482,7815896.0,11.40555352669076
perpetual,Pika,pika-protocol,2023-01,176097314.5540367,10358410.0,17.000419422868635
perpetual,Pika,pika-protocol,2023-02,191344051.2202842,13774917.0,13.890758922197803
perpetual,Pika,pika-protocol,2023-03,162624000.96745175,12362119.0,13.155026332253536
perpetual,Pika,pika-protocol,2023-04,135309757.2397911,14865997.0,9.10196317406704
perpetual,Pika,pika-protocol,2023-05,183890223.61570305,13185494.0,13.946403799182878
perpetual,Pika,pika-protocol,2023-06,143242084.5972363,14426949.0,9.928785677223667
perpetual,Pika,pika-protocol,2023-07,80633023.11820135,5519869.0,14.607778394415039
perpetual,Pika,pika-protocol,2023-08,124376154.02072777,6738220.0,18.45831006122207
perpetual,Pika,pika-protocol,2023-09,79084798.67249398,6333198.0,12.48734030934987
perpetual,Pika,pika-protocol,2023-10,115995838.14631398,6022300.0,19.26105277822659
perpetual,Pika,pika-protocol,2023-11,142589305.42403895,5098799.0,27.96527288564208
perpetual,Pika,pika-protocol,2023-12,105650564.31986599,1579842.0,66.87413318538562
perpetual,Pika,pika-protocol,2024-01,38539835.7969662,779419.0,49.446877477924204
perpetual,Pika,pika-protocol,2024-02,102518.55128512677,608074.0,0.168595518448621
perpetual,Pika,pika-protocol,2024-03,13243.413723924701,577059.0,0.022949843471680886
perpetual,Pika,pika-protocol,2024-04,28894.711068784938,456507.0,0.06329522015825592
perpetual,Pika,pika-protocol,2024-05,14901.87354434157,416304.0,0.035795653042828245
perpetual,Pika,pika-protocol,2024-06,3522.462425,404680.0,0.008704315570327173
perpetual,Pika,pika-protocol,2024-07,16203.840473362998,386614.0,0.04191219271253239
perpetual,Pika,pika-protocol,2024-08,351.6372813401214,382679.0,0.0009188831405436969
perpetual,Pika,pika-protocol,2024-09,495.37741076199995,377342.0,0.0013128075082074085
perpetual,Pika,pika-protocol,2024-10,164.742975,375193.0,0.0004390886157257731
perpetual,Pika,pika-protocol,2024-11,3605.5463999999997,363629.0,0.009915453387931105
perpetual,Pika,pika-protocol,2024-12,4308.480807985421,355460.0,0.012120859753517755
perpetual,Pika,pika-protocol,2025-01,156.82629996000017,353242.0,0.0004439627789447466
perpetual,Pika,pika-protocol,2025-02,250.0,348390.0,0.0007175866127041533
perpetual,Pika,pika-protocol,2025-03,6147.6618757,339196.0,0.018124216900258255
perpetual,Pika,pika-protocol,2025-04,208.3,337866.0,0.0006165166071756259
perpetual,Pika,pika-protocol,2025-05,236.65538475000002,337173.0,0.0007018811848813518
perpetual,Pika,pika-protocol,2025-08,217.0,330841.0,0.0006559041956710323
perpetual,Pika,pika-protocol,2025-10,152.40999992457844,327108.0,0.0004659317409680547
perpetual,Pika,pika-protocol,2025-11,158.0,326012.0,0.00048464473700354587
perpetual,Pika,pika-protocol,2026-01,50.0,319943.0,0.0001562778369897138
perpetual,Pika,pika-protocol,2026-02,31.0,319854.0,9.691921939384844e-05
perpetual,Pika,pika-protocol,2026-05,32.9967,404350.0,8.160430320267095e-05
perpetual,Synthetix,synthetix,2022-03,257275138.0988261,1292168713.0,0.1991033643753191
perpetual,Synthetix,synthetix,2022-04,695906721.2572944,906553650.0,0.7676398647308899
perpetual,Synthetix,synthetix,2022-05,115054532.81406365,529793932.0,0.21716846091408923
perpetual,Synthetix,synthetix,2022-06,492865662.5045388,369895553.0,1.332445493078255
perpetual,Synthetix,synthetix,2022-07,708742455.1640357,593408685.0,1.1943580757737573
perpetual,Synthetix,synthetix,2022-08,667076444.8251114,509186467.0,1.310082824383295
perpetual,Synthetix,synthetix,2022-09,584954954.1053714,404362081.0,1.4466117907464506
perpetual,Synthetix,synthetix,2022-10,165559963.51091632,436884138.0,0.37895622456981104
perpetual,Synthetix,synthetix,2022-11,175767543.06533545,303770774.0,0.5786190052152136
perpetual,Synthetix,synthetix,2022-12,112862143.58856493,246359579.0,0.4581195667190393
perpetual,Synthetix,synthetix,2023-01,283288588.27075285,389555483.0,0.7272098600413047
perpetual,Synthetix,synthetix,2023-02,581804598.0706131,475577712.0,1.2233638864695433
perpetual,Synthetix,synthetix,2023-03,3207875511.5473323,407638263.0,7.869417085479369
perpetual,Synthetix,synthetix,2023-04,2423424712.26644,408636105.0,5.930520290825599
perpetual,Synthetix,synthetix,2023-05,5012959818.332155,412204055.0,12.16135493458975
perpetual,Synthetix,synthetix,2023-06,4110759832.6041985,415354047.0,9.897001996959473
perpetual,Synthetix,synthetix,2023-07,5212263480.274998,476837129.0,10.930909451631644
perpetual,Synthetix,synthetix,2023-08,5606226382.3249235,362851693.0,15.450462242503368
perpetual,Synthetix,synthetix,2023-09,2176572618.797333,396648951.0,5.487402937307485
perpetual,Synthetix,synthetix,2023-10,3774128865.110184,432623705.0,8.723814302108536
perpetual,Synthetix,synthetix,2023-11,4842275236.651416,662913273.0,7.304538065345715
perpetual,Synthetix,synthetix,2023-12,4559241098.557323,766207391.0,5.950400834174834
perpetual,Synthetix,synthetix,2024-01,2927497347.7695203,616886079.0,4.745604492348287
perpetual,Synthetix,synthetix,2024-02,2862326708.273782,786471906.0,3.6394519453741068
perpetual,Synthetix,synthetix,2024-03,5445823246.764406,939704685.0,5.795249649909329
perpetual,Synthetix,synthetix,2024-04,1836513483.3504126,658013489.0,2.7909967106318887
perpetual,Synthetix,synthetix,2024-05,3064712541.8635983,629591606.0,4.8677785927527095
perpetual,Synthetix,synthetix,2024-06,1581829256.3856213,451217728.0,3.505689511351871
perpetual,Synthetix,synthetix,2024-07,2216298336.1288695,331613286.0,6.683382209628566
perpetual,Synthetix,synthetix,2024-08,2141677223.5989296,279985591.0,7.649240862537564
perpetual,Synthetix,synthetix,2024-09,765839564.8621423,283033362.0,2.70582789057264
perpetual,Synthetix,synthetix,2024-10,1411309309.9674063,250715396.0,5.62912901434823
perpetual,Synthetix,synthetix,2024-11,3383705878.905612,477702474.0,7.083291511078948
perpetual,Synthetix,synthetix,2024-12,1370922384.6333818,369876233.0,3.7064354568393743
perpetual,Synthetix,synthetix,2025-01,761878833.9789027,305225477.0,2.4961180877404368
perpetual,Synthetix,synthetix,2025-02,882003116.534756,182574480.0,4.830922243540039
perpetual,Synthetix,synthetix,2025-03,388667596.99819946,93225670.0,4.169104893514838
perpetual,Synthetix,synthetix,2025-04,358712585.0925235,87560081.0,4.0967594021814975
perpetual,Synthetix,synthetix,2025-05,243173417.88156492,90500665.0,2.686979348511582
perpetual,Synthetix,synthetix,2025-06,252875881.54924694,78684585.0,3.213791895188199
perpetual,Synthetix,synthetix,2025-07,219297985.45296463,74071297.0,2.9606337992564735
perpetual,Synthetix,synthetix,2025-08,57714209.84633563,87173787.0,0.662059224825642
perpetual,Unidex,unidex,2022-10,961621.0,1189462.0,0.808450375043507
perpetual,Unidex,unidex,2022-11,60172830.14860002,1863445.0,32.2911758321818
perpetual,Unidex,unidex,2022-12,18066527.807,2184009.0,8.27218560317288
perpetual,Unidex,unidex,2023-01,21907800.99001702,2946194.0,7.435966874556468
perpetual,Unidex,unidex,2023-02,8700985.01,2898224.0,3.0021782339805343
perpetual,Unidex,unidex,2023-03,10026829.32,3393774.0,2.954477616953869
perpetual,Unidex,unidex,2023-04,29685688.559631467,4461682.0,6.653474756746776
perpetual,Unidex,unidex,2023-05,6804189.0,3572179.0,1.9047726891625532
perpetual,Unidex,unidex,2023-06,312724.162,2774347.0,0.11271991643438979
perpetual,Unidex,unidex,2023-07,10050647.799999999,1778474.0,5.6512762064556465
perpetual,Unidex,unidex,2023-08,2475739.6680000005,1852534.0,1.3364071417852523
perpetual,Unidex,unidex,2023-09,6891381.6566901,1695471.0,4.064582441510412
perpetual,Unidex,unidex,2023-10,14903030.285098288,1402631.0,10.625054119792225
perpetual,Unidex,unidex,2023-11,10142062.561859455,713316.0,14.218190201620958
perpetual,Unidex,unidex,2023-12,3698107.5223290403,601153.0,6.15169103760447
perpetual,Unidex,unidex,2024-01,1539476.8508542473,491409.0,3.1327811473828264
perpetual,Unidex,unidex,2024-02,42744.73594176999,497415.0,0.08593374936777136
perpetual,Unidex,unidex,2024-03,10225.209380130013,473715.0,0.021585150101073456
perpetual,Unidex,unidex,2024-04,97168.32850743999,598219.0,0.16242935865868519
perpetual,Unidex,unidex,2024-05,8195.696019140014,627579.0,0.013059226040291364
perpetual,Unidex,unidex,2024-06,26502.279704700006,650206.0,0.04075982027957294
perpetual,Unidex,unidex,2024-07,1672.278162000001,431293.0,0.003877359850496069
perpetual,Unidex,unidex,2024-08,513.4559381099998,319037.0,0.0016093930738754433
perpetual,Unidex,unidex,2024-09,701.8929695899998,140329.0,0.005001767058769034
perpetual,vela_exchange,vela-exchange,2023-08,1666.3108780649382,11084639.0,0.00015032612952617925
perpetual,vela_exchange,vela-exchange,2023-09,21417391.268987514,12799994.0,1.6732344772183108
perpetual,vela_exchange,vela-exchange,2023-10,11343888.799983671,10067557.0,1.126776714547896
perpetual,vela_exchange,vela-exchange,2023-11,3642980.420314135,8089956.0,0.45030905239956004
perpetual,vela_exchange,vela-exchange,2023-12,898780.899769109,7352682.0,0.12223851103163566
perpetual,vela_exchange,vela-exchange,2024-01,3257329.3108818596,8038398.0,0.4052212033892648
perpetual,vela_exchange,vela-exchange,2024-02,2493847.748901213,11138096.0,0.22390251878788017
perpetual,vela_exchange,vela-exchange,2024-03,1146225.1564773319,11094723.0,0.10331264299949912
perpetual,vela_exchange,vela-exchange,2024-04,1626613.8757567017,64289.0,25.301589319427922
perpetual,vela_exchange,vela-exchange,2024-05,769512.397224721,8849854.0,0.0869519878208975
perpetual,vela_exchange,vela-exchange,2024-06,1358906.3650662191,8750859.0,0.15528833970084754
perpetual,vela_exchange,vela-exchange,2024-07,471797.8178792239,6318403.0,0.07467042192136587
perpetual,vela_exchange,vela-exchange,2024-08,294329.56820406293,4750314.0,0.0619600237382335
perpetual,vela_exchange,vela-exchange,2024-09,203609.21247893956,3605211.0,0.05647636503908913
perpetual,vela_exchange,vela-exchange,2024-10,217315.9295567497,683985.0,0.31772031485595403
perpetual,vela_exchange,vela-exchange,2025-02,160.0,415580.0,0.00038500409066846334
