cmc_id,symbol,chainid,address,holder_count,est_transfers,est_getlogs_calls
2643,DVPN,1,0xc81978862b6cE566400579a5F8975732D42BD410,0,0,0
3628,MXC,1,0xaedf7656fbb47c5b97dd529ac1d0e807e051f2dd,0,0,0
11461,MSOL,1,0x756bFb452cFE36A5Bc82e4F5f4261A89a18c242b,0,0,0
11212,ATLAS,1,0xb9F747162AB1E95d07361f9048BcDF6eDdA9eEA7,6,240,0
20886,ASTRAFER,1,0xb51b97dd5569fab69495316b5a065cccff4b829d,7,280,1
4257,BTRS,1,0x8a2FE0bBD6dfEA4bC19123bABD5630Fd8D7F070f,8,320,1
7281,XPRT,1,0xD454b59f16D42667Be2fA55292d16647E27f40C4,9,360,1
24382,KAU,1,0x14DAB79fD7B7B3f748d434812Fd6a9Aac460EA52,10,400,1
30712,MERL,1,0xa0c56a8c0692bD10B3fA8f8bA79Cf5332B7107F9,11,440,1
39090,GTBTC,1,0xc2d09cf86b9ff43cb29ef8ddca57a4eb4410d5f3,20,800,2
2454,BTCU,42161,0x15fe999af89d43b1ac0790335da0ec61473a5b93,22,880,2
3874,IRIS,1,0x76C4A2B59523eaE19594c630aAb43288dBB1463f,24,960,2
2915,MOC,1,0x8bbfe65e31b348cd823c62e02ad8c19a84dd0dab,26,1040,2
37741,TBLLX,1,0x4cbf89ed7bb30b8a860fa86d3c96e9c72931299b,28,1120,2
3701,RIF,1,0x01b603be3D545F096015741e6503440282BF45fb,32,1280,3
20289,GRD,1,0x2445EE0B87B5C7f4D069A14b21a4838b70aa83ED,37,1480,3
4217,BOA,1,0x51bD4f39803fcAEFf3ef45aae2C3aaFf0B9faDcb,49,1960,4
37028,INTCX,1,0xf8a80d1cb9cfd70d03d655d9df42339846f3b3c8,50,2000,4
2918,BZ,1,0x4375e7ad8a01b8ec3ed041399f62d9cd120e0063,76,3040,6
5906,NVT,1,0x7b6f71c8b123b38aa8099e0098bec7fbc35b8a13,81,3240,6
27765,ZBU,1,0xe77f6aCD24185e149e329C1C0F479201b9Ec2f4B,85,3400,7
5816,REW,1,0x3FFfFA8F3cc943e43f9f17a83Cbb18f4Bbb9f4AC,94,3760,8
8028,mVIXY,1,0xf72FCd9DCF0190923Fadd44811E240Ef4533fc86,102,4080,8
1667,UNY,1,0x1a986F1659e11E2AE7CC6543F307bAE5cDe1C761,114,4560,9
1722,MORE,1,0x305DE070488C8469dFAC957226c9c900c4BFbA22,117,4680,9
3815,XBASE,1,0x5bdC00B6676579b301B276198Db1ea9AffB94329,119,4760,10
5802,XOR,1,0x1d03ebbd6be00b805702dde42313dcf44ac1a6eb,124,4960,10
12140,RMRK,1,0x524d524B4c9366be706D3A90dcf70076ca037aE3,124,4960,10
1274,WAVES,1,0x7296eaA225804451a91616b29D040cAB05435f0d,128,5120,10
38339,UB,1,0x6944E1DF6Bf5972305f9Ab25dF47ef10De01bcc8,135,5400,11
35954,LION,42161,0x527e8D368298deA5a53be257e5300F4DBafb7a97,139,5560,11
2897,CCC,1,0xbf59e6fe2bc4ee8d303e493390b4aacab16fcc91,146,5840,12
2866,BOUNTY,42161,0x6a9896837021EA3eD83F623F655C119c54abE02c,154,6160,12
939,GAM,1,0xf67451dc8421f0e0afeb52faa8101034ed081ed9,157,6280,13
1494,BPC,1,0xf3d29fb98d2dc5e78c87198deef99377345fd6f1,161,6440,13
5280,BLCT,1,0x6d2c508fc4a588a41713ff59212f85489291d244,171,6840,14
1492,GBYTE,1,0x31F69dE127C8A0fF10819C0955490a4Ae46fcc2a,172,6880,14
7758,EAURIC,1,0xc36c65693ea9e207ad35d4ee2fb6c5f6f43bdec8,188,7520,15
3828,JCT,1,0x7fe92ec600f15cd25253b421bc151c51b0276b7d,190,7600,15
1467,ARC,1,0xac709fcb44a43c35f0da4e3163b117a17f3770f5,192,7680,15
1465,VRS,1,0xAbC430136A4dE71c9998242de8c1b4B97D2b9045,208,8320,17
11823,POKT,1,0x764A726d9ceD0433A8D7643335919dEb03a9a935,209,8360,17
2530,FSN,1,0x9AfC975EdB8a0B57f066e8e0A72A5e2ADbdCb605,212,8480,17
2620,SWTH,1,0xb4371da53140417cbb3362055374b10d97e420bb,212,8480,17
8497,BANANA,1,0x92DF60c51C710a1b1C20E42D85e221f3A1bFc7f2,212,8480,17
3489,ESCE,1,0x49614661737efbfc6a102efaeefdc8e197f7cc0e,222,8880,18
3788,NET,1,0xF29226914595052a04F5AFbe6410D0C3eD707548,223,8920,18
2081,AMB,1,0xf4fb9bf10e489ea3edb03e094939341399587b0c,239,9560,19
35930,WXTZ,1,0xc9b53ab2679f573e480d01e0f49e2b5cfb7a3eab,275,11000,22
3930,TT,1,0x1E053D89E08c24aA2CE5C5B4206744Dc2D7BD8F5,280,11200,22
37057,QQQX,1,0xa753a7395cae905cd615da0b82a53e0560f250af,295,11800,24
36994,AAPLX,1,0x9d275685dc284c8eb1c79f6aba7a63dc75ec890a,305,12200,24
4162,STO,1,0xcb39c3502415152b2ec90ff07ee18cc94f681a72,310,12400,25
37005,CRCLX,1,0xfebded1b0986a8ee107f5ab1a1c5a813491deceb,318,12720,25
4490,EMRX,1,0xbdbC2a5B32F3a5141ACd18C39883066E4daB9774,319,12760,26
2558,INSTAR,1,0x8193711b2763bc7dfd67da0d6c8c26642eafdaf3,351,14040,28
3791,JWL,1,0x8275ebf521dc217aa79c88132017a5bcef001dd9,380,15200,30
2399,INT,1,0xbe038a2fdfec62cf1bed852f141a43005035edcc,385,15400,31
4197,SHR,1,0x192675d1E131b9E339F16603E21b01A845D8C21e,394,15760,32
3404,WIX,1,0x7ba19b7f7d106a9a1e0985397b94f38eee0b555e,397,15880,32
3515,DEX,1,0x497bAEF294c11a5f0f5Bea3f2AdB3073DB448B56,404,16160,32
11498,CBG,1,0x1900E8B5619a3596745F715d0427Fe617c729BA9,415,16600,33
5841,NEST,1,0xcd6926193308d3B371FdD6A6219067E550000000,426,17040,34
1461,ROUND,1,0x4993CB95c7443bdC06155c5f5688Be9D8f6999a5,429,17160,34
5844,CIPHC,1,0x83eB94cB563146a42Fe0a8b3D051F2387A7FB81f,453,18120,36
2599,NOAH,1,0x41b3F18c6384Dc9A39c33AFEcA60d9b8e61eAa9F,465,18600,37
1709,QAU,1,0x671abbe5ce652491985342e85428eb1b07bc6c64,495,19800,40
30096,DEGEN,1,0xfee293840d23b0b2de8c55e1cf7a9f01c157767c,495,19800,40
31503,BWB,1,0xac6DB8954b73EbF10e84278AC8b9B22a781615D9,496,19840,40
4281,BHT,1,0xfc29b6e626b67776675fff55d5bc0452d042f434,500,20000,40
4220,XAC,1,0xde4c5a791913838027a2185709e98c5c6027ea63,505,20200,40
32272,PUMPBTC,1,0xf469fbd2abcd6b9de8e169d128226c0fc90a012e,538,21520,43
6733,SYBC,1,0x69428bb4272e3181de9e3cab461e19b0131855c8,544,21760,44
2307,BIX,1,0x009c43b42aefac590c719e971020575974122803,560,22400,45
3636,LML,1,0x25b6325f5bb1c1e03cfbc3e53f470e1f1ca022e3,578,23120,46
1989,COS,1,0x7d3cb11f8c13730c24d01826d8f2005f0e1b348f,584,23360,47
4981,TAGZ5,1,0x4d0425e47ee2d16b94c036715dfcb52a0cebc4dc,593,23720,47
5600,ATT,1,0x89Fb927240750c1B15d4743cd58440fc5f14A11C,605,24200,48
5277,SNB,1,0x179e31fb25e433441a2839389a7b8ec9c4654b7b,613,24520,49
11374,D,1,0x33b481CbBF3c24f2B3184Ee7Cb02dAAD1C4F49A8,615,24600,49
3742,BNANA,1,0x07ef9e82721ac16809d24dafbe1792ce01654db4,633,25320,51
7726,ICHI,1,0x111111517e4929d3dcbdfa7cce55d30d4b6bc4d6,652,26080,52
1483,VSL,1,0x5c543e7ae0a1104f78406c340e9c64fd9fce5170,659,26360,53
5072,RKN,1,0x6e5a43db10b04701385a34afb670e404bc7ea597,668,26720,53
32306,FBTC,1,0xC96dE26018A54D51c097160568752c4E3BD6C364,689,27560,55
2455,PRS,1,0xe0d95530820aafc51b1d98023aa1ff000b78d8b2,693,27720,55
34103,AIXBT,1,0x0D37aF9D8AE74F35F3A38bD2a08FcB29890Ca6d2,697,27880,56
5677,IZE,1,0x6944d3e38973C4831dA24E954fbD790c7E688bDd,701,28040,56
1995,TGT,1,0xac3da587eac229c9896d919abc235ca4fd7f72c1,714,28560,57
5614,ZLW,1,0x5319e86F0e41a06E49eb37046b8c11D78bcAd68C,718,28720,57
37004,TSLAX,1,0x8ad3c73f833d3f9a523ab01476625f269aeb7cf0,718,28720,57
33310,xSolvBTC,1,0xd9d920aa40f578ab794426f5c90f6c731d159def,731,29240,58
2082,ICOS,1,0x014b50466590340d41307cc54dcee990c8d58aa8,737,29480,59
1815,MBRS,1,0x386467f1f3ddbe832448650418311a479eecfc57,742,29680,59
5514,TTT,1,0x2494a68C1484376fEf880b4c24D91f049d29B02A,747,29880,60
2873,MET,1,0x2Ebd53d035150f328bd754D6DC66B99B0eDB89aa,748,29920,60
2191,PAYX,1,0x62a56a4a2ef4d355d34d10fbf837e747504d38d4,751,30040,60
3787,INNBCL,1,0x0Cc9FCCFF81252F4bd8C5c6b359B14ae2Ed851cf,779,31160,62
5620,EXE,1,0x412d397ddca07d753e3e0c61e367fb1b474b3e7d,781,31240,62
8119,SFP,1,0x12e2b8033420270db2f3b328e32370cb5b2ca134,783,31320,63
7288,XVS,1,0xd3CC9d8f3689B83c91b7B59cAB4946B063EB894A,791,31640,63
17520,ORBR,1,0xdA30f261a962d5AAe94C9ecd170544600d193766,796,31840,64
2324,ONE,1,0x946551dd05c5abd7cc808927480225ce36d8c475,807,32280,65
346,SCOT,1,0x28ed4FD6DeDB226B16b92CE6997f7CdfDf0c519B,817,32680,65
7503,BHAO,1,0x6d7c7d764d6f1DFa256C74AbB4C4d7861d8EE64C,863,34520,69
39711,STRCX,1,0x1aad217b8f78dba5e6693460e8470f8b1a3977f3,864,34560,69
23782,LSETH,1,0x8c1bed5b9a0928467c9b1341da1d7bd5e10b6549,881,35240,70
5268,EWT,1,0xB66a5D30D04f076E78ffB0d045C55846Fdcde928,903,36120,72
4105,XCM,1,0x36ac219f90f5a6a3c77f2a7b660e3cc701f68e25,903,36120,72
3589,ETHM,1,0x37F04733C7E1C762f0Ed86533c9052bE5822c1fd,939,37560,75
2548,POA,1,0x6758b7d441a9739b98552b373703d8d3d14f9e62,941,37640,75
36175,UNIBTC,1,0x004e9c3ef86bc1ca1f0bb5c7662861ee93350568,942,37680,75
3673,ASD,1,0xff742d05420b6aca4481f635ad8341f81a6300c2,962,38480,77
2538,NEC,1,0xcc80c051057b774cd75067dc48f8987c4eb97a5e,1005,40200,80
1481,NXC,1,0x45e42D659D9f9466cD5DF622506033145a9b89Bc,1005,40200,80
38056,CRCLon,1,0x3632DEa96A953C11dac2f00b4A05a32CD1063fAE,1007,40280,81
17704,MV,1,0xAE788F80F2756A86aa2F410C651F2aF83639B95b,1037,41480,83
29160,HTX,1,0x61ec85ab89377db65762e234c946b5c25a56e99e,1053,42120,84
38786,syrupUSDT,1,0x356b8d89c1e1239cbbb9de4815c39a1474d5ba7d,1072,42880,86
5186,XT,1,0xef65887a05415bf6316204b5ffb350d4d1a19bba,1084,43360,87
3916,THX,1,0xf08c68bd5f4194d994fd70726746bf529ee5a617,1086,43440,87
4469,MB,1,0x8d8129963291740dddd917ab01af18c7aed4ba58,1091,43640,87
28367,IPV,1,0x3E2c956b4Ab4807B2f942235c9074d9BD069e9f0,1103,44120,88
10759,DVF,1,0xdddddd4301a082e62e84e43f474f044423921918,1108,44320,89
37006,SPYX,1,0x90a2a4c76b5d8c0bc892a69ea28aa775a8f2dd48,1121,44840,90
3753,PLTC,1,0x429D83Bb0DCB8cdd5311e34680ADC8B12070a07f,1180,47200,94
1153,CRB,1,0xAef38fBFBF932D1AeF3B808Bc8fBd8Cd8E1f8BC5,1186,47440,95
3826,TOP,1,0xdcD85914b8aE28c1E62f1C488E1D968D5aaFfE2b,1202,48080,96
24613,EDU,1,0xf8173a39c56a554837c4c7f104153a005d284d11,1205,48200,96
3358,HSN,1,0x567300e14f8d67e1f6720a95291dce2511a86723,1240,49600,99
5397,CTT,1,0x1a4743cf1af4c289351390a2b3fe7c13d2f7c235,1255,50200,100
2377,LEV,1,0x0f4ca92660efad97a9a70cb0fe969c755439772c,1261,50440,101
4113,UNI,1,0xe6877ea9c28fbdec631ffbc087956d0023a76bf2,1301,52040,104
8857,ANC,1,0x0F3ADC247E91c3c50bC08721355A41037E89Bc20,1306,52240,104
33978,CMETH,1,0xE6829d9a7eE3040e1276Fa75293Bde931859e8fA,1322,52880,106
39545,BILL,1,0xb1110919016846972056AB995054D65560D5f05E,1331,53240,106
4818,XSR,1,0x6bC1F3A1ae56231DbB64d3E82E070857EAe86045,1336,53440,107
1905,TFL,1,0xa7f976c360ebbed4465c2855684d1aae5271efa9,1340,53600,107
4598,ACA,1,0x63d958d765f5bd88efdbd8afd32445393b24907f,1341,53640,107
39042,POWER,1,0x9dC44ae5BE187ECA9e2A67e33f27A4c91cEA1223,1394,55760,112
4360,FAB,1,0x12683dc9eec95a5f742d40206e73319e6b9d8a91,1402,56080,112
3733,S4F,1,0xaec7d1069e3a914a3eb50f0bfb1796751f2ce48a,1403,56120,112
4361,BEST,1,0x1b073382e63411e3bcffe90ac1b9a43fefa1ec6f,1475,59000,118
34466,PENGU,1,0x6418c0dd099a9fda397c766304cdd918233e8847,1498,59920,120
3721,HPT,1,0xa66daa57432024023db65477ba87d4e7f5f95213,1610,64400,129
1677,DICE,1,0x2e071D2966Aa7D8dECB1005885bA1977D6038A65,1615,64600,129
4203,OSC,1,0x24700a297960e8477ce3ca6c58b70a7af3410398,1665,66600,133
7059,MBN,1,0xaf80951201a0eff85a0fd3adf4c7043db856d3e6,1683,67320,135
8202,ZKB,1,0xBBBbbBBB46A1dA0F0C3F64522c275BAA4C332636,1688,67520,135
4283,BF,1,0x5b71bee9d961b1b848f8485eec8d8787f80217f5,1691,67640,135
4090,WXT,1,0xa02120696c7B8fE16C09C749E4598819b2B0E915,1692,67680,135
2732,ATX,1,0x1a0f2ab46ec630f9fd638029027b552afa64b94c,1724,68960,138
27599,APFC,1,0x8eD955a2b7d2C3a17a9d05dACa95E01818f8C11e,1749,69960,140
5892,ANY,1,0xf99d58e463a2e07e5692127302c20a191861b4d6,1759,70360,141
1902,MYB,1,0x5d60d8d7ef6d37e16ebabc324de3be57f135e0bc,1808,72320,145
5313,CTCN,1,0xfd6c31bb6f05fc8db64f4b740ab758605c271fd8,1815,72600,145
7033,ESD,1,0x36f3fd68e7325a35eb768f1aedaae9ea0689d723,1819,72760,146
28476,osETH,1,0xf1C9acDc66974dFB6dEcB12aA385b9cD01190E38,1845,73800,148
3812,FXC,1,0x4a57e687b9126435a9b19e4a802113e266adebde,1852,74080,148
3968,EUM,1,0x6aB4A7d75B0A42B6Bc83E852daB9E121F9C610Aa,1870,74800,150
27966,DORA,1,0x70b790d0948a760e80bc3f892b142F7779b538B2,1884,75360,151
3664,AGVC,1,0x8b79656FC38a04044E495e22fAD747126ca305C4,1900,76000,152
5084,PLF,1,0xaDA62f7CCd6af6cAcff04ACCBC4f56f3D4FFd4Ef,1927,77080,154
9816,NFT,1,0x198d14f2ad9ce69e76ea330b374de4957c3f850a,1958,78320,157
2985,ARB,1,0xafbec4d65bc7b116d85107fd05d912491029bf46,1978,79120,158
2298,DTR,1,0xd234bf2410a0009df9c3c63b610c09738f18ccd7,2007,80280,161
5560,ICH,1,0xf8483E2d6560585C02D46bF7B3186Bf154a96166,2016,80640,161
3858,FNB,1,0x47b28f365bf4cb38db4b6356864bde7bc4b35129,2022,80880,162
5190,FLEX,1,0xfcf8eda095e37a41e002e266daad7efc1579bc0a,2024,80960,162
1775,ADT,1,0xd0d6d6c5fe4a677d343cc433536bb717bae167dd,2035,81400,163
5009,LST,1,0x6b9F1F092E0B10015a4391A80cD3E6B6cefD1728,2038,81520,163
1683,RLT,1,0xcced5b8288086be8c38e23567e684c3740be4d48,2051,82040,164
1812,XRL,1,0xb24754be79281553dc1adc160ddf5cd9b74361a4,2119,84760,170
33696,EBTC,1,0x657e8C867D8B37dCC18fA4Caead9C45EB088C642,2121,84840,170
4275,COMBO,1,0xc03fbf20a586fa89c2a5f6f941458e1fbc40c661,2138,85520,171
3840,FST,1,0x310c93dfc1c5e34cdf51678103f63c41762089cd,2160,86400,173
14519,VVS,1,0x839e71613f9aA06E5701CF6de63E303616B0DDE3,2199,87960,176
5113,SURE,1,0xcb86c6a22cb56b6cf40cafedb06ba0df188a416e,2213,88520,177
36671,SAHARA,1,0xFDFfB411C4A70AA7C95D5C981a6Fb4Da867e1111,2243,89720,179
3866,CON,1,0x4Dd672e77c795844fe3A464eF8eF0FAAe617C8fB,2263,90520,181
3731,PLA,1,0x0198f46f520F33cd4329bd4bE380a25a90536CD5,2285,91400,183
3415,BCZERO,1,0xd45247c07379d94904e0a87b4481f0a1ddfa0c64,2311,92440,185
7590,DVI,1,0x10633216e7e8281e33c86f02bf8e565a635d9770,2325,93000,186
2937,VITE,1,0xadd5e881984783dd432f80381fb52f45b53f3e70,2365,94600,189
2318,NEU,1,0xa823e6722006afe99e91c30ff5295052fe6b8e32,2371,94840,190
1556,TIME,1,0x485d17A6f1B8780392d53D64751824253011A260,2380,95200,190
3737,BTU,1,0xb683d83a532e2cb7dfa5275eed3698436371cc9f,2383,95320,191
2064,ART,1,0xfec0cf7fe078a500abf15f1284958f22049c2c7e,2420,96800,194
3715,CAJ,1,0x3c6a7ab47b5f058be0e7c7fe1a4b7925b8aca40e,2426,97040,194
5796,DRS,1,0xbf13FF395D686Ed7C705A5411CC8E4E21Ff2Ceb2,2430,97200,194
4890,NWC,1,0x968f6f898a6df937fc1859b323ac2f14643e3fed,2453,98120,196
2040,ALIS,1,0xEA610B1153477720748DC13ED378003941d84fAB,2461,98440,197
1873,TIX,1,0xea1f346faf023f974eb5adaf088bbcdf02d761f4,2467,98680,197
2650,CBT,1,0x076C97e1c869072eE22f8c91978C99B4bcB02591,2488,99520,199
2069,OTN,1,0x881ef48211982d01e2cb7092c915e647cd40d85c,2541,101640,203
4268,NYE,1,0x6f5e77cea0abdda40013a8ef53639c96972fb745,2548,101920,204
2410,SPC,1,0x86ed939b500e121c0c5f493f399084db596dad20,2549,101960,204
11240,HI,1,0xC4f6E93AEDdc11dc22268488465bAbcAF09399aC,2590,103600,207
10188,ATA,1,0xa2120b9e674d3fc3875f415a7df52e382f141225,2600,104000,208
4644,QQQ,1,0x2822f6D1B2f41F93f33d937bc7d84A8Dfa4f4C21,2632,105280,211
2778,EXC,1,0x00c4b398500645eb5da00a1a379a88b11683ba01,2649,105960,212
23082,TEM,1,0xaE0585a259A3BCAB258D6EE02FB583f7B33C2a12,2678,107120,214
1847,MSP,1,0x68aa3f232da9bdc2343465545794ef3eea5209bd,2679,107160,214
3261,EVN,1,0x68909e586eeac8f47315e84b4c9788dd54ef65bb,2693,107720,215
7230,OPIUM,1,0x888888888889c00c67689029d7856aac1065ec11,2827,113080,226
3847,CPT,1,0x9b62513c8a27290cf6a7a9e29386e600245ea819,2856,114240,228
6941,HBTC,1,0x0316EB71485b0Ab14103307bf65a021042c6d380,2858,114320,229
38185,ADI,1,0x8b1484d57abbe239bb280661377363b03c89caea,2878,115120,230
4120,PROM,1,0xfc82bb4ba86045af6f327323a46e80412b91b27d,2884,115360,231
2742,SKB,1,0x4af328c52921706dcb739f25786210499169afe6,2888,115520,231
3936,GNY,1,0xb1f871Ae9462F1b2C6826E88A7827e76f86751d4,2909,116360,233
1807,SAN,1,0x7c5a0ce9267ed19b22f8cae653f198e3e8daf098,2922,116880,234
7228,DDX,1,0x3a880652f47bfaa771908c07dd8673a787daed3a,2969,118760,238
16604,1ECO,1,0x1af2eaeaf2b1d9dda800861268e6bbb3995a6c3b,2976,119040,238
7157,BASID,1,0xe33f363351186e185470f35F6DeB94ABa44347D8,2995,119800,240
33981,bUSD0,1,0x35D8949372D46B7a3D5A56006AE77B215fc69bC0,3008,120320,241
3662,HEDG,1,0xF1290473E210b2108A85237fbCd7b6eb42Cc654F,3035,121400,243
38779,syrupUSDC,1,0x80ac24aa929eaf5013f6436cda2a7ba190f5cc0b,3104,124160,248
4067,CIX100,1,0x6393e822874728f8afa7e1c9944e417d37ca5878,3111,124440,249
20787,FLZ,1,0x8e964e35a76103af4c7d7318e1b1a82c682ae296,3233,129320,259
6947,VBIT,1,0xb8366948b4a3f07bcbf14eb1739daa42a26b07c4,3259,130360,261
1562,SWT,1,0xb9e7f8568e08d5659f5d29c4997173d84cdf2607,3284,131360,263
2727,BZNT,1,0xe1aee98495365fc179699c1bb3e761fa716bee62,3298,131920,264
1888,IFT,1,0x7654915a1b82d6d2d0afc37c52af556ea8983c7e,3313,132520,265
1721,MYST,1,0x4Cf89ca06ad997bC732Dc876ed2A7F26a9E7f361,3353,134120,268
5618,DAWN,1,0x580c8520deda0a441522aeae0f9f7a5f29629afa,3361,134440,269
2134,GRID,1,0x12b19d3e2ccc14da04fae33e63652ce469b3f2fd,3364,134560,269
3224,QBIT,1,0x1602af2C782cC03F9241992E243290Fccf73Bb13,3408,136320,273
4049,BXK,1,0xeb6985acd6d0cbff60b88032b0b29ac1d9d66a1b,3425,137000,274
8502,MUSH,1,0xea6412fb370e8d1605e6aeeaa21ad07c3c7e9f24,3426,137040,274
2776,AVA,1,0xa6C0c097741D55ECd9a3A7DeF3A8253fD022ceB9,3432,137280,275
32376,AVAIL,1,0xEeB4d8400AEefafC1B2953e0094134A887C76Bd8,3438,137520,275
2175,DBET,1,0x9b68bfae21df5a510931a262cecf63f41338f264,3456,138240,276
7242,CORE,1,0x62359ed7505efc61ff1d56fef82158ccaffa23d7,3465,138600,277
38868,SENT,1,0x56A3BA04E95d34268A19b2a4474DC979baBDaf76,3521,140840,282
2593,DRG,1,0x814f67fa286f7572b041d041b1d99b432c9155ee,3548,141920,284
1625,EMV,1,0xB802b24E0637c2B87D2E8b7784C055BBE921011a,3572,142880,286
7326,DEXE,1,0xde4EE8057785A7e8e800Db58F9784845A5C2Cbd6,3589,143560,287
4182,GMAT,1,0xa110eeebc0751407bdcaea4cd230f04a2b82a33a,3602,144080,288
2605,BFT,1,0x01ff50f8b7f74e4f00580d9596cd3d0d6d6e326f,3603,144120,288
3631,FOAM,1,0x4946fcea7c692606e8908002e55a582af44ac121,3607,144280,289
7817,BFC,1,0x0c7D5ae016f806603CB1782bEa29AC69471CAb9c,3619,144760,290
3875,VALOR,1,0x297e4e5e59ad72b1b0a2fd446929e76117be0e0a,3643,145720,291
37322,VSN,1,0x699ccf919c1dfdfa4c374292f42cadc9899bf753,3652,146080,292
38417,RIVER,1,0xdA7AD9dea9397cffdDAE2F8a052B82f1484252B3,3671,146840,294
1990,CSNO,1,0x29d75277ac7f0335b2165d0895e8725cbf658d73,3689,147560,295
8191,NFTX,1,0x87d73E916D7057945c9BcD8cdd94e42A6F47f776,3718,148720,297
2550,RKT,1,0x106aa49295b525fcf959aa75ec3f7dcbf5352f1c,3718,148720,297
11079,BRISE,1,0xF2B2f7b47715256Ce4eA43363a867fdce9353e3A,3754,150160,300
3873,BOTX,1,0xEF19F4E48830093Ce5bC8b3Ff7f903A0AE3E9Fa1,3759,150360,301
5830,NXM,1,0xd7c49cee7e9188cca6ad8ff264c1da2e69d4cf3b,3793,151720,303
3598,OSA,1,0xc6abf3c09341741ac6041b0b08195701bdfd460c,3798,151920,304
3957,LEO,1,0x2af5d2ad76741191d15dfe7bf6ac92d4bd912ca3,3803,152120,304
3409,ETA,1,0x9195e00402abe385f2d00a32af40b271f2e87925,3814,152560,305
3085,INO,1,0xc9859fccc876e6b4b3c749c5d29ea04f48acb74f,3845,153800,308
1592,TAAS,1,0xe7775a6e9bcf904eb39da2b68c5efb4f9360e08c,3891,155640,311
23177,SFRXETH,1,0xac3E018457B222d93114458476f3E3416Abbe38F,3930,157200,314
11584,BTRST,1,0x799ebfabe77a6e34311eeee9825190b9ece32824,3939,157560,315
3367,CRD,1,0xcaaa93712bdac37f736c323c93d4d5fdefcc31cc,3939,157560,315
2659,DIG,1,0xaf446174961cd544e51b89310581669e8fc00d16,3995,159800,320
6622,HAKKA,1,0x0e29e5abbb5fd88e28b2d355774e73bd47de3bcd,4077,163080,326
2930,IQ,1,0x579cea1889991f68acc35ff5c3dd0621ff29b0c9,4113,164520,329
3418,META,1,0xde2f7766c8bf14ca67193128535e5c7454f8387c,4137,165480,331
4950,LCX,1,0x8CD41041505885EF0aD3858181D66f17BE8aae7E,4169,166760,334
17050,MULTI,1,0x65ef703f5594d2573eb71aaf55bc0cb548492df4,4215,168600,337
1998,ORMEUS,1,0xc96df921009b790dffca412375251ed1a2b75c60,4231,169240,338
2090,LA,1,0xe50365f5d679cb98a1dd62d6f6e58e59321bcddf,4261,170440,341
33312,SolvBTC,1,0x7a56e1c57c7475ccf742a1832b028f0456652f97,4306,172240,344
2176,HST,1,0x554c20b7c486beee439277b4540a434566dc4c02,4340,173600,347
2060,CAG,1,0x7d4b8cce0591c9044a22ee543533b72e976e36c3,4352,174080,348
3648,CNUS,1,0x722f2f3eac7e9597c73a593f7cf3de33fbfc3308,4366,174640,349
1708,PTOY,1,0x8ae4bf2c33a8e667de34b54938b0ccd03eb8cc06,4383,175320,351
1882,CAT,1,0x56ba2Ee7890461f463F7be02aAC3099f6d5811A8,4398,175920,352
5777,RENBTC,1,0xeb4c2781e4eba804ce9a9803c67d0893436bb27d,4455,178200,356
3734,ELAMA,1,0xfb444c1f2b718ddfc385cb8fd9f2d1d776b24668,4483,179320,359
1950,HVN,1,0xC0Eb85285d83217CD7c891702bcbC0FC401E2D9D,4507,180280,361
5908,DKA,1,0x5dc60C4D5e75D22588FA17fFEB90A63E535efCE0,4524,180960,362
1954,MDA,1,0x51db5ad35c671a87207d88fc11d593ac0c8415bd,4544,181760,364
29447,NMT,1,0x03AA6298F1370642642415EDC0db8b957783e8D6,4585,183400,367
37745,CTM,1,0xc8Fb80fCc03f699C70ff0CC08C09106288888888,4621,184840,370
1948,AVT,1,0x0d88ed6e74bbfd96b831231638b66c05571e824f,4659,186360,373
7672,UNFI,1,0x441761326490cacf7af299725b6292597ee822c2,4670,186800,374
2576,TEN,1,0xdd16ec0f66e54d453e6756713e533355989040e4,4680,187200,374
5075,EGR,1,0x73Cee8348b9bDd48c64E13452b8a6fbc81630573,4692,187680,375
21846,ID,1,0x2dfF88A56767223A5529eA5960Da7A3F5f766406,4699,187960,376
5336,HMR,1,0xB1A30851E3f7d841b231B086479608e17198363A,4719,188760,378
2572,BAX,1,0xf920e4f3fbef5b3ad0a25017514b769bdc4ac135,4740,189600,379
2304,DEW,1,0x20e94867794dba030ee287f1406e100d03c84cd3,4757,190280,381
35818,SOSO,1,0x76A0e27618462bDAC7a29104bdcfFf4E6BFCea2D,4767,190680,381
2506,SWM,1,0x3505f494c3f0fed0b594e01fa41dd3967645ca39,4821,192840,386
1768,ADX,1,0xade00c28244d5ce17d72e40330b1c318cd12b7c3,4886,195440,391
1729,CFI,1,0x12fef5e57bf45873cd9b62e9dbd7bfb99e32d73e,4916,196640,393
39125,LIT,1,0x232ce3bd40fcd6f80f3d55a522d03f25df784ee2,4933,197320,395
2091,XUC,1,0xc324a2f6b05880503444451b8b27e6f9e63287cb,4933,197320,395
2503,DMT,1,0x2ccbff3a042c68716ed2a2cb0c544a9f1d1935e1,4990,199600,399
3784,OVC,1,0x49d09cda1deb8a1680f1270c5ed15218fc4b18f0,5013,200520,401
4041,MX,1,0x11eef04c884e24d9b7b4760e7476d06ddf797f36,5044,201760,404
5810,BZRX,1,0x56d811088235F11C8920698a204A5010a788f4b3,5051,202040,404
4057,ADN,1,0x95a41fB80ca70306e9Ecf4e51ceA31bD18379C18,5056,202240,404
14280,EUL,1,0xd9fcd98c322942075a5c3860693e9f4f03aae07b,5161,206440,413
2600,LGO,1,0x0a50c93c762fdd6e56d86215c24aaad43ab629aa,5271,210840,422
10903,C98,1,0xae12c5930881c53715b369cec7606b70d8eb229f,5323,212920,426
3863,UGAS,1,0x8716fc5da009d3a208f0178b637a50f4ef42400f,5384,215360,431
29974,RSWETH,1,0xFAe103DC9cf190eD75350761e95403b7b8aFa6c0,5461,218440,437
11222,WNCG,1,0xf203Ca1769ca8e9e8FE1DA9D147DB68B6c919817,5503,220120,440
39379,GWEI,1,0x2798b1cC5A993085E8A9D46e80499F1B63f42204,5593,223720,447
4269,GT,1,0xe66747a101bff2dba3697199dcce5b743b454759,5613,224520,449
1037,AGRS,1,0x738865301a9b7dd80dc3666dd48cf034ec42bdda,5643,225720,451
5258,APIX,1,0xf51EBf9a26DbC02B13F8B3a9110dac47a4d62D78,5698,227920,456
2219,SPANK,1,0x42d6622dece394b54999fbd73d108123806f6a18,5782,231280,463
3325,ROX,1,0x574f84108a98c575794f75483d801d1d5dc861a5,5792,231680,463
14783,MAGIC,1,0xb0c7a3ba49c7a6eaba6cd4a96c55a1391070ac9a,5807,232280,465
15585,GF,1,0xaaef88cea01475125522e117bfe45cf32044e238,5824,232960,466
1976,BMC,1,0xdf6ef343350780bf8c3410bf062e0c015b1dd671,5827,233080,466
9119,TLM,1,0x888888848B652B3E3a0f34c96E00EEC0F3a23F72,5830,233200,466
3855,LOCUS,1,0xc64500dd7b0f1794807e67802f8abbf5f8ffb054,5830,233200,466
19843,APEX,1,0x52A8845DF664D76C69d2EEa607CD793565aF42B8,5857,234280,469
7461,PDA,1,0x0D3CbED3f69EE050668ADF3D9Ea57241cBa33A2B,5860,234400,469
1669,HMQ,1,0xcbcc0f036ed4788f63fc0fee32873d6a7487b908,5960,238400,477
2363,ZAP,1,0x6781a0f84c7e9e846dcb84a9a5bd49333067b104,5972,238880,478
5007,TROY,1,0x4574562e9310a94f9ca962bd23168d8a06875b1a,6044,241760,484
2066,EVR,1,0x3137619705b5fc22a3048989f983905e456b59ab,6082,243280,487
6669,CVP,1,0x38e4adb44ef08f22f5b5b76a8f0c2d0dcbe7dca1,6085,243400,487
11346,RACA,1,0x12BB890508c125661E03b09EC06E404bc9289040,6104,244160,488
2181,GVT,1,0x103c3a209da59d3e7c4a89307e66521e081cfdf0,6148,245920,492
7206,TITAN,1,0x3A8cCCB969a61532d1E6005e2CE12C200caeCe87,6198,247920,496
2162,DPY,1,0x6c2adc2073994fb2ccc5032cc2906fa221e9b391,6289,251560,503
5785,STP,1,0x5c250ff9b993c6991cc4a3cc543716e53b478018,6369,254760,510
1983,VIBE,1,0xe8ff5c9c75deb346acac493c463c8950be03dfba,6503,260120,520
12387,RBN,1,0x6123b0049f904d730db3c36a31167d9d4121fa6b,6539,261560,523
1660,TKN,1,0xaaaf91d9b90df800df4f55c205fd6989c977e73a,6551,262040,524
2143,DATA,1,0x8f693ca8d21b157107184d29d398a8d082b38b76,6612,264480,529
2766,CPT,1,0x88d50B466BE55222019D71F9E8fAe17f5f45FCA1,6614,264560,529
3748,HXRO,1,0x4bd70556ae3f8a6ec6c4080a0c327b24325438f3,6680,267200,534
29335,PIXEL,1,0x3429d03c6F7521AeC737a0BBF2E5ddcef2C3Ae31,6700,268000,536
24781,CYBER,1,0x14778860e937f509e651192a90589de711fb88a9,6986,279440,559
6833,LIT,1,0xb59490ab09a0f526cc7305822ac65f2ab12f9723,7004,280160,560
1949,DLT,1,0x07e3c70653548B04f0A75970C1F81B4CBbFB606f,7008,280320,561
3884,FX,1,0x8c15ef5b4b21951d50e53e4fbda8298ffad25057,7011,280440,561
1751,ATCC,1,0xddaaf4a0702a03a4505f2352a1aba001ffc344be,7034,281360,563
4862,DAD,1,0x5b322514ff727253292637d9054301600c2c81e8,7051,282040,564
19269,COW,1,0xDEf1CA1fb7FBcDC777520aa7f396b4E015F497aB,7056,282240,564
13523,MC,1,0x949D48EcA67b17269629c7194F4b727d4Ef9E5d6,7064,282560,565
24760,WBETH,1,0xa2E3356610840701BDf5611a53974510Ae27E2e1,7114,284560,569
1991,RVT,1,0x3d1ba9be9f66b8ee101911bc36d3fb562eac2244,7171,286840,574
2342,COV,1,0xada86b1b313d1d5267e3fc0bb303f0a2b66d0ea7,7221,288840,578
2726,GEN,1,0x543ff227f64aa17ea132bf9886cab5db55dcaddf,7372,294880,590
2277,SMT,1,0x55f93985431fc9304077687a35a1ba103dc1e081,7387,295480,591
12999,SSV,1,0x9D65fF81a3c488d585bBfb0Bfe3c7707c7917f54,7389,295560,591
2497,MTN,1,0x41dbecc1cdc5517c6f76f6a6e836adbee2754de3,7409,296360,593
1596,EDG,1,0x08711d3b02c8758f2fb3ab4e80228418a7f8e39c,7474,298960,598
1853,OAX,1,0x701c244b988a513c945973defa05de933b23fe1d,7495,299800,600
6929,HEGIC,1,0x584bC13c7D411c00c01A62e8019472dE68768430,7522,300880,602
2110,DOV,1,0xac3211a5025414af2866ff09c23fc18bc97e79b1,7523,300920,602
11232,HIGH,1,0x71Ab77b7dbB4fa7e017BC15090b2163221420282,7537,301480,603
2094,PRG,1,0x7728dFEF5aBd468669EB7f9b48A7f70a501eD29D,7573,302920,606
14803,AURORA,1,0xaaaaaa20d9e0e2461697782ef11675f668207961,7640,305600,611
5741,DMG,1,0xEd91879919B71bB6905f23af0A68d231EcF87b14,7690,307600,615
1845,IXT,1,0xfca47962d45adfdfd1ab2d972315db4ce7ccf094,7706,308240,616
6843,RAD,1,0x31c8eacbffdd875c74b94b077895bd78cf1e64a3,7785,311400,623
2498,JNT,1,0xa5fd1a791c4dfcaacc963d4f73c6ae5824149ea7,7832,313280,627
2952,GBC,1,0xc8058d59e208399b76e66da1ec669dd6b1bee2ea,7842,313680,627
2248,CAPP,1,0x11613b1f840bb5A40F8866d857e24DA126B79D73,7918,316720,633
2057,EDO,1,0xced4e93198734ddaff8492d525bd258d49eb388e,8005,320200,640
33342,EVA,42161,0x45d9831d8751b2325f3dbf48db748723726e1c8c,8066,322640,645
4280,TSHP,1,0x525794473f7ab5715c81d06d10f52d11cc052804,8133,325320,651
5798,RING,1,0x9469d013805bffb7d3debe5e7839237e535ec483,8221,328840,658
3280,RET,1,0xd7394087e1dbbe477fe4f1cf373b9ac9459565ff,8222,328880,658
5326,ORC,1,0x662b67d00A13FAf93254714DD601F5Ed49Ef2F51,8258,330320,661
37593,PROVE,1,0x6BEF15D938d4E72056AC92Ea4bDD0D76B1C4ad29,8332,333280,667
5094,LVX,1,0x261638EC8ee8100484130EBD2fEBfDAdC0D8742a,8339,333560,667
9067,OHM,1,0x64aa3364F17a4D01c6f1751Fd97C2BD3D7e7f1D5,8365,334600,669
7535,KP3R,1,0x1ceb5cb57c4d4e2b2433641b95dd330a33185a44,8488,339520,679
9417,MPL,1,0x33349b282065b0284d756f0577fb39c158f935e6,8497,339880,680
2482,CPC,1,0xfae4ee59cdd86e3be9e8b90b53aa866327d7c090,8545,341800,684
2723,FXT,1,0x1829aa045e21e0d59580024a951db48096e01782,8589,343560,687
2070,DRT,1,0x9af4f26941677c706cfecf6d3379ff01bb85d5ab,8591,343640,687
2438,AAC,1,0xe75ad3aab14e4b0df8c5da4286608dabb21bd864,8613,344520,689
1409,SNGLS,1,0xaec2e87e0a235266d9c5adc9deb4b2e29b54d009,8619,344760,690
2933,BMX,1,0x986EE2B944c42D017F52Af21c4c69B84DBeA35d8,8698,347920,696
4694,GAP,1,0xcd8544defedec7c6b60b5a4232320365b1b21fcc,8730,349200,698
5601,STAKE,1,0x0Ae055097C6d159879521C384F1D2123D1f195e6,8845,353800,708
3581,PNK,1,0x93ed3fbe21207ec2e8f2d3c3de6e058cb73bc04d,8884,355360,711
27009,UNIBOT,1,0xf819d9cb1c2a819fd991781a822de3ca8607c3c9,8944,357760,716
8766,ALICE,1,0xAC51066d7bEC65Dc4589368da368b212745d63E8,8951,358040,716
3637,AERGO,1,0x91af0fbb28aba7e31403cb457106ce79397fd4e6,9006,360240,720
3134,XET,1,0x054c64741dbafdc19784505494029823d89c3b13,9026,361040,722
3835,ORBS,1,0xff56cc6b1e6ded347aa0b7676c85ab0b3d08b0fa,9074,362960,726
29587,W,1,0xB0fFa8000886e57F86dd5264b9582b2Ad87b2b91,9149,365960,732
1658,LUN,1,0xfa05A73FfE78ef8f1a739473e462c54bae6567D9,9277,371080,742
8602,AUCTION,1,0xA9B1Eb5908CfC3cdf91F9B8B3a74108598009096,9304,372160,744
7486,RGT,1,0xd291e7a03283640fdc51b121ac401383a46cc623,9403,376120,752
8615,EPIC,1,0x94314a14df63779c99c0764a30e0cd22fa78fc0e,9410,376400,753
17751,T,1,0xCdF7028ceAB81fA0C6971208e83fa7872994beE5,9457,378280,757
8534,CHEX,1,0x9Ce84F6A69986a83d92C324df10bC8E64771030f,9474,378960,758
1552,MLN,1,0xec67005c4e498ec7f55e092bd1d35cbc47c91892,9483,379320,759
3356,TMTG,1,0x10086399dd8c1e3de736724af52587a2044c9fa2,9602,384080,768
2696,DAX,1,0x0b4bdc478791897274652dc15ef5c135cae61e60,9623,384920,770
7654,RFOX,1,0xa1d6df714f91debf4e0802a542e13067f31b8262,9662,386480,773
2830,SEELE,1,0xb1e93236ab6073fdac58ada5564897177d4bcc43,9746,389840,780
2273,UQC,1,0x8806926ab68eb5a7b909dcaf6fdbe5d93271d6e2,9751,390040,780
3354,TRXC,1,0xad5fe5b0b8ec8ff4565204990e4405b2da117d8e,9795,391800,784
5631,ORN,1,0x0258F474786DdFd37ABCE6df6BBb1Dd5dfC4434a,9800,392000,784
2149,UKG,1,0x24692791bc444c5cd0b81e3cbcaba4b04acd1f3b,9979,399160,798
3666,ULT,1,0xe884cc2795b9c45beeac0607da9539fd571ccf85,10183,407320,815
3083,LINA,1,0xc05d14442a510de4d3d71a3d316585aa0ce32b50,10184,407360,815
2267,WABI,1,0x286bda1413a2df81731d4930ce2f862a35a609fe,10280,411200,822
37574,TETH,1,0xd11c452fc99cf405034ee446803b6f6c1f6d5ed8,10288,411520,823
1680,ANT,1,0xa117000000f279d81a1d3cc75430faa017fa5a2e,10317,412680,825
12147,SYN,1,0x0f2D719407FdBeFF09D87557AbB7232601FD9F29,10416,416640,833
5625,LYXe,1,0xA8b919680258d369114910511cc87595aec0be6D,10485,419400,839
3519,BRZE,1,0x77c07555af5ffdc946fb47ce15ea68620e4e7170,10532,421280,843
29035,METH,1,0xd5F7838F5C461fefF7FE49ea5ebaF7728bB0ADfa,10718,428720,857
1723,SNM,1,0x983f6d60db79ea8ca4eb9968c6aff8cfa04b3c63,10742,429680,859
5794,PNT,1,0x89ab32156e46f46d02ade3fecbe5fc4243b9aaed,10791,431640,863
3139,DX,1,0x973e52691176d36453868D9d86572788d27041A9,10845,433800,868
2373,TIO,1,0x80bc5512561c7f85a3a9508c7df7901b370fa1df,10874,434960,870
18037,MAV,1,0x7448c7456a97769F6cD04F1E83A4a23cCdC46aBD,10897,435880,872
31526,MOCA,1,0xf944e35f95e819e752f3ccb5faf40957d311e8c5,10948,437920,876
2087,KCS,1,0xf34960d9d60be18cc1d5afc1a6f012a723a28811,10951,438040,876
5354,PEAK,1,0x630d98424efe0ea27fb1b3ab7741907dffeaad78,10957,438280,877
2044,ENG,1,0xf0ee6b27b759c9893ce4f094b49ad28fd15a23e4,10963,438520,877
6748,CFG,1,0xcccccccccc33d538dbc2ee4feab0a7a1ff4e8a94,10969,438760,878
38482,FF,1,0xfa1c09fc8b491b6a4d3ff53a10cad29381b3f949,11090,443600,887
2245,PRE,1,0xEC213F83defB583af3A000B1c0ada660b1902A0F,11149,445960,892
34812,BIO,1,0xcb1592591996765ec0efc1f92599a19767ee5ffa,11172,446880,894
2559,AUTO,1,0x622dFfCc4e83C64ba959530A5a5580687a57581b,11209,448360,897
2344,APPC,1,0x1a7a8bd9106f2b8d977e08582dc7d24c723ab0db,11217,448680,897
10508,FLUID,1,0x6f40d4A6237C257fff2dB00FA0510DeEECd303eb,11281,451240,902
2493,STK,1,0xaE73B38d1c9A8b274127ec30160a4927C4d71824,11294,451760,904
1500,WINGS,1,0x667088b212ce3d06a1b553a7221E1fD19000d9aF,11302,452080,904
2835,EDR,1,0xc528c28fec0a90c083328bc45f587ee215760a0f,11344,453760,908
3618,GATE,1,0x9d7630adf7ab0b0cb00af747db76864df0ec82e4,11369,454760,910
2578,TONE,1,0x2ab6bb8408ca3199b8fa6c92d5b455f820af03c4,11477,459080,918
2283,DAT,1,0x81c9151de0c8bafcd325a57e3db5a5df1cebf79c,11548,461920,924
7232,ALPHA,1,0xa1faa113cbe53436df28ff0aee54275c13b40975,11551,462040,924
3307,SPND,1,0xddd460bbd9f79847ea08681563e8a9696867210c,11557,462280,925
28066,BANANA,1,0x38e68a37e401f7271568cecaac63c6b1e19130b4,11577,463080,926
2826,ZIP,1,0xa9d2927d3a04309e008b6af6e2e282ae2952e7fd,11626,465040,930
2982,MVL,1,0xa849eaae994fb86afa73382e9bd88c2b6b18dc71,11742,469680,939
14556,BOBA,1,0x42bbfa2e77757c645eeaad1655e0911a7553efbc,11750,470000,940
5566,KEEP,1,0x85eee30c52b0b379b046fb0f85f4f3dc3009afec,11857,474280,949
18069,GMT,1,0xe3c408bd53c31c085a1746af401a4042954ff740,11869,474760,950
8911,STRK,1,0x74232704659ef37c08995e386a2e26cc27a8d7b1,11873,474920,950
3600,HPO,1,0xfE39C384D702914127a005523f9915ADDB9bd59b,11954,478160,956
19650,VOLT,1,0x7f792db54b0e580cdc755178443f0430cf799aca,11954,478160,956
788,COVAL,1,0x3d658390460295fb963f54dc0899cfb1c30776df,12101,484040,968
2080,MOD,1,0x957c30ab0426e0c93cd8241e2c60392d08c6ac8e,12120,484800,970
2058,AST,1,0x27054b13b1b798b345b591a4d22e6562d47ea75a,12163,486520,973
7617,SFI,1,0xb753428af26e81097e7fd17f40c88aaa3e04902c,12223,488920,978
2524,UTNP,1,0x9e3319636e2126e3c0bc9e3134AEC5e1508A46c7,12240,489600,979
2943,RPL,1,0xd33526068d116ce69f19a9ee46f0bd304f21a51f,12253,490120,980
17799,AXL,1,0x467719aD09025FcC6cF6F8311755809d45a5E5f3,12281,491240,982
1616,GUP,1,0xf7b098298f7c69fc14610bf71d5e02c60792894c,12317,492680,985
2588,LOOM,1,0x42476F744292107e34519F9c357927074Ea3F75D,12473,498920,998
2296,OST,1,0x2c4e8f2d746113d0696ce89b35f0d8bf88e0aeca,12527,501080,1002
27533,OSAK,1,0xa21af1050f7b26e0cff45ee51548254c41ed6b5c,12614,504560,1009
2019,VIB,1,0x2c974b2d0ba1716e644c1fc59982a89ddd2ff724,12673,506920,1014
4005,TRAT,1,0x3eb55d5b22ee0f9b03d59b4994c5ae7fe811be92,12717,508680,1017
2213,QASH,1,0x618e75ac90b12c6049ba3b27f5d5f8651b0037f6,12834,513360,1027
14822,VR,1,0x7d5121505149065b562c789a0145ed750e6e8cdd,12892,515680,1031
38481,XAN,1,0xcedbea37c8872c4171259cdfd5255cb8923cf8e7,12963,518520,1037
38967,RAVE,1,0x17205fab260a7a6383a81452cE6315A39370Db97,13277,531080,1062
1872,NDC,1,0xa54ddc7b3cce7fc8b1e3fa0256d0db80d2c10970,13455,538200,1076
2202,PRL,1,0x1844b21593262668b7248d0f57a220caaba46ab9,13577,543080,1086
2595,NANJ,1,0xffe02ee4c69edf1b340fcad64fbd6b37a7b9e265,13633,545320,1091
3053,YOU,1,0x34364BEe11607b1963d66BCA665FDE93fCA666a8,13892,555680,1111
33038,SKY,1,0x56072C95FAA701256059aa122697B133aDEd9279,14010,560400,1121
2379,KCASH,1,0x32d74896f05204d1b6ae7b0a3cebd7fc0cd8f9c7,14083,563320,1127
2444,C20,1,0x26e75307fc0c021472feb8f727839531f112f317,14202,568080,1136
3724,SOLVE,1,0x446c9033e7516d820cc9a2ce2d0b7328b579406f,14327,573080,1146
7429,LQTY,1,0x6DEA81C8171D0bA574754EF6F8b412F2Ed88c54D,14381,575240,1150
2336,GTC,1,0xB70835D7822eBB9426B56543E391846C107bd32C,14416,576640,1153
8536,MASK,1,0x69af81e73a73b40adf4f3d4223cd9b1ece623074,14467,578680,1157
5957,YFII,1,0xa1d0E215a23d7030842FC67cE582a6aFa3CCaB83,14486,579440,1159
8613,ALCX,1,0xdbdb4d16eda451d0503b854cf79d55697f90c8df,14502,580080,1160
1817,VGX,1,0x3C4B6E6e1eA3D4863700D7F76b36B7f3D3f13E3d,14533,581320,1163
6950,PERP,1,0xbc396689893d065f41bc2c6ecbee5e0085233447,14585,583400,1167
2772,DGTX,1,0xc666081073e8dff8d3d1c2292a29ae1a2153ec09,14616,584640,1169
8161,SPI,1,0x9b02dd390a603add5c07f9fd9175b7dabe8d63b7,14675,587000,1174
11221,BIT,1,0x1A4b46696b2bB4794Eb3D4c26f1c55F9170fa4C5,14825,593000,1186
9308,PYR,1,0x430ef9263e76dae63c84292c3409d61c598e9682,14863,594520,1189
5616,MATH,1,0x08d967bb0134f2d07f7cfb6e246680c53927dd30,14894,595760,1192
1930,PST,1,0x5d4abc77b8405ad177d8ac6682d584ecbfd46cec,15018,600720,1201
1715,MGO,1,0x40395044Ac3c0C57051906dA938B54BD6557F212,15022,600880,1202
28230,BIGTIME,1,0x64Bc2cA1Be492bE7185FAA2c8835d9b824c8a194,15136,605440,1211
2223,VEE,1,0x340d2bde5eb28c1eed91b2f790723e3b160613b7,15185,607400,1215
25147,SWETH,1,0xf951E335afb289353dc249e82926178EaC7DEd78,15199,607960,1216
2274,MDS,1,0x66186008C1050627F979d464eABb258860563dbE,15262,610480,1221
2450,CV,1,0x50bc2ecc0bfdf5666640048038c1aba7b7525683,15329,613160,1226
2297,STMX,1,0xa62cc35625b0c8dc1faea39d33625bb4c15bd71c,15569,622760,1246
2955,COSM,1,0xd1e10c37a27d95d95720291b1dc6f12f74c71443,15738,629520,1259
39720,EDGE,1,0xB0076DE78Dc50581770BBa1D211dDc0aD4F2a241,15779,631160,1262
2398,KEY,1,0x4cc19356f2d37338b9802aa8e8fc58b0373296e7,15798,631920,1264
7224,DODO,1,0x43dfc4159d86f3a37a5a4b3d4580b888ad7d4ddd,15823,632920,1266
16876,ALI,1,0x6b0b3a982b4634ac68dd83a4dbf02311ce324181,15927,637080,1274
3928,IDEX,1,0xb705268213d593b8fd88d3fdeff93aff5cbdcfae,16089,643560,1287
22461,HFT,1,0xb3999F658C0391d94A37f7FF328F3feC942BcADC,16154,646160,1292
3657,LAMB,1,0x8971f9fd7196e5cee2c1032b50f656855af7dd26,16218,648720,1297
7725,TRU,1,0x4c19596f5aaff459fa38b0f7ed92f11ae6543784,16229,649160,1298
6859,FARM,1,0xa0246c9032bC3A600820415aE600c6388619A14D,16241,649640,1299
2161,RDN,1,0x255aa6df07540cb5d3d297f0d0d4d84cb52bc8e6,16263,650520,1301
33824,SYRUP,1,0x643C4E15d7d62Ad0aBeC4a9BD4b001aA3Ef52d66,16395,655800,1312
7192,WBNB,1,0x418D75f65a02b3D53B2418FB8E1fe493759c7605,16445,657800,1316
38408,BARD,1,0xf0DB65D17e30a966C2ae6A21f6BBA71cea6e9754,16698,667920,1336
23095,BONK,1,0x1151CB3d861920e07a38e03eEAd12C32178567F6,16700,668000,1336
3164,PMA,1,0x846c66cf71c43f80403b51fe3906b3599d63336f,16970,678800,1358
5070,XTP,1,0x6368e1E18c4C419DDFC608A0BEd1ccb87b9250fc,17130,685200,1370
5829,SWAP,1,0xcc4304a31d09258b0029ea7fe63d032f52e44efe,17370,694800,1390
5410,PRQ,1,0x362bc847A3a9637d3af6624EeC853618a43ed7D2,17401,696040,1392
8420,DAO,1,0x0f51bb10119727a7e5ea3538074fb341f56b09ad,17422,696880,1394
11877,GAL,1,0x5fAa989Af96Af85384b8a938c2EdE4A7378D9875,17429,697160,1394
9543,BICO,1,0xF17e65822b568B3903685a7c9F496CF7656Cc6C2,17539,701560,1403
6953,FRAX,1,0x3432b6a60d23ca0dfca7761b7ab56459d9c964d0,17726,709040,1418
4172,LUNC,1,0xbd31ea8212119f94a611fa969881cba3ea06fa3d,17798,711920,1424
1403,1ST,1,0xaf30d2a7e90d7dc361c8c4585e9bb7d2f6f15bc7,17846,713840,1428
17591,NYM,1,0x525A8F6F3Ba4752868cde25164382BfbaE3990e1,17889,715560,1431
9444,KNC,1,0xdeFA4e8a7bcBA345F687a2f1456F5Edd9CE97202,17940,717600,1435
1791,ICO,1,0xa33e729bf4fdeb868b534e1f20523463d9c46bee,17967,718680,1437
1784,PLBT,1,0x0affa06e7fbe5bc9a764c979aa66e8256a631f02,17994,719760,1440
1392,PLU,1,0xd8912c10681d8b21fd3742244f44658dba12264e,18017,720680,1441
2885,EGT,1,0x8e1b448ec7adfc7fa35fc2e885678bd323176e34,18050,722000,1444
2061,BCPT,1,0x1c4481750daa5ff521a2a7490d9981ed46465dbd,18108,724320,1449
2459,IDH,1,0x5136C98A80811C3f46bDda8B5c4555CFd9f812F0,18166,726640,1453
24835,PEPECOIN,1,0xA9E8aCf069C58aEc8825542845Fd754e41a9489A,18326,733040,1466
23757,ATOR,1,0x0f7b3f5a8fed821c5eb60049538a548db2d479ce,18481,739240,1478
9040,PUNDIX,1,0x0fd10b9899882a6f2fcb5c371e17e70fdee00c38,18513,740520,1481
28412,MUBI,1,0x38e382f74dfb84608f3c1f10187f6bef5951de93,18631,745240,1490
3929,BQTX,1,0x9d8be94d0612170ce533ac4d7b43cc3cd91e5a1a,18641,745640,1491
1861,STX,1,0x006BeA43Baa3f7A6f765F14f10A1a1b08334EF45,18896,755840,1512
8384,CLV,1,0x80C62FE4487E1351b47Ba49809EBD60ED085bf52,18930,757200,1514
4134,AKRO,1,0x8ab7404063ec4dbcfd4598215992dc3f8ec853d7,19069,762760,1526
2320,UTK,1,0xdc9Ac3C20D1ed0B540dF9b1feDC10039Df13F99c,19109,764360,1529
7501,WOO,1,0x4691937a7508860f876c9c0a2a617e7d9e945d4b,19272,770880,1542
36246,stkAAVE,1,0x4da27a545c0c5B758a6BA100e3a049001de870f5,19342,773680,1547
27960,NPC,1,0x8ed97a637a790be1feff5e888d43629dc05408f6,19377,775080,1550
14806,PEOPLE,1,0x7a58c0be72be218b41c608b7fe7c5bb630736c71,19380,775200,1550
5429,DEP,1,0x1a3496c18d558bd9c6c8f609e1b129f67ab08163,19457,778280,1557
10180,GOMINING,1,0x7Ddc52c4De30e94Be3A6A0A2b259b2850f421989,19623,784920,1570
1937,POE,1,0x0e0989b1f9b8a38983c2ba8053269ca62ec9b195,19635,785400,1571
8757,SAFEMOON,1,0x16631e53c20fd2670027c6d53efe2642929b285c,19868,794720,1589
23246,TOMI,1,0x4385328cc4d643ca98dfea734360c0f596c83449,19891,795640,1591
1455,GLM,1,0x7DD9c5Cba05E151C895FDe1CF355C9A1D5DA6429,19964,798560,1597
3296,MIN,1,0x5d64d850c8368008afb39224e92ad0dceff3cf38,20121,804840,1610
2006,COB,1,0xb2f7eb1f2c37645be61d73953035360e768d81e6,20153,806120,1612
29555,PORTAL,1,0x1bbe973bef3a977fc51cbed703e8ffdefe001fed,20283,811320,1623
3475,BOX,1,0xe1A178B681BD05964d3e3Ed33AE731577d9d96dD,20306,812240,1624
15271,RLB,1,0x046eee2cc3188071c02bfc1745a6b17c656e3f3d,20309,812360,1625
3351,ZB,1,0xbd0793332e9fb844a52a205a233ef27a5b34b927,20326,813040,1626
1104,REP,1,0x1985365e9f78359a9B6AD760e32412f4a445E862,20346,813840,1628
7186,CAKE,1,0x152649eA73beAb28c5b49B26eb48f7EAD6d4c898,20586,823440,1647
13663,GNS,137,0xE5417Af564e4bFDA1c483642db72007871397896,20614,824560,1649
2758,UBT,1,0x8400d94a5cb0fa0d041a3788e395285d61c9ee5e,20768,830720,1661
34104,MORPHO,1,0x58D97B57BB95320F9a05dC918Aef65434969c2B2,20799,831960,1664
1917,BQ,1,0xf0f8b0b8dbb1124261fc8d778e2287e3fd2cf4f5,20854,834160,1668
1690,MCAP,1,0x93e682107d1e9defb0b5ee701c71707a4b2e46bc,20888,835520,1671
2349,XIN,1,0xa974c709cfb4566686553a20790685a47aceaa33,20926,837040,1674
15060,RETH,1,0xae78736cd615f374d3085123a210448e74fc6393,21391,855640,1711
8075,RLY,1,0xf1f955016EcbCd7321c7266BccFB96c68ea5E49b,21442,857680,1715
20279,DHN,1,0x32462bA310E447eF34FF0D15BCE8613aa8C4A244,21647,865880,1732
1974,PRO,1,0x226bb599a12c826476e3a771454697ea52e9e220,21697,867880,1736
1834,PLR,1,0xe3818504c1b32bf1557b16c238b2e01fd3149c17,21875,875000,1750
2592,BANCA,1,0x998b3b82bc9dba173990be7afb772788b5acb8bd,21926,877040,1754
1503,JUP,1,0x4B1E80cAC91e2216EEb63e29B957eB91Ae9C2Be8,21968,878720,1757
34434,REKT,1,0xdd3B11eF34cd511a2DA159034a05fcb94D806686,22133,885320,1771
11092,BGB,1,0x54D2252757e1672EEaD234D27B1270728fF90581,22297,891880,1784
2856,CEEK,1,0xb056c38f6b7dc4064367403e26424cd2c60655e1,22395,895800,1792
9674,WILD,1,0x2a3bff78b79a009976eea096a51a948a3dc00e34,22490,899600,1799
12573,CPOOL,1,0x66761fa41377003622aee3c7675fc7b5c1c2fac5,22668,906720,1813
7102,LINA,1,0x3e9bc21c9b189c09df3ef1b824798658d5011937,22802,912080,1824
3814,CELR,1,0x4f9254c83eb525f9fcf346490bbb3ed28a81c667,22899,915960,1832
10688,YGG,1,0x25f8087ead173b73d6e8b84329989a8eea16cf73,22955,918200,1836
2711,MTC,1,0x905E337c6c8645263D3521205Aa37bf4d034e745,22979,919160,1838
17917,RSS3,1,0xc98d64da73a6616c42117b582e832812e7b8d57f,22985,919400,1839
29242,RSETH,1,0xA1290d69c65A6Fe4DF752f95823fae25cB99e5A7,23023,920920,1842
3695,HYN,1,0xe99a894a69d7c2e3c92e61b64c505a6a57d2bc07,23025,921000,1842
2473,SOC,1,0x2d0e95bd4795d7ace0da3c0ff7b706a5970eb9d3,23070,922800,1846
33652,LBTC,1,0x8236a87084f8b84306f72007f36f2618a5634494,23339,933560,1867
24796,ADF,137,0x6BD10299f4f1d31b3489Dc369eA958712d27c81b,23384,935360,1871
7737,API3,1,0x0b38210ea11411557c13457D4dA7dC6ea731B88a,23890,955600,1911
9640,METIS,1,0x9E32b13ce7f2E80A01932B42553652E053D6ed8e,24328,973120,1946
2096,RCN,1,0xf970b8e36e23f7fc3fd752eea86f8be8d83375a6,24334,973360,1947
29520,EZETH,1,0xbf5495Efe5DB9ce00f80364C8B423567e58d2110,24403,976120,1952
2364,TCT,1,0x4824a7b64e3966b0133f4f4ffb1b9d6beb75fff7,24437,977480,1955
2545,ABT,1,0xb98d4c97425d9908e66e53a6fdf673acca0be986,24589,983560,1967
26997,ZRO,1,0x6985884C4392D348587B19cb9eAAf157F13271cd,24638,985520,1971
9421,FORTH,1,0x77fba179c79de5b7653f68b5039af940ada60ce0,24640,985600,1971
34143,WHITE,1,0x9cdf242Ef7975D8c68D5C1F5B6905801699b1940,24780,991200,1982
6138,DIA,1,0x84ca8bc7997272c7cfb4d0cd3d55cd942b3c9419,24830,993200,1986
25220,BITCOIN,1,0x72e4f9f808c49a2a61de9c5896298920dc4eeea9,25011,1000440,2001
26133,TBTC,1,0x18084fba666a33d37592fa2633fd49a74dd93a88,25120,1004800,2010
2589,GETX,1,0x07a58629aaf3e1a0d07d8f43114b76bd5eee3b91,25449,1017960,2036
2612,RNTB,1,0x1fe70be734e473e5721ea57c8b5b01e6caa52686,25457,1018280,2037
1637,RLC,1,0x607f4c5bb672230e8672085532f7e901544a7375,25487,1019480,2039
5617,UMA,1,0x04Fa0d235C4abf4BcF4787aF4CF447DE572eF828,26117,1044680,2089
1789,PPT,1,0xd4fa1460f537bb9085d22c7bccb5dd450ef28e3a,26214,1048560,2097
2306,BRD,1,0x558ec3152e2eb2174905cd19aea4e34a23de9ad6,26254,1050160,2100
29933,UDS,1,0x712bd4Beb54C6B958267d9dB0259abdBb0BFF606,26306,1052240,2104
2430,HOT,1,0x9af839687f6c94542ac5ece2e317daae355493a1,26439,1057560,2115
2043,CND,1,0xd4c435f5b09f855c3317c8524cb1f586e42795fa,26456,1058240,2116
2313,SRN,1,0x68d57c9a1c35f63e2c83ee8e49a64e9d70528d25,26493,1059720,2119
23711,PRIME,1,0xb23d80f5FefcDDaa212212F028021B41DEd428CF,27397,1095880,2192
28695,weETH,1,0xCd5fE23C85820F7B72D0926FC9b05b43E359b7ee,27433,1097320,2195
32521,NEIRO,1,0x812ba41e071c7b7fa4ebcfb62df5f45f6fa853ee,27962,1118480,2237
10407,BabyDoge,1,0xac57de9c1a09fec648e93eb98875b212db0d460b,28177,1127080,2254
2505,BLZ,1,0x5732046a883704404f284ce41ffadd5b007fd668,28816,1152640,2305
7857,MIR,1,0x09a3EcAFa817268f77BE1283176B946C4ff2E608,28960,1158400,2317
2015,ATM,1,0x9B11EFcAAA1890f6eE52C6bB7CF8153aC5d74139,29064,1162560,2325
12749,NAKA,137,0x311434160d7537be358930def317afb606c0d737,29121,1164840,2330
3946,CRE,1,0x115eC79F1de567eC68B7AE7eDA501b406626478e,29157,1166280,2333
3992,COTI,1,0xDDB3422497E61e13543BeA06989C0789117555c5,29219,1168760,2338
27075,MNT,1,0x3c3a81e81dc49a522a592e7622a7e711c06bf354,29836,1193440,2387
1710,VERI,1,0x8f3470A7388c05eE4e7AF3d01D8C722b0FF52374,30185,1207400,2415
2700,CEL,1,0xaaaebe6fe48e54f431b0c390cfaf0b017d09d42d,30186,1207440,2415
7859,BADGER,1,0x3472a5a71965499acd81997a54bba8d852c6e53d,30308,1212320,2425
2945,BOX,1,0x63f584fa56e60e4d0fe8802b27c7e6e3b33e007f,30438,1217520,2435
4761,NU,1,0x4fe83213d56308330ec302a8bd641f1d0113a4cc,30615,1224600,2449
27566,ETHX,1,0xA35b1B31Ce002FBF2058D22F30f95D405200A15b,30855,1234200,2468
9903,CVX,1,0x4e3fbd56cd56c3e72c1403e103b45db9da5b9d2b,31170,1246800,2494
4195,FTT,1,0x50d1c9771902476076ecfc8b2a83ad6b9355a4c9,31385,1255400,2511
1166,WARP,1,0x83e6f1E41cdd28eAcEB20Cb649155049Fac3D5Aa,31788,1271520,2543
7208,POLS,1,0x83e6f1e41cdd28eaceb20cb649155049fac3d5aa,31788,1271520,2543
29420,VIRTUAL,1,0x44ff8620b8cA30902395A7bD3F2407e1A091BF73,32641,1305640,2611
30008,APU,1,0x594DaaD7D77592a2b97b725A7AD59D7E188b5bFa,32662,1306480,2613
6511,STRONG,1,0x990f341946a3fdb507ae7e52d17851b87168017c,32849,1313960,2628
2760,LBA,1,0xfe5f141bf94fe84bc28ded0ab966c16b17490657,33367,1334680,2669
3795,ZEON,1,0xe5b826ca2ca02f09c1725e9bd98d9a8874c30532,33547,1341880,2684
2287,LOC,1,0x5e3346444010135322268a4630d2ed5f8d09446c,34010,1360400,2721
4679,BAND,1,0xba11d00c5f74255f56a5e366f4f77f5a186d7f55,34707,1388280,2777
3066,BCV,1,0x1014613e2b3cbc4d575054d4982e580d9b99d7b1,35039,1401560,2803
5299,HDAO,1,0x74faab6986560fd1140508e4266d8a7b87274ffd,35402,1416080,2832
2341,SWFTC,1,0x0bb217E40F8a5Cb79Adf04E1aAb60E5abd0dfC1e,35521,1420840,2842
1984,SUB,1,0x8D75959f1E61EC2571aa72798237101F084DE63a,35606,1424240,2848
11289,SPELL,1,0x090185f2135308bad17527004364ebcc2d37e5f6,36091,1443640,2887
23355,0x0,1,0x5a3e6A77ba2f983eC0d371ea3B475F8Bc0811AD5,36348,1453920,2908
3911,OCEAN,1,0x967da4048cd07ab37855c090aaf366e4ce1b9f48,36801,1472040,2944
7455,AUDIO,1,0x18aaa7115705e8be94bffebde57af9bfc265b998,37611,1504440,3009
12409,WSTETH,1,0x7f39c581f595b53c5cb19bd0b3f8da6c935e2ca0,37793,1511720,3023
6958,ACH,1,0xed04915c23f00a313a544955524eb7dbd823143d,38081,1523240,3046
1727,BNT,1,0x1f573d6fb3f13d689ff844b4ce37794d79a7ff1c,38531,1541240,3082
28654,UPC,1,0x487d62468282Bd04ddf976631C23128A425555EE,38797,1551880,3104
1732,NMR,1,0x1776e1F26f98b1A5dF9cD347953a26dd3Cb46671,39074,1562960,3126
18934,STG,1,0xaf5191b0de278c7286d6c7cc6ab6bb8a73ba2cd6,39195,1567800,3136
2243,DRGN,1,0x419c4db4b9e25d6db2ad9691ccb832c8d9fda05e,39254,1570160,3140
27565,ARKM,1,0x6E2a43be0B1d33b726f0CA3b8de60b3482b8b050,39791,1591640,3183
8083,LON,1,0x0000000000095413afc295d19edeb1ad7b71c952,39931,1597240,3194
1856,DNT,1,0x0abdace70d3790235af448c88547603b945604ea,40124,1604960,3210
10821,STARL,1,0x8e6cd950ad6ba651f6dd608dc70e5886b1aa6b24,40204,1608160,3216
4079,SLV,1,0x4c1c4957d22d8f373aed54d0853b090666f6f9de,40272,1610880,3222
2071,REQ,1,0x8f8221afbb33998d8584a2b05749ba73c37a938a,41564,1662560,3325
3458,ZT,1,0xfe39e6a32acd2af7955cb3d406ba2b55c901f247,42535,1701400,3403
8290,SUPER,1,0xe53ec727dbdeb9e2d5456c3be40cff031ab40a55,42588,1703520,3407
3116,INB,1,0x17aa18a4b64a55abed7fa543f2ba4e91f2dce482,42630,1705200,3410
36922,H,1,0xE76c5b78f93909d34404E9eb4C1f19e7582a5dE1,44182,1767280,3535
29779,ZKJ,1,0xC71B5F631354BE6853eFe9C3Ab6b9590F8302e81,44465,1778600,3557
2591,DROP,1,0x4672bad527107471cb5067a887f4656d585a8a31,44894,1795760,3592
11156,ETHDYDX,1,0x92d6c1e31e14520e676a687f0a93788b716beff5,45249,1809960,3620
29676,AEVO,1,0xB528edBef013aff855ac3c50b381f253aF13b997,45552,1822080,3644
5117,OGN,1,0x8207c1ffc5b6804f6024322ccf34f29c3541ae26,45593,1823720,3647
36458,AETHWETH,1,0x4d5F47FA6A74757f35C14fD3a6Ef8E3C9BC514E8,45976,1839040,3678
5026,OXT,1,0x4575f41308EC1483f3d399aa9a2826d74Da13Deb,46863,1874520,3749
2305,NGC,1,0x72dd4b6bd852a3aa172be4d6c5a6dbec588cf131,47231,1889240,3778
29884,DSYNC,1,0xf94e7d0710709388bce3161c32b4eea56d3f91cc,47918,1916720,3833
28298,BEAM,1,0x62D0A8458eD7719FDAF978fe5929C6D342B0bFcE,48392,1935680,3871
5728,BAL,1,0xba100000625a3754423978a60c9317c58a424e3D,48758,1950320,3901
28081,SPX,1,0xe0f63a424a4439cbe457d80e4f4b51ad25b2c56c,49524,1980960,3962
27872,TRUMP,1,0x576e2BeD8F7b46D34016198911Cdf9886f78bea7,50062,2002480,4005
16116,SOL,1,0xD31a59c85aE9D8edEFeC411D448f90841571b89c,50092,2003680,4007
23121,BLUR,1,0x5283d291dbcf85356a21ba090e6db59121208b44,51301,2052040,4104
2511,WPR,1,0x4CF488387F035FF08c371515562CBa712f9015d4,51334,2053360,4107
28933,XAI,42161,0x4Cb9a7AE498CEDcBb5EAe9f25736aE7d428C9D66,51656,2066240,4132
2476,RUFF,1,0xf278c1ca969095ffddded020290cf8b5c424ace2,51722,2068880,4138
2642,CVT,1,0xbe428c3867f05dea2a89fc76a102b544eac7f772,52001,2080040,4160
5864,YFI,1,0x0bc529c00c6401aef6d220be8c6ea1667f6ad93e,52242,2089680,4179
5087,CBUCKS,1,0x0d2BB9D68dD4451A09ec94C05E20Bd395022bd8e,52431,2097240,4194
1969,SCL,1,0xd7631787b4dcc87b1254cfd1e5ce48e96823dee8,52748,2109920,4220
2424,AGIX,1,0x5B7533812759B45C2B44C19e320ba2cD2681b542,52790,2111600,4223
8719,ILV,1,0x767fe9edc9e0df98e07454847909b5e959d7ca0e,53445,2137800,4276
2132,POWR,1,0x595832f8fc6bf59c85c527fec3740a1b7a361269,53582,2143280,4287
30083,ATH,1,0xbe0ed4138121ecfc5c0e56b40517da27e6c5226b,54004,2160160,4320
2934,KAN,1,0x1410434b0346f5be678d0fb554e5c7ab620f8f4a,54103,2164120,4328
21535,cbETH,1,0xbe9895146f7af43049ca1c1ae358b0541ea49704,54640,2185600,4371
33983,SUT,137,0x98965474EcBeC2F532F1f780ee37b0b05F77Ca55,54718,2188720,4377
5176,XAUt,1,0x68749665FF8D2d112Fa859AA293F07A622782F38,55084,2203360,4407
2400,RNT,1,0xff603f43946a3a28df5e6a73172555d8c8b02386,55096,2203840,4408
1876,DCN,1,0x08d32b0da63e2C3bcF8019c9c5d849d7a9d791e6,55378,2215120,4430
3154,DAC,1,0xaad54c9f27b876d2538455dda69207279ff673a5,55732,2229280,4459
2502,HT,1,0x6f259637dcd74c767781e37bc6133cd6a68aa161,55899,2235960,4472
27178,PAAL,1,0x14fee680690900ba0cccfc76ad70fd1b95d10e16,56056,2242240,4484
2541,STQ,1,0x5c3a228510d246b78a3765c20221cbf3082b44a4,57344,2293760,4588
1758,PAY,1,0xb97048628db6b661d4c2aa833e95dbe1a905b280,57388,2295520,4591
24911,TURBO,1,0xa35923162c49cf95e6bf26623385eb431ad920d3,57775,2311000,4622
27659,MOG,1,0xaaeE1A9723aaDB7afA2810263653A34bA2C21C7a,57883,2315320,4631
2539,REN,1,0x408e41876cccdc0f92210600ef50372656052a38,59567,2382680,4765
2047,ZSC,1,0x7A41e0517a5ecA4FdbC7FbebA4D4c47B9fF6DC63,60081,2403240,4806
2881,DCC,1,0xffa93aacf49297d51e211817452839052fdfb961,61201,2448040,4896
2552,IHT,1,0xEda8B016efA8b1161208Cf041cD86972eeE0F31E,61458,2458320,4917
13502,WLD,1,0x163f8c2467924be0ae7b5347228cabf260318753,61595,2463800,4928
3783,ANKR,1,0x8290333cef9e6d528dd5618fb97a76f268f3edd4,61764,2470560,4941
1816,CVC,1,0x41e5560054824ea6b0732e656e3ad64e20e94e45,61783,2471320,4943
2120,FUEL,1,0xea38eaa3c86c8f9b751533ba2e562deb9acded40,62538,2501520,5003
5079,APM,1,0xc8c424b91d8ce0137bab4b832b7f7d154156ba6c,63151,2526040,5052
11841,ARB,1,0xB50721BCf8d664c30412Cfbc6cf7a15145234ad1,63920,2556800,5114
5824,SLP,1,0xCC8Fa225D80b9c7D42F96e9570156c65D6cAAa25,63973,2558920,5118
38849,PIEVERSE,1,0x0e63b9c287e32a05e6b9ab8ee8df88a2760225a9,65074,2602960,5206
2553,RFR,1,0xd0929d411954c47438dc1d871dd6081f5c5e149c,65142,2605680,5211
8000,LDO,1,0x5a98fcbea516cf06857215779fd812ca3bef1b32,65488,2619520,5239
10729,UFO,1,0x249e38ea4102d0cf8264d3701f1a0e39c4f2dc3b,66644,2665760,5332
8438,HOGE,1,0xfad45e47083e4607302aa43c65fb3106f1cd7607,67452,2698080,5396
13855,ENS,1,0xC18360217D8F7Ab5e7c516566761Ea12Ce7F9D72,67611,2704440,5409
2603,NPXS,1,0xa15c7ebe1f07caf6bff097d8a589fb8ac49ae5b3,69740,2789600,5579
2468,LET,1,0xfa3118b34522580c35ae27f6cf52da1dbb756288,69948,2797920,5596
2694,NEXO,1,0xb62132e35a6c13ee1ee0f84dc5d40bad8d815206,70426,2817040,5634
1518,MKR,1,0x9f8f72aa9304c8b593d555f12ef6589cc3a579a2,72749,2909960,5820
9481,PENDLE,1,0x808507121b80c02388fad14726482e061b8da827,72824,2912960,5826
2554,LYM,1,0xc690f7c7fcffa6a82b79fab7508c466fefdfc8c5,75666,3026640,6053
1759,SNT,1,0x744d70fdbe2ba4cf95131626614a1763df805b9e,75976,3039040,6078
17081,LOOKS,1,0xf4d2888d29D722226FafA5d9B24F9164c092421E,77177,3087080,6174
6783,AXS,1,0xbb0e17ef65f82ab018d8edd776e8dd940327b28b,77371,3094840,6190
1982,KNCL,1,0xdd974d5c2e2928dea5f71b9825b8b646686bd200,79462,3178480,6357
1595,SOAR,1,0xD65960FAcb8E4a2dFcb2C2212cb2e44a02e2a57E,79884,3195360,6391
1886,DENT,1,0x3597bfd533a99c9aa083587b074434e61eb0a258,80116,3204640,6409
2946,PTT,1,0x4689a4e169eb39cc9078c0940e21ff1aa8a39b9c,80795,3231800,6464
1757,FUN,1,0x419d0d8bdd9af5e606ae2232ed285aff190e711b,81523,3260920,6522
32994,CBBTC,1,0xcbB7C0000aB88B473b1f5aFd9ef808440eed33Bf,82828,3313120,6626
2586,SNX,1,0xc011a73ee8576fb46f5e1c5751ca3b9fe0af2a6f,87825,3513000,7026
10052,GTC,1,0xde30da39c46104798bb5aa3fe8b9e0e1f348163f,89599,3583960,7168
1963,CREDO,1,0x4e0603e2a27a30480e5e3a4fe548e29ef12f64be,89979,3599160,7198
4705,PAXG,1,0x45804880de22913dafe09f4980848ece6ecbaf78,91783,3671320,7343
2765,XYO,1,0x55296f69f40ea6d20e478533c15a6b08b654e758,92551,3702040,7404
5690,RENDER,1,0x6de037ef9ad2725eb40118bb1702ebb27e4aeb24,92578,3703120,7406
11865,BONE,1,0x9813037ee2218799597d83D4a5B6F3b6778218d9,93107,3724280,7449
10240,WFTM,1,0x4e15361fd6b4bb609fa63c81a2be19d873717870,94585,3783400,7567
2644,EOSDAC,1,0x7e9e431a0b8c4d532c745b1043c7fa29a48d4fba,97092,3883680,7767
30171,ENA,1,0x57e114B691Db790C35207b2e685D4A43181e6061,97815,3912600,7825
10603,IMX,1,0xf57e7e7c23978c3caec3c3548e3d615c346e79ff,98032,3921280,7843
33251,WLFI,1,0xdA5e1988097297dCdc1f90D4dFE7909e847CBeF6,99662,3986480,7973
6538,CRV,1,0xD533a949740bb3306d119CC777fa900bA034cd52,100379,4015160,8030
8425,JASMY,1,0x7420B4b9a0110cdC71fB720908340C03F9Bc03EC,100931,4037240,8074
6945,AMP,1,0xff20817765cb7f73d4bde2e66e067e58d11095c2,101321,4052840,8106
10804,FLOKI,1,0xcf0c122c6b73ff809c693db761e7baebe62b6a2e,102493,4099720,8199
2407,AIT,1,0x79650799e7899a802cb96c0bc33a6a8d4ce4936c,102862,4114480,8229
2165,ERC20,1,0xc3761EB917CD790B30dAD99f6Cc5b4Ff93C4F9eA,103063,4122520,8245
1772,STORJ,1,0xb64ef51c888972c908cfacf59b47c1afbc0ab8ac,105041,4201640,8403
2496,POLY,1,0x9992ec3cf6a55b00978cddf2b27bc6882d88d1ec,105138,4205520,8411
8104,1INCH,1,0x111111111117dc0aa78b770fa6a738034120c302,111505,4460200,8920
2682,HOT,1,0x6c6ee5e31d828de241282b9606c8e98ea48526e2,114151,4566040,9132
3070,LXT,1,0xbc46d9961a3932f7d6b64abfdec80c1816c4b835,121338,4853520,9707
6758,SUSHI,1,0x6b3595068778dd592e39a122f4f5a5cf09c90fe2,126599,5063960,10128
2573,ELEC,1,0xd49ff13661451313ca1553fd6954bd1d9b6e02b9,127440,5097600,10195
3089,AVINOC,1,0xf1ca9cb74685755965c7458528a36934df52a3ef,128482,5139280,10279
5266,MLK,42161,0x374c5FB7979d5fDBAAd2d95409e235e5CBdfD43C,132093,5283720,10567
2239,LEND,1,0x80fB784B7eD66730e8b1DBd9820aFD29931aab03,133500,5340000,10680
2859,XMX,1,0x0f8c45b896784a1e408526b9300519ef8660209c,146551,5862040,11724
28568,EETH,1,0x35fA164735182de50811E8e2E824cFb9B6118ac2,159423,6376920,12754
9436,ELON,1,0x761d38e5ddf6ccf6cf7c55759d5210750b5d60f3,163818,6552720,13105
1934,LRC,1,0xbbbbca6a901c926f240b89eacb641d8aec7aeafd,167253,6690120,13380
3155,QNT,1,0x4a220e6096b25eadb88358cb44068a3248254675,167438,6697520,13395
3773,FET,1,0xaea46A60368A7bD060eec7DF8CBa43b7EF41Ad85,168656,6746240,13492
38341,RAIN,42161,0x25118290e6A5f4139381D072181157035864099d,170458,6818320,13637
6719,GRT,1,0xc944e90c64b2c07662a292be6244bdf05cda44a7,173208,6928320,13857
2308,SAI,1,0x89d24a6b4ccb1b6faa2625fe562bdd9a23260359,176501,7060040,14120
3782,ONOT,1,0xb31c219959e06f9afbeb36b388a4bad13e802725,177551,7102040,14204
2691,PNT,1,0x53066cddbc0099eb6c96785d9b3df2aaeede5da3,178799,7151960,14304
16463,SOS,1,0x3b484b82567a09e2588A13D54D032153f0c0aEe0,184047,7361880,14724
5185,KOK,1,0x9b9647431632af44be02ddd22477ed94d14aacaa,184599,7383960,14768
18876,APE,1,0x4d224452801aced8b2f0aebe155379bb5d594381,188459,7538360,15077
1896,ZRX,1,0xe41d2489571d322189246dafa5ebde1f4699f498,190081,7603240,15206
7278,AAVE,1,0x7Fc66500c84A76Ad7e9c93437bFc5Ac33E2DDaE9,199525,7981000,15962
21159,ONDO,1,0xfaba6f8e4a5e8ab82f62fe7c39859fa577269be3,202984,8119360,16239
6210,SAND,1,0x3845badAde8e6dFF049820680d1F14bD3903a5d0,207810,8312400,16625
5692,COMP,1,0xc00e94cb662c3520282e6f5717214004a7f26888,220206,8808240,17616
30494,EIGEN,1,0xec53bF9167f50cDEB3Ae105f56099aaaB9061F83,223377,8935080,17870
2458,OCN,1,0x4092678e4E78230F46A1534C0fbc8fA39780892B,235979,9439160,18878
28480,BLAST,81457,0xb1a5700fA2358173Fe465e6eA4Ff52E36e88E2ad,273117,10924680,21849
1966,MANA,1,0x0f5d2fb29fb7d3cfee444a200298f468908cc942,281271,11250840,22502
11857,GMX,42161,0xfc5a1a6eb076a2c7ad06ed22c90d7e710e35ad0a,299448,11977920,23956
2512,UCASH,1,0x92e52a1a235d9a103d970901066ce910aacefd37,318646,12745840,25492
1776,MCO,1,0xa0b73e1ff0b80914ab6fe0444e65848c4c34450b,344033,13761320,27523
7083,UNI,1,0x1f9840a85d5af5bf1d1762f925bdaddc4201f984,385104,15404160,30808
27048,APEPE,137,0xA3f751662e282E83EC3cBc387d225Ca56dD63D3A,416332,16653280,33307
24478,PEPE,1,0x6982508145454ce325ddbe47a25d4ec3d2311933,565708,22628320,45257
8085,stETH,1,0xae7ab96520de3a18e5e111b5eaab095312d7fe84,614874,24594960,49190
1808,OMG,1,0xd26114cd6ee289accf82350c8d8487fedb8a0c07,655452,26218080,52436
28301,MEME,1,0xb131f4A55907B10d1F0A50d8ab8FA09EC342cd74,761847,30473880,60948
1975,LINK,1,0x514910771af9ca656af840dff83e8264ecf986ca,895684,35827360,71655
1673,MNE,1,0x426ca1ea2406c07d75db9585f22781c096e3d0e0,1199279,47971160,95942
32257,UXLINK,42161,0x1a6b3a62391eccaaa992ade44cd4afe6bec8cff1,1231538,49261520,98523
2017,KICK,1,0xc12d1c73ee7dc3615ba4e37e4abfdbddfa38907e,1251890,50075600,100151
5994,SHIB,1,0x95ad61b0a150d79219dcf64e1e6cc01f0b64c4ce,1599075,63963000,127926
3640,LPT,1,0x58b6a8a3302369daec383334672404ee733ab239,2167635,86705400,173411
2396,WETH,1,0xc02aaa39b223fe8d0a0e5c4f27ead9083c756cc2,3297801,131912040,263824
5015,HEX,1,0x2b591e99afe9f32eaa6214f7b7629768c40eeb39,9054606,362184240,724368
