cmc_id,symbol,month_end,staked_native,circulating_supply,staking_ratio,source,flag
3635,CRO,2025-07-31,11982657837.5578,32352666177.5172,0.370376,cosmos_lcd_pool@24897536,basecro / 10^8; block_time=2025-07-31T23:59:54Z
3635,CRO,2025-08-31,11034698256.512,33598726954.5924,0.328426,cosmos_lcd_pool@25409240,basecro / 10^8; block_time=2025-08-31T23:59:56Z
3635,CRO,2025-09-30,11131850524.4157,34841986562.4189,0.319495,cosmos_lcd_pool@25902495,basecro / 10^8; block_time=2025-09-30T23:59:57Z
3635,CRO,2025-10-31,11286126979.1973,36087755505.5111,0.312741,cosmos_lcd_pool@26411533,basecro / 10^8; block_time=2025-10-31T23:59:56Z
3635,CRO,2025-11-30,11543637966.4558,37331342214.0304,0.309221,cosmos_lcd_pool@26905419,basecro / 10^8; block_time=2025-11-30T23:59:58Z
3635,CRO,2025-12-31,12388649329.7725,38578563237.684,0.321128,cosmos_lcd_pool@27422953,basecro / 10^8; block_time=2025-12-31T23:59:55Z
3635,CRO,2026-01-31,12713626391.7149,39826694067.4467,0.319224,cosmos_lcd_pool@27945909,basecro / 10^8; block_time=2026-01-31T23:59:56Z
3635,CRO,2026-02-28,12982519238.5722,41067159829.3746,0.316129,cosmos_lcd_pool@28419276,basecro / 10^8; block_time=2026-02-28T23:59:58Z
3635,CRO,2026-03-31,13159815271.9459,42315754948.868,0.310991,cosmos_lcd_pool@28944378,basecro / 10^8; block_time=2026-03-31T23:59:54Z
3635,CRO,2026-04-30,13940604101.2018,43561913948.7015,0.320018,cosmos_lcd_pool@29453435,basecro / 10^8; block_time=2026-04-30T23:59:54Z
3635,CRO,2026-05-31,14147571306.2097,44810644504.0526,0.315719,cosmos_lcd_pool@29981181,basecro / 10^8; block_time=2026-05-31T23:59:55Z
4846,KAVA,2024-04-30,137365063.5368,1082860352.0,0.126854,cosmos_lcd_pool@9650114,ukava / 10^6; block_time=2024-04-30T23:59:55Z
4846,KAVA,2024-05-31,137754240.8309,1082856247.0,0.127214,cosmos_lcd_pool@10082629,ukava / 10^6; block_time=2024-05-31T23:59:56Z
4846,KAVA,2024-06-30,136537148.9288,1082856222.0,0.12609,cosmos_lcd_pool@10537974,ukava / 10^6; block_time=2024-06-30T23:59:56Z
4846,KAVA,2024-07-31,135795075.1833,1082854976.0,0.125405,cosmos_lcd_pool@11016736,ukava / 10^6; block_time=2024-07-31T23:59:56Z
4846,KAVA,2024-08-31,138017871.7036,1082854759.0,0.127457,cosmos_lcd_pool@11493541,ukava / 10^6; block_time=2024-08-31T23:59:58Z
4846,KAVA,2024-09-30,136791260.2256,1082854731.0,0.126325,cosmos_lcd_pool@11953899,ukava / 10^6; block_time=2024-09-30T23:59:56Z
4846,KAVA,2024-10-31,132275722.0947,1082854640.0,0.122155,cosmos_lcd_pool@12442523,ukava / 10^6; block_time=2024-10-31T23:59:56Z
4846,KAVA,2024-11-30,119380938.1448,1082853887.0,0.110247,cosmos_lcd_pool@12887610,ukava / 10^6; block_time=2024-11-30T23:59:53Z
4846,KAVA,2024-12-31,124979941.8641,1082853869.0,0.115417,cosmos_lcd_pool@13333698,ukava / 10^6; block_time=2024-12-31T23:59:53Z
4846,KAVA,2025-01-31,123900597.7674,1082853819.0,0.11442,cosmos_lcd_pool@13782753,ukava / 10^6; block_time=2025-01-31T23:59:58Z
4846,KAVA,2025-02-28,124467438.7621,1082853491.0,0.114944,cosmos_lcd_pool@14184581,ukava / 10^6; block_time=2025-02-28T23:59:57Z
4846,KAVA,2025-03-31,111203334.1804,1082853474.0,0.102695,cosmos_lcd_pool@14635917,ukava / 10^6; block_time=2025-03-31T23:59:54Z
4846,KAVA,2025-04-30,121270744.948,1082853464.0,0.111992,cosmos_lcd_pool@15075188,ukava / 10^6; block_time=2025-04-30T23:59:57Z
4846,KAVA,2025-05-31,122078387.7866,1082853386.0,0.112738,cosmos_lcd_pool@15529013,ukava / 10^6; block_time=2025-05-31T23:59:58Z
4846,KAVA,2025-06-30,121827436.9847,1082853337.0,0.112506,cosmos_lcd_pool@15970093,ukava / 10^6; block_time=2025-06-30T23:59:57Z
4846,KAVA,2025-07-31,118032813.294,1082853140.0,0.109002,cosmos_lcd_pool@16430562,ukava / 10^6; block_time=2025-07-31T23:59:53Z
4846,KAVA,2025-08-31,111993160.5339,1082853067.0,0.103424,cosmos_lcd_pool@16890005,ukava / 10^6; block_time=2025-08-31T23:59:55Z
4846,KAVA,2025-09-30,107307436.9671,1082853067.0,0.099097,cosmos_lcd_pool@17333940,ukava / 10^6; block_time=2025-09-30T23:59:57Z
4846,KAVA,2025-10-31,104124777.4153,1082847822.0,0.096158,cosmos_lcd_pool@17792595,ukava / 10^6; block_time=2025-10-31T23:59:56Z
4846,KAVA,2025-11-30,106109102.4826,1082847735.0,0.097991,cosmos_lcd_pool@18239955,ukava / 10^6; block_time=2025-11-30T23:59:56Z
4846,KAVA,2025-12-31,106634180.6116,1082847661.0,0.098476,cosmos_lcd_pool@18704453,ukava / 10^6; block_time=2025-12-31T23:59:55Z
4846,KAVA,2026-01-31,101331373.3104,1082847618.0,0.093579,cosmos_lcd_pool@19168178,ukava / 10^6; block_time=2026-01-31T23:59:57Z
4846,KAVA,2026-02-28,98992991.5588,1082847302.0,0.091419,cosmos_lcd_pool@19589225,ukava / 10^6; block_time=2026-02-28T23:59:58Z
4846,KAVA,2026-03-31,102526363.7039,1082847245.0,0.094682,cosmos_lcd_pool@20055351,ukava / 10^6; block_time=2026-03-31T23:59:55Z
4846,KAVA,2026-04-30,99288989.2234,1082847035.0,0.091693,cosmos_lcd_pool@20507052,ukava / 10^6; block_time=2026-04-30T23:59:55Z
4846,KAVA,2026-05-31,98300525.7594,1082847018.0,0.09078,cosmos_lcd_pool@20973939,ukava / 10^6; block_time=2026-05-31T23:59:56Z
