cmc_id,symbol,month_end,locked_supply,circulating_supply,staking_ratio,escrow,mechanism
6538,CRV,2020-08-31,4071052.855011876,25891061.7995949,0.15723777134067066,0x5f3b5DfEb7B28CDbD7FAba78963EE202a494e2A2,vote-escrow (veCRV)
6538,CRV,2020-09-30,14885760.118382825,103216536.72489952,0.14421875205963822,0x5f3b5DfEb7B28CDbD7FAba78963EE202a494e2A2,vote-escrow (veCRV)
6538,CRV,2020-10-31,35344431.395566985,104499806.96250796,0.33822484866644514,0x5f3b5DfEb7B28CDbD7FAba78963EE202a494e2A2,vote-escrow (veCRV)
6538,CRV,2020-12-31,71245384.31062971,155297960.60620522,0.4587657431721802,0x5f3b5DfEb7B28CDbD7FAba78963EE202a494e2A2,vote-escrow (veCRV)
6538,CRV,2021-01-31,89703925.41571929,204950572.9548244,0.4376856532891567,0x5f3b5DfEb7B28CDbD7FAba78963EE202a494e2A2,vote-escrow (veCRV)
6538,CRV,2021-02-28,106750047.97156204,233099149.5065261,0.4579598346778753,0x5f3b5DfEb7B28CDbD7FAba78963EE202a494e2A2,vote-escrow (veCRV)
6538,CRV,2021-03-31,128597362.18914041,261186119.8856269,0.49235909720414334,0x5f3b5DfEb7B28CDbD7FAba78963EE202a494e2A2,vote-escrow (veCRV)
6538,CRV,2021-04-30,143639585.027079,273444535.95989347,0.5252969657003745,0x5f3b5DfEb7B28CDbD7FAba78963EE202a494e2A2,vote-escrow (veCRV)
6538,CRV,2021-05-31,189721123.8688708,360912867.6901748,0.5256701571298273,0x5f3b5DfEb7B28CDbD7FAba78963EE202a494e2A2,vote-escrow (veCRV)
6538,CRV,2021-06-30,235720046.64416748,377658560.8261384,0.6241617987647982,0x5f3b5DfEb7B28CDbD7FAba78963EE202a494e2A2,vote-escrow (veCRV)
6538,CRV,2021-07-31,268190607.00865316,380053707.6831474,0.7056650194089015,0x5f3b5DfEb7B28CDbD7FAba78963EE202a494e2A2,vote-escrow (veCRV)
6538,CRV,2021-08-31,293470671.55492353,426216907.3185567,0.6885477007498955,0x5f3b5DfEb7B28CDbD7FAba78963EE202a494e2A2,vote-escrow (veCRV)
6538,CRV,2021-09-30,319811212.3315869,426748438.4144892,0.7494139018288871,0x5f3b5DfEb7B28CDbD7FAba78963EE202a494e2A2,vote-escrow (veCRV)
6538,CRV,2021-10-31,354407060.8140219,413487283.1459128,0.8571171962475023,0x5f3b5DfEb7B28CDbD7FAba78963EE202a494e2A2,vote-escrow (veCRV)
6538,CRV,2021-11-30,367831552.09476805,433356538.55873305,0.8487965897967307,0x5f3b5DfEb7B28CDbD7FAba78963EE202a494e2A2,vote-escrow (veCRV)
6538,CRV,2021-12-31,396376807.76385915,432016497.6565916,0.9175038682873118,0x5f3b5DfEb7B28CDbD7FAba78963EE202a494e2A2,vote-escrow (veCRV)
6538,CRV,2022-01-31,413755149.04304045,457234802.8527451,0.9049073833872013,0x5f3b5DfEb7B28CDbD7FAba78963EE202a494e2A2,vote-escrow (veCRV)
6538,CRV,2022-02-28,440519968.4432528,453012127.9170535,0.9724242272911333,0x5f3b5DfEb7B28CDbD7FAba78963EE202a494e2A2,vote-escrow (veCRV)
6538,CRV,2022-03-31,447163489.4163249,469963219.4446873,0.9514861395849173,0x5f3b5DfEb7B28CDbD7FAba78963EE202a494e2A2,vote-escrow (veCRV)
6538,CRV,2022-04-30,475695965.7596608,461736094.278414,1.0302334421203583,0x5f3b5DfEb7B28CDbD7FAba78963EE202a494e2A2,vote-escrow (veCRV)
6538,CRV,2022-05-31,503201808.8722892,458634391.36735255,1.097174172595442,0x5f3b5DfEb7B28CDbD7FAba78963EE202a494e2A2,vote-escrow (veCRV)
6538,CRV,2022-06-30,527978475.0407151,537372110.6465124,0.9825193093953167,0x5f3b5DfEb7B28CDbD7FAba78963EE202a494e2A2,vote-escrow (veCRV)
6538,CRV,2022-07-31,567700668.047792,520784419.1427101,1.0900876585023667,0x5f3b5DfEb7B28CDbD7FAba78963EE202a494e2A2,vote-escrow (veCRV)
6538,CRV,2022-08-31,583484978.6936376,525573509.1553506,1.1101871927132638,0x5f3b5DfEb7B28CDbD7FAba78963EE202a494e2A2,vote-escrow (veCRV)
6538,CRV,2022-09-30,592974125.822433,531583334.41539234,1.1154866743039547,0x5f3b5DfEb7B28CDbD7FAba78963EE202a494e2A2,vote-escrow (veCRV)
6538,CRV,2022-10-31,603872856.7425257,531583334.41539234,1.135989068217561,0x5f3b5DfEb7B28CDbD7FAba78963EE202a494e2A2,vote-escrow (veCRV)
6538,CRV,2022-11-30,620829518.7319955,531583334.41539234,1.1678874760337463,0x5f3b5DfEb7B28CDbD7FAba78963EE202a494e2A2,vote-escrow (veCRV)
6538,CRV,2022-12-31,629687223.6546041,531583334.41539234,1.1845503477777408,0x5f3b5DfEb7B28CDbD7FAba78963EE202a494e2A2,vote-escrow (veCRV)
6538,CRV,2023-01-31,635025262.0460522,704526620.2432481,0.9013502737863908,0x5f3b5DfEb7B28CDbD7FAba78963EE202a494e2A2,vote-escrow (veCRV)
6538,CRV,2023-02-28,639517699.8264503,731210083.5777528,0.87460186092804,0x5f3b5DfEb7B28CDbD7FAba78963EE202a494e2A2,vote-escrow (veCRV)
6538,CRV,2023-03-31,649633376.6284636,812690056.0,0.799361788460795,0x5f3b5DfEb7B28CDbD7FAba78963EE202a494e2A2,vote-escrow (veCRV)
6538,CRV,2023-04-30,653904911.0389823,810661226.0,0.8066315374000412,0x5f3b5DfEb7B28CDbD7FAba78963EE202a494e2A2,vote-escrow (veCRV)
6538,CRV,2023-05-31,660964182.4337258,819938323.0,0.8061145136080264,0x5f3b5DfEb7B28CDbD7FAba78963EE202a494e2A2,vote-escrow (veCRV)
6538,CRV,2023-06-30,678532093.7235703,865900193.0,0.78361466969158,0x5f3b5DfEb7B28CDbD7FAba78963EE202a494e2A2,vote-escrow (veCRV)
6538,CRV,2023-07-31,688609379.2668586,889120649.0,0.7744836204640418,0x5f3b5DfEb7B28CDbD7FAba78963EE202a494e2A2,vote-escrow (veCRV)
6538,CRV,2023-08-31,740261963.3785361,868137776.0,0.8527010157181965,0x5f3b5DfEb7B28CDbD7FAba78963EE202a494e2A2,vote-escrow (veCRV)
6538,CRV,2023-09-30,761406670.6458349,875133290.0,0.8700465167378502,0x5f3b5DfEb7B28CDbD7FAba78963EE202a494e2A2,vote-escrow (veCRV)
6538,CRV,2023-10-31,773332814.3285322,898524734.0,0.860669478608401,0x5f3b5DfEb7B28CDbD7FAba78963EE202a494e2A2,vote-escrow (veCRV)
6538,CRV,2023-11-30,779261195.3097309,926270369.0,0.8412891326222818,0x5f3b5DfEb7B28CDbD7FAba78963EE202a494e2A2,vote-escrow (veCRV)
6538,CRV,2023-12-31,778959607.8403908,1055483679.0,0.7380119876210713,0x5f3b5DfEb7B28CDbD7FAba78963EE202a494e2A2,vote-escrow (veCRV)
6538,CRV,2024-01-31,774671657.3385043,1096258940.0,0.7066502530310077,0x5f3b5DfEb7B28CDbD7FAba78963EE202a494e2A2,vote-escrow (veCRV)
6538,CRV,2024-02-29,764596080.967975,1136042042.0,0.6730350222091297,0x5f3b5DfEb7B28CDbD7FAba78963EE202a494e2A2,vote-escrow (veCRV)
6538,CRV,2024-03-31,763081940.7153839,1166636960.0,0.654086889819935,0x5f3b5DfEb7B28CDbD7FAba78963EE202a494e2A2,vote-escrow (veCRV)
6538,CRV,2024-04-30,763797336.2348871,1199512408.0,0.6367565113464729,0x5f3b5DfEb7B28CDbD7FAba78963EE202a494e2A2,vote-escrow (veCRV)
6538,CRV,2024-05-31,765461709.0278267,1223021274.0,0.6258776730222492,0x5f3b5DfEb7B28CDbD7FAba78963EE202a494e2A2,vote-escrow (veCRV)
6538,CRV,2024-06-30,804769422.2128614,1249122233.0,0.6442679514878681,0x5f3b5DfEb7B28CDbD7FAba78963EE202a494e2A2,vote-escrow (veCRV)
6538,CRV,2024-07-31,898443673.0469122,1186466832.0,0.7572429745317248,0x5f3b5DfEb7B28CDbD7FAba78963EE202a494e2A2,vote-escrow (veCRV)
6538,CRV,2024-08-31,937860439.1598125,1167095496.0,0.8035850042898396,0x5f3b5DfEb7B28CDbD7FAba78963EE202a494e2A2,vote-escrow (veCRV)
6538,CRV,2024-09-30,936230675.3231963,1200948469.0,0.7795760596645519,0x5f3b5DfEb7B28CDbD7FAba78963EE202a494e2A2,vote-escrow (veCRV)
6538,CRV,2024-10-31,934830827.0181208,1214283920.0,0.7698618186577986,0x5f3b5DfEb7B28CDbD7FAba78963EE202a494e2A2,vote-escrow (veCRV)
6538,CRV,2024-11-30,916711948.344438,1243481976.0,0.7372136999470573,0x5f3b5DfEb7B28CDbD7FAba78963EE202a494e2A2,vote-escrow (veCRV)
6538,CRV,2024-12-31,910671544.6354058,1261197011.0,0.7220692220903192,0x5f3b5DfEb7B28CDbD7FAba78963EE202a494e2A2,vote-escrow (veCRV)
6538,CRV,2025-01-31,906357343.7529558,1276851304.0,0.7098378181653607,0x5f3b5DfEb7B28CDbD7FAba78963EE202a494e2A2,vote-escrow (veCRV)
6538,CRV,2025-02-28,904550861.7790004,1289236570.0,0.7016174399854329,0x5f3b5DfEb7B28CDbD7FAba78963EE202a494e2A2,vote-escrow (veCRV)
6538,CRV,2025-03-31,899465220.7256052,1308050268.0,0.6876381150862662,0x5f3b5DfEb7B28CDbD7FAba78963EE202a494e2A2,vote-escrow (veCRV)
6538,CRV,2025-04-30,882047925.5925858,1336842329.0,0.6597995189547785,0x5f3b5DfEb7B28CDbD7FAba78963EE202a494e2A2,vote-escrow (veCRV)
6538,CRV,2025-05-31,877140891.7111312,1343378344.0,0.6529366024312888,0x5f3b5DfEb7B28CDbD7FAba78963EE202a494e2A2,vote-escrow (veCRV)
6538,CRV,2025-06-30,873636883.0862826,1359337362.6853273,0.6426932026354671,0x5f3b5DfEb7B28CDbD7FAba78963EE202a494e2A2,vote-escrow (veCRV)
6538,CRV,2025-07-31,873329422.5033556,1367844924.8701909,0.6384710771114899,0x5f3b5DfEb7B28CDbD7FAba78963EE202a494e2A2,vote-escrow (veCRV)
6538,CRV,2025-08-31,868207146.9834746,1383660178.1140208,0.6274713695720235,0x5f3b5DfEb7B28CDbD7FAba78963EE202a494e2A2,vote-escrow (veCRV)
6538,CRV,2025-09-30,866419271.1681471,1394732183.6886137,0.6212083447280534,0x5f3b5DfEb7B28CDbD7FAba78963EE202a494e2A2,vote-escrow (veCRV)
6538,CRV,2025-10-31,863153661.4571555,1407515753.509559,0.6132461816536915,0x5f3b5DfEb7B28CDbD7FAba78963EE202a494e2A2,vote-escrow (veCRV)
6538,CRV,2025-11-30,861484795.5119298,1418397688.339908,0.607364776884409,0x5f3b5DfEb7B28CDbD7FAba78963EE202a494e2A2,vote-escrow (veCRV)
6538,CRV,2025-12-31,858607468.136269,1448751864.693902,0.5926532272782813,0x5f3b5DfEb7B28CDbD7FAba78963EE202a494e2A2,vote-escrow (veCRV)
6538,CRV,2026-01-31,856452415.3823602,1460630848.3335996,0.5863578852654435,0x5f3b5DfEb7B28CDbD7FAba78963EE202a494e2A2,vote-escrow (veCRV)
6538,CRV,2026-02-28,857407337.0779468,1469105901.9175608,0.5836252757264196,0x5f3b5DfEb7B28CDbD7FAba78963EE202a494e2A2,vote-escrow (veCRV)
6538,CRV,2026-03-31,857151311.5971739,1481775131.9362726,0.5784624759339245,0x5f3b5DfEb7B28CDbD7FAba78963EE202a494e2A2,vote-escrow (veCRV)
6538,CRV,2026-04-30,855795900.1039413,1497865321.1984165,0.5713436902452843,0x5f3b5DfEb7B28CDbD7FAba78963EE202a494e2A2,vote-escrow (veCRV)
6538,CRV,2026-05-31,854182520.6960866,1511642998.3715446,0.5650689492269513,0x5f3b5DfEb7B28CDbD7FAba78963EE202a494e2A2,vote-escrow (veCRV)
9903,CVX,2021-10-31,0.0,32730934.10159695,0.0,0x72a19342e8F1838460eBFCCEf09F6585e32db86E,vote-lock (vlCVX)
9903,CVX,2021-11-30,0.0,39095693.66976973,0.0,0x72a19342e8F1838460eBFCCEf09F6585e32db86E,vote-lock (vlCVX)
9903,CVX,2021-12-31,0.0,44145836.97199402,0.0,0x72a19342e8F1838460eBFCCEf09F6585e32db86E,vote-lock (vlCVX)
9903,CVX,2022-01-31,0.0,48360500.44827,0.0,0x72a19342e8F1838460eBFCCEf09F6585e32db86E,vote-lock (vlCVX)
9903,CVX,2022-02-28,0.0,52121546.18020247,0.0,0x72a19342e8F1838460eBFCCEf09F6585e32db86E,vote-lock (vlCVX)
9903,CVX,2022-03-31,262666.82324707694,55974634.5484534,0.004692604522852298,0x72a19342e8F1838460eBFCCEf09F6585e32db86E,vote-lock (vlCVX)
9903,CVX,2022-04-30,350476.6034704582,60203707.44180396,0.005821511969329249,0x72a19342e8F1838460eBFCCEf09F6585e32db86E,vote-lock (vlCVX)
9903,CVX,2022-05-31,619866.0168550321,62534769.07937849,0.009912341981597555,0x72a19342e8F1838460eBFCCEf09F6585e32db86E,vote-lock (vlCVX)
9903,CVX,2022-06-30,0.0,64672956.46412748,0.0,0x72a19342e8F1838460eBFCCEf09F6585e32db86E,vote-lock (vlCVX)
9903,CVX,2022-07-31,1655.8525872872135,66135528.22441023,2.503726259913727e-05,0x72a19342e8F1838460eBFCCEf09F6585e32db86E,vote-lock (vlCVX)
9903,CVX,2022-08-31,2030.252836083336,67244543.6021292,3.0192082915989197e-05,0x72a19342e8F1838460eBFCCEf09F6585e32db86E,vote-lock (vlCVX)
9903,CVX,2022-09-30,25.32203595697785,67683254.44943301,3.7412556714299625e-07,0x72a19342e8F1838460eBFCCEf09F6585e32db86E,vote-lock (vlCVX)
9903,CVX,2022-10-31,1468.848459841022,69985513.94890174,2.0987892736109173e-05,0x72a19342e8F1838460eBFCCEf09F6585e32db86E,vote-lock (vlCVX)
9903,CVX,2022-11-30,414.61091792258424,71812754.90277393,5.773499686565693e-06,0x72a19342e8F1838460eBFCCEf09F6585e32db86E,vote-lock (vlCVX)
9903,CVX,2022-12-31,11.577755293012155,72441639.40142529,1.5982182883597694e-07,0x72a19342e8F1838460eBFCCEf09F6585e32db86E,vote-lock (vlCVX)
9903,CVX,2023-01-31,45885.33356727821,74121390.66591723,0.0006190565659256764,0x72a19342e8F1838460eBFCCEf09F6585e32db86E,vote-lock (vlCVX)
9903,CVX,2023-02-28,21733.325225294728,75055226.8449027,0.00028956444659351165,0x72a19342e8F1838460eBFCCEf09F6585e32db86E,vote-lock (vlCVX)
9903,CVX,2023-03-31,744.3083899605977,76997806.5946712,9.66661808795095e-06,0x72a19342e8F1838460eBFCCEf09F6585e32db86E,vote-lock (vlCVX)
9903,CVX,2023-04-30,3792.31,76826406.85038126,4.936206384590509e-05,0x72a19342e8F1838460eBFCCEf09F6585e32db86E,vote-lock (vlCVX)
9903,CVX,2023-05-31,1045.5072051893005,77660628.2204096,1.346251284784915e-05,0x72a19342e8F1838460eBFCCEf09F6585e32db86E,vote-lock (vlCVX)
9903,CVX,2023-06-30,2609.1127018624097,78482506.69316621,3.3244512844919054e-05,0x72a19342e8F1838460eBFCCEf09F6585e32db86E,vote-lock (vlCVX)
9903,CVX,2023-07-31,0.0,79310680.88709262,0.0,0x72a19342e8F1838460eBFCCEf09F6585e32db86E,vote-lock (vlCVX)
9903,CVX,2023-08-31,0.0,80077659.41877696,0.0,0x72a19342e8F1838460eBFCCEf09F6585e32db86E,vote-lock (vlCVX)
9903,CVX,2023-09-30,57415942.34513635,80818086.71722604,0.7104343183231827,0x72a19342e8F1838460eBFCCEf09F6585e32db86E,vote-lock (vlCVX)
9903,CVX,2023-10-31,53657143.08629521,81548897.72025803,0.6579750871723424,0x72a19342e8F1838460eBFCCEf09F6585e32db86E,vote-lock (vlCVX)
9903,CVX,2023-11-30,57094414.63574306,91794463.11956815,0.6219810290885839,0x72a19342e8F1838460eBFCCEf09F6585e32db86E,vote-lock (vlCVX)
9903,CVX,2023-12-31,56768606.16369566,92516056.57513402,0.6136081483065895,0x72a19342e8F1838460eBFCCEf09F6585e32db86E,vote-lock (vlCVX)
9903,CVX,2024-01-31,60191491.2912586,93341657.96606246,0.644851319366357,0x72a19342e8F1838460eBFCCEf09F6585e32db86E,vote-lock (vlCVX)
9903,CVX,2024-02-29,60907618.18421898,93897038.77149712,0.6486638873930897,0x72a19342e8F1838460eBFCCEf09F6585e32db86E,vote-lock (vlCVX)
9903,CVX,2024-03-31,60948789.81147761,94581319.62659846,0.6444062109949393,0x72a19342e8F1838460eBFCCEf09F6585e32db86E,vote-lock (vlCVX)
9903,CVX,2024-04-30,60772841.63573044,95246772.59949248,0.6380567023648869,0x72a19342e8F1838460eBFCCEf09F6585e32db86E,vote-lock (vlCVX)
9903,CVX,2024-05-31,58024875.37958854,96033519.46789676,0.6042148168794937,0x72a19342e8F1838460eBFCCEf09F6585e32db86E,vote-lock (vlCVX)
9903,CVX,2024-06-30,57193591.77813189,96691877.42882548,0.5915035812623648,0x72a19342e8F1838460eBFCCEf09F6585e32db86E,vote-lock (vlCVX)
9903,CVX,2024-07-31,51456316.307925,97351734.82804698,0.5285608561451178,0x72a19342e8F1838460eBFCCEf09F6585e32db86E,vote-lock (vlCVX)
9903,CVX,2024-08-31,47581719.32308688,98003136.71025512,0.48551220828534863,0x72a19342e8F1838460eBFCCEf09F6585e32db86E,vote-lock (vlCVX)
9903,CVX,2024-09-30,43380872.43336196,98645382.90435056,0.4397658679618621,0x72a19342e8F1838460eBFCCEf09F6585e32db86E,vote-lock (vlCVX)
9903,CVX,2024-10-31,43446268.90987586,99286113.00981364,0.4375865626402511,0x72a19342e8F1838460eBFCCEf09F6585e32db86E,vote-lock (vlCVX)
9903,CVX,2024-11-30,45752839.23659552,96633280.04203366,0.47346875958980067,0x72a19342e8F1838460eBFCCEf09F6585e32db86E,vote-lock (vlCVX)
9903,CVX,2024-12-31,43395777.96978231,97267558.92444608,0.44614852526000554,0x72a19342e8F1838460eBFCCEf09F6585e32db86E,vote-lock (vlCVX)
9903,CVX,2025-01-31,40549712.78591384,97899288.15402056,0.4141982393387661,0x72a19342e8F1838460eBFCCEf09F6585e32db86E,vote-lock (vlCVX)
9903,CVX,2025-02-28,39597302.2797933,98528917.36725844,0.4018850844792865,0x72a19342e8F1838460eBFCCEf09F6585e32db86E,vote-lock (vlCVX)
9903,CVX,2025-03-31,39824595.06632688,99160309.64529066,0.4016183007978156,0x72a19342e8F1838460eBFCCEf09F6585e32db86E,vote-lock (vlCVX)
9903,CVX,2025-04-30,40877526.462736115,96782904.54187742,0.42236308835976955,0x72a19342e8F1838460eBFCCEf09F6585e32db86E,vote-lock (vlCVX)
9903,CVX,2025-05-31,41159628.23495427,97421335.7516718,0.4224909042498726,0x72a19342e8F1838460eBFCCEf09F6585e32db86E,vote-lock (vlCVX)
9903,CVX,2025-06-30,41680260.63466259,98043739.20190091,0.4251190435406657,0x72a19342e8F1838460eBFCCEf09F6585e32db86E,vote-lock (vlCVX)
9903,CVX,2025-07-31,40849712.47793176,98666464.61018184,0.41401820405062223,0x72a19342e8F1838460eBFCCEf09F6585e32db86E,vote-lock (vlCVX)
9903,CVX,2025-08-31,37799678.85649646,99287621.34918413,0.38070887732881586,0x72a19342e8F1838460eBFCCEf09F6585e32db86E,vote-lock (vlCVX)
9903,CVX,2025-09-30,36726789.25777467,96907927.65622172,0.37898642707603836,0x72a19342e8F1838460eBFCCEf09F6585e32db86E,vote-lock (vlCVX)
9903,CVX,2025-10-31,37217326.5596072,97649155.03345586,0.38113311422772744,0x72a19342e8F1838460eBFCCEf09F6585e32db86E,vote-lock (vlCVX)
9903,CVX,2025-11-30,39676421.13560658,98266499.31235626,0.4037634536006878,0x72a19342e8F1838460eBFCCEf09F6585e32db86E,vote-lock (vlCVX)
9903,CVX,2025-12-31,42085709.522562005,98883941.74734892,0.42560711859658773,0x72a19342e8F1838460eBFCCEf09F6585e32db86E,vote-lock (vlCVX)
9903,CVX,2026-01-31,46540713.65498573,99504628.28203245,0.467724109506468,0x72a19342e8F1838460eBFCCEf09F6585e32db86E,vote-lock (vlCVX)
9903,CVX,2026-02-28,47779719.675000146,99624218.72687304,0.4795994416376974,0x72a19342e8F1838460eBFCCEf09F6585e32db86E,vote-lock (vlCVX)
9903,CVX,2026-03-31,48034422.31814077,96629378.45249084,0.497099568344606,0x72a19342e8F1838460eBFCCEf09F6585e32db86E,vote-lock (vlCVX)
9903,CVX,2026-04-30,46754080.66667064,97250198.85927068,0.4807607718553643,0x72a19342e8F1838460eBFCCEf09F6585e32db86E,vote-lock (vlCVX)
9903,CVX,2026-05-31,46581623.90430035,97871997.65409274,0.4759443458887286,0x72a19342e8F1838460eBFCCEf09F6585e32db86E,vote-lock (vlCVX)
6953,FXS,2021-12-31,35221230.22775813,16209404.69824367,2.1728885720013174,0xc8418aF6358FFddA74e09Ca9CC3Fe03Ca6aDC5b0,vote-escrow (veFXS)
6953,FXS,2022-01-31,39251717.32700196,16209404.69824367,2.4215397207804297,0xc8418aF6358FFddA74e09Ca9CC3Fe03Ca6aDC5b0,vote-escrow (veFXS)
6953,FXS,2022-02-28,44747511.53094902,16209404.69824367,2.7605894456936797,0xc8418aF6358FFddA74e09Ca9CC3Fe03Ca6aDC5b0,vote-escrow (veFXS)
6953,FXS,2022-03-31,40514664.23706461,16209404.69824367,2.499454174369184,0xc8418aF6358FFddA74e09Ca9CC3Fe03Ca6aDC5b0,vote-escrow (veFXS)
6953,FXS,2022-04-30,41454537.33992467,16209404.69824367,2.5574373711834326,0xc8418aF6358FFddA74e09Ca9CC3Fe03Ca6aDC5b0,vote-escrow (veFXS)
6953,FXS,2022-05-31,40436052.38938414,16209404.69824367,2.494604406648289,0xc8418aF6358FFddA74e09Ca9CC3Fe03Ca6aDC5b0,vote-escrow (veFXS)
6953,FXS,2022-06-30,43706285.40089975,16209404.69824367,2.696353519116926,0xc8418aF6358FFddA74e09Ca9CC3Fe03Ca6aDC5b0,vote-escrow (veFXS)
6953,FXS,2022-07-31,42050986.862414725,16209404.69824367,2.5942338812091634,0xc8418aF6358FFddA74e09Ca9CC3Fe03Ca6aDC5b0,vote-escrow (veFXS)
6953,FXS,2022-08-31,36226611.545988925,16209404.69824367,2.234913139648748,0xc8418aF6358FFddA74e09Ca9CC3Fe03Ca6aDC5b0,vote-escrow (veFXS)
6953,FXS,2022-09-30,37200945.65438553,16209404.69824367,2.2950223248122334,0xc8418aF6358FFddA74e09Ca9CC3Fe03Ca6aDC5b0,vote-escrow (veFXS)
6953,FXS,2022-10-31,36629002.684176475,16209404.69824367,2.2597376872295203,0xc8418aF6358FFddA74e09Ca9CC3Fe03Ca6aDC5b0,vote-escrow (veFXS)
6953,FXS,2022-11-30,43687960.80873647,16209404.69824367,2.695223027744515,0xc8418aF6358FFddA74e09Ca9CC3Fe03Ca6aDC5b0,vote-escrow (veFXS)
6953,FXS,2022-12-31,43312039.706790075,72707954.64670715,0.595698777626825,0xc8418aF6358FFddA74e09Ca9CC3Fe03Ca6aDC5b0,vote-escrow (veFXS)
6953,FXS,2023-01-31,43292292.96261858,73268144.98127966,0.5908746969597765,0xc8418aF6358FFddA74e09Ca9CC3Fe03Ca6aDC5b0,vote-escrow (veFXS)
6953,FXS,2023-02-28,41105045.37277975,74330510.02137297,0.5530036772377913,0xc8418aF6358FFddA74e09Ca9CC3Fe03Ca6aDC5b0,vote-escrow (veFXS)
6953,FXS,2023-03-31,39816260.96889556,71750313.99805534,0.5549280379452376,0xc8418aF6358FFddA74e09Ca9CC3Fe03Ca6aDC5b0,vote-escrow (veFXS)
6953,FXS,2023-04-30,39631273.966501564,71759458.72857358,0.5522794439741359,0xc8418aF6358FFddA74e09Ca9CC3Fe03Ca6aDC5b0,vote-escrow (veFXS)
6953,FXS,2023-05-31,40378120.82183887,72208362.61677206,0.5591889825301221,0xc8418aF6358FFddA74e09Ca9CC3Fe03Ca6aDC5b0,vote-escrow (veFXS)
6953,FXS,2023-06-30,40152970.865774035,72729480.19131249,0.5520865921240324,0xc8418aF6358FFddA74e09Ca9CC3Fe03Ca6aDC5b0,vote-escrow (veFXS)
6953,FXS,2023-07-31,38435089.514283724,73301318.7352928,0.5243437659434381,0xc8418aF6358FFddA74e09Ca9CC3Fe03Ca6aDC5b0,vote-escrow (veFXS)
6953,FXS,2023-08-31,37167464.75962828,73358987.29083897,0.5066518245715986,0xc8418aF6358FFddA74e09Ca9CC3Fe03Ca6aDC5b0,vote-escrow (veFXS)
6953,FXS,2023-09-30,36198331.8179899,74114177.14918166,0.48841305685857683,0xc8418aF6358FFddA74e09Ca9CC3Fe03Ca6aDC5b0,vote-escrow (veFXS)
6953,FXS,2023-10-31,36012004.26145448,74899062.349798,0.4808071440636881,0xc8418aF6358FFddA74e09Ca9CC3Fe03Ca6aDC5b0,vote-escrow (veFXS)
6953,FXS,2023-11-30,37545589.54042211,75345000.23399624,0.4983156071911624,0xc8418aF6358FFddA74e09Ca9CC3Fe03Ca6aDC5b0,vote-escrow (veFXS)
6953,FXS,2023-12-31,37824295.593503855,75999129.48129274,0.49769380059562845,0xc8418aF6358FFddA74e09Ca9CC3Fe03Ca6aDC5b0,vote-escrow (veFXS)
6953,FXS,2024-01-31,38430973.56632822,76515163.3435502,0.5022661115388932,0xc8418aF6358FFddA74e09Ca9CC3Fe03Ca6aDC5b0,vote-escrow (veFXS)
6953,FXS,2024-02-29,40881627.122736506,77022065.32409297,0.5307781211879355,0xc8418aF6358FFddA74e09Ca9CC3Fe03Ca6aDC5b0,vote-escrow (veFXS)
6953,FXS,2024-03-31,42541102.35092286,78826061.19076382,0.5396832178125814,0xc8418aF6358FFddA74e09Ca9CC3Fe03Ca6aDC5b0,vote-escrow (veFXS)
6953,FXS,2024-04-30,43675851.531947054,79166058.80042566,0.551699202837065,0xc8418aF6358FFddA74e09Ca9CC3Fe03Ca6aDC5b0,vote-escrow (veFXS)
6953,FXS,2024-05-31,44829912.17125124,79836887.134243,0.561518788876015,0xc8418aF6358FFddA74e09Ca9CC3Fe03Ca6aDC5b0,vote-escrow (veFXS)
6953,FXS,2024-06-30,44450739.98314449,80259605.39813013,0.5538370113165307,0xc8418aF6358FFddA74e09Ca9CC3Fe03Ca6aDC5b0,vote-escrow (veFXS)
6953,FXS,2024-07-31,42332223.98314449,81040744.74959655,0.5223572921737647,0xc8418aF6358FFddA74e09Ca9CC3Fe03Ca6aDC5b0,vote-escrow (veFXS)
6953,FXS,2024-08-31,41697481.98314449,80603606.71309702,0.517315337160579,0xc8418aF6358FFddA74e09Ca9CC3Fe03Ca6aDC5b0,vote-escrow (veFXS)
6953,FXS,2024-09-30,33746813.99552761,82572330.12558897,0.40869397707682653,0xc8418aF6358FFddA74e09Ca9CC3Fe03Ca6aDC5b0,vote-escrow (veFXS)
6953,FXS,2024-10-31,33712523.99552761,84063614.60285193,0.40103586022083665,0xc8418aF6358FFddA74e09Ca9CC3Fe03Ca6aDC5b0,vote-escrow (veFXS)
6953,FXS,2024-11-30,33543948.99552761,84993753.18625388,0.3946636986605353,0xc8418aF6358FFddA74e09Ca9CC3Fe03Ca6aDC5b0,vote-escrow (veFXS)
6953,FXS,2024-12-31,33074136.626577064,86480887.9332555,0.38244446162605467,0xc8418aF6358FFddA74e09Ca9CC3Fe03Ca6aDC5b0,vote-escrow (veFXS)
6953,FXS,2025-01-31,30522850.626577064,87414432.64938638,0.3491740402755028,0xc8418aF6358FFddA74e09Ca9CC3Fe03Ca6aDC5b0,vote-escrow (veFXS)
6953,FXS,2025-02-28,30469954.626577064,87522135.91062886,0.3481399797839798,0xc8418aF6358FFddA74e09Ca9CC3Fe03Ca6aDC5b0,vote-escrow (veFXS)
6953,FXS,2025-03-31,30474294.626577064,88924272.06703238,0.34269939936764515,0xc8418aF6358FFddA74e09Ca9CC3Fe03Ca6aDC5b0,vote-escrow (veFXS)
6953,FXS,2025-04-30,29361741.626577064,89854740.5331732,0.32676897682139644,0xc8418aF6358FFddA74e09Ca9CC3Fe03Ca6aDC5b0,vote-escrow (veFXS)
6953,FXS,2025-05-31,28621215.012871165,90756006.61012204,0.3153644158873671,0xc8418aF6358FFddA74e09Ca9CC3Fe03Ca6aDC5b0,vote-escrow (veFXS)
6953,FXS,2025-06-30,27969041.873464487,90938062.21388689,0.30756144558788956,0xc8418aF6358FFddA74e09Ca9CC3Fe03Ca6aDC5b0,vote-escrow (veFXS)
6953,FXS,2025-07-31,26242480.151742667,88787045.53431575,0.29556654345030636,0xc8418aF6358FFddA74e09Ca9CC3Fe03Ca6aDC5b0,vote-escrow (veFXS)
6953,FXS,2025-08-31,24880905.823584992,89876452.10427777,0.27683453497605026,0xc8418aF6358FFddA74e09Ca9CC3Fe03Ca6aDC5b0,vote-escrow (veFXS)
6953,FXS,2025-09-30,24511688.51895478,90258847.10505714,0.27157103491942797,0xc8418aF6358FFddA74e09Ca9CC3Fe03Ca6aDC5b0,vote-escrow (veFXS)
6953,FXS,2025-10-31,23284769.458774917,89502484.25745392,0.2601578006683733,0xc8418aF6358FFddA74e09Ca9CC3Fe03Ca6aDC5b0,vote-escrow (veFXS)
6953,FXS,2025-11-30,23111873.433571488,88069662.49408673,0.26242718297147205,0xc8418aF6358FFddA74e09Ca9CC3Fe03Ca6aDC5b0,vote-escrow (veFXS)
6953,FXS,2025-12-31,22704097.236738794,87974742.7844543,0.25807517610327985,0xc8418aF6358FFddA74e09Ca9CC3Fe03Ca6aDC5b0,vote-escrow (veFXS)
6953,FXS,2026-01-31,20212017.31412218,92882409.5097676,0.21760866692413558,0xc8418aF6358FFddA74e09Ca9CC3Fe03Ca6aDC5b0,vote-escrow (veFXS)
6953,FXS,2026-02-28,20070243.521520946,94853112.40141848,0.211592883073606,0xc8418aF6358FFddA74e09Ca9CC3Fe03Ca6aDC5b0,vote-escrow (veFXS)
6953,FXS,2026-03-31,19017604.86946751,95399532.8821961,0.19934693907727366,0xc8418aF6358FFddA74e09Ca9CC3Fe03Ca6aDC5b0,vote-escrow (veFXS)
6953,FXS,2026-04-30,18094221.960461963,95476300.34216318,0.18951532365222362,0xc8418aF6358FFddA74e09Ca9CC3Fe03Ca6aDC5b0,vote-escrow (veFXS)
6953,FXS,2026-05-31,17053976.57755941,95514245.90748644,0.17854903648695106,0xc8418aF6358FFddA74e09Ca9CC3Fe03Ca6aDC5b0,vote-escrow (veFXS)
6758,SUSHI,2020-08-31,0.0,22795535.0,0.0,0x8798249c2E607446Efb7Ad49eC89dD1865Ff4272,fee-share stake (xSUSHI)
6758,SUSHI,2020-09-30,23548022.066617478,140762502.31096867,0.1672890271202755,0x8798249c2E607446Efb7Ad49eC89dD1865Ff4272,fee-share stake (xSUSHI)
6758,SUSHI,2020-10-31,28385934.786696,143274660.2651877,0.19812250633961612,0x8798249c2E607446Efb7Ad49eC89dD1865Ff4272,fee-share stake (xSUSHI)
6758,SUSHI,2020-12-31,41200050.75168049,178034038.89325836,0.2314167055232752,0x8798249c2E607446Efb7Ad49eC89dD1865Ff4272,fee-share stake (xSUSHI)
6758,SUSHI,2021-01-31,60120289.53182034,127244443.0,0.47247870409413745,0x8798249c2E607446Efb7Ad49eC89dD1865Ff4272,fee-share stake (xSUSHI)
6758,SUSHI,2021-02-28,73637253.27663141,127244443.0,0.5787070267314653,0x8798249c2E607446Efb7Ad49eC89dD1865Ff4272,fee-share stake (xSUSHI)
6758,SUSHI,2021-03-31,64496305.66595285,127244443.0,0.5068693307569655,0x8798249c2E607446Efb7Ad49eC89dD1865Ff4272,fee-share stake (xSUSHI)
6758,SUSHI,2021-04-30,62107928.85708856,127244443.0,0.4880993416513172,0x8798249c2E607446Efb7Ad49eC89dD1865Ff4272,fee-share stake (xSUSHI)
6758,SUSHI,2021-05-31,72415799.8623083,127244443.0,0.5691077594823398,0x8798249c2E607446Efb7Ad49eC89dD1865Ff4272,fee-share stake (xSUSHI)
6758,SUSHI,2021-06-30,75413586.64758167,127244443.0,0.5926670341712421,0x8798249c2E607446Efb7Ad49eC89dD1865Ff4272,fee-share stake (xSUSHI)
6758,SUSHI,2021-07-31,80725496.3178704,127244443.0,0.6344127445932581,0x8798249c2E607446Efb7Ad49eC89dD1865Ff4272,fee-share stake (xSUSHI)
6758,SUSHI,2021-08-31,84097999.55309924,127244443.0,0.6609168744060536,0x8798249c2E607446Efb7Ad49eC89dD1865Ff4272,fee-share stake (xSUSHI)
6758,SUSHI,2021-09-30,77833502.829669,127244443.0,0.6116848877217295,0x8798249c2E607446Efb7Ad49eC89dD1865Ff4272,fee-share stake (xSUSHI)
6758,SUSHI,2021-10-31,80525869.68682939,127244443.0,0.6328439009853608,0x8798249c2E607446Efb7Ad49eC89dD1865Ff4272,fee-share stake (xSUSHI)
6758,SUSHI,2021-11-30,65861517.63454569,127244443.0,0.5175983805795409,0x8798249c2E607446Efb7Ad49eC89dD1865Ff4272,fee-share stake (xSUSHI)
6758,SUSHI,2021-12-31,72329127.82024647,127244443.0,0.5684266134926338,0x8798249c2E607446Efb7Ad49eC89dD1865Ff4272,fee-share stake (xSUSHI)
6758,SUSHI,2022-01-31,68671484.36703902,127244443.0,0.5396815982528921,0x8798249c2E607446Efb7Ad49eC89dD1865Ff4272,fee-share stake (xSUSHI)
6758,SUSHI,2022-02-28,71628104.52820893,127244443.0,0.5629173489973855,0x8798249c2E607446Efb7Ad49eC89dD1865Ff4272,fee-share stake (xSUSHI)
6758,SUSHI,2022-03-31,69910587.189464,127244443.0,0.549419570247669,0x8798249c2E607446Efb7Ad49eC89dD1865Ff4272,fee-share stake (xSUSHI)
6758,SUSHI,2022-04-30,71600992.25339954,127244443.0,0.5627042766291926,0x8798249c2E607446Efb7Ad49eC89dD1865Ff4272,fee-share stake (xSUSHI)
6758,SUSHI,2022-05-31,66421740.71828668,127244443.0,0.5220011118150494,0x8798249c2E607446Efb7Ad49eC89dD1865Ff4272,fee-share stake (xSUSHI)
6758,SUSHI,2022-06-30,65654505.83233732,127244443.0,0.5159714977284888,0x8798249c2E607446Efb7Ad49eC89dD1865Ff4272,fee-share stake (xSUSHI)
6758,SUSHI,2022-07-31,63693024.494343184,127244443.0,0.5005564328993384,0x8798249c2E607446Efb7Ad49eC89dD1865Ff4272,fee-share stake (xSUSHI)
6758,SUSHI,2022-08-31,65082780.62515618,127244443.0,0.5114783725773877,0x8798249c2E607446Efb7Ad49eC89dD1865Ff4272,fee-share stake (xSUSHI)
6758,SUSHI,2022-09-30,65653687.07579142,127244443.0,0.5159650632113767,0x8798249c2E607446Efb7Ad49eC89dD1865Ff4272,fee-share stake (xSUSHI)
6758,SUSHI,2022-10-31,68637168.57204723,127244443.0,0.5394119142165386,0x8798249c2E607446Efb7Ad49eC89dD1865Ff4272,fee-share stake (xSUSHI)
6758,SUSHI,2022-11-30,70696928.72908543,127244443.0,0.5555993414115965,0x8798249c2E607446Efb7Ad49eC89dD1865Ff4272,fee-share stake (xSUSHI)
6758,SUSHI,2022-12-31,64755131.46073303,222257372.0,0.29135200726090216,0x8798249c2E607446Efb7Ad49eC89dD1865Ff4272,fee-share stake (xSUSHI)
6758,SUSHI,2023-01-31,63760472.70512654,222257372.0,0.2868767507298995,0x8798249c2E607446Efb7Ad49eC89dD1865Ff4272,fee-share stake (xSUSHI)
6758,SUSHI,2023-02-28,49738109.15164155,222257372.0,0.22378609404074817,0x8798249c2E607446Efb7Ad49eC89dD1865Ff4272,fee-share stake (xSUSHI)
6758,SUSHI,2023-03-31,39141976.422691226,230153719.0346108,0.1700688417587769,0x8798249c2E607446Efb7Ad49eC89dD1865Ff4272,fee-share stake (xSUSHI)
6758,SUSHI,2023-04-30,33808867.36357305,230105247.6253678,0.14692784155282262,0x8798249c2E607446Efb7Ad49eC89dD1865Ff4272,fee-share stake (xSUSHI)
6758,SUSHI,2023-05-31,29962329.625671394,230402981.71105123,0.13004315049727613,0x8798249c2E607446Efb7Ad49eC89dD1865Ff4272,fee-share stake (xSUSHI)
6758,SUSHI,2023-06-30,32439135.010227587,230638827.16062257,0.14064906334108337,0x8798249c2E607446Efb7Ad49eC89dD1865Ff4272,fee-share stake (xSUSHI)
6758,SUSHI,2023-07-31,32029929.500035785,230885274.40026945,0.13872660169962925,0x8798249c2E607446Efb7Ad49eC89dD1865Ff4272,fee-share stake (xSUSHI)
6758,SUSHI,2023-08-31,24882816.142334234,231027116.3222712,0.10770517564537298,0x8798249c2E607446Efb7Ad49eC89dD1865Ff4272,fee-share stake (xSUSHI)
6758,SUSHI,2023-09-30,24043806.717403587,231201846.44857457,0.10399487325353851,0x8798249c2E607446Efb7Ad49eC89dD1865Ff4272,fee-share stake (xSUSHI)
6758,SUSHI,2023-10-31,23207144.447676584,231365258.20658427,0.10030522571783487,0x8798249c2E607446Efb7Ad49eC89dD1865Ff4272,fee-share stake (xSUSHI)
6758,SUSHI,2023-11-30,33179698.367615487,231951850.9072661,0.14304562881406221,0x8798249c2E607446Efb7Ad49eC89dD1865Ff4272,fee-share stake (xSUSHI)
6758,SUSHI,2023-12-31,32711959.738044467,231995614.0438217,0.1410024921068788,0x8798249c2E607446Efb7Ad49eC89dD1865Ff4272,fee-share stake (xSUSHI)
6758,SUSHI,2024-01-31,29127505.07832317,232028891.3284025,0.1255339579117219,0x8798249c2E607446Efb7Ad49eC89dD1865Ff4272,fee-share stake (xSUSHI)
6758,SUSHI,2024-02-29,29637952.095412508,232056433.72990143,0.12771872608328178,0x8798249c2E607446Efb7Ad49eC89dD1865Ff4272,fee-share stake (xSUSHI)
6758,SUSHI,2024-03-31,29918988.539249875,236116979.30511025,0.12671256691196517,0x8798249c2E607446Efb7Ad49eC89dD1865Ff4272,fee-share stake (xSUSHI)
6758,SUSHI,2024-04-30,17089893.491152596,236122996.13987163,0.07237708215860982,0x8798249c2E607446Efb7Ad49eC89dD1865Ff4272,fee-share stake (xSUSHI)
6758,SUSHI,2024-05-31,17048016.227582205,261157523.8680924,0.06527867156602755,0x8798249c2E607446Efb7Ad49eC89dD1865Ff4272,fee-share stake (xSUSHI)
6758,SUSHI,2024-06-30,20538521.407973655,261167317.3779896,0.07864123893514625,0x8798249c2E607446Efb7Ad49eC89dD1865Ff4272,fee-share stake (xSUSHI)
6758,SUSHI,2024-07-31,20626157.780437864,261175257.5049284,0.07897439434916091,0x8798249c2E607446Efb7Ad49eC89dD1865Ff4272,fee-share stake (xSUSHI)
6758,SUSHI,2024-08-31,24077484.599377528,261177515.9129482,0.0921881981885557,0x8798249c2E607446Efb7Ad49eC89dD1865Ff4272,fee-share stake (xSUSHI)
6758,SUSHI,2024-09-30,28554923.06076161,261220330.59691003,0.10931355532515885,0x8798249c2E607446Efb7Ad49eC89dD1865Ff4272,fee-share stake (xSUSHI)
6758,SUSHI,2024-10-31,18410543.30386958,261225429.94679,0.07047760743515549,0x8798249c2E607446Efb7Ad49eC89dD1865Ff4272,fee-share stake (xSUSHI)
6758,SUSHI,2024-11-30,17179441.93495796,261782224.38873827,0.0656249368155992,0x8798249c2E607446Efb7Ad49eC89dD1865Ff4272,fee-share stake (xSUSHI)
6758,SUSHI,2024-12-31,11373796.224502128,262587878.3258137,0.043314247013297974,0x8798249c2E607446Efb7Ad49eC89dD1865Ff4272,fee-share stake (xSUSHI)
6758,SUSHI,2025-01-31,11483848.034645652,263641429.62019864,0.04355858656656984,0x8798249c2E607446Efb7Ad49eC89dD1865Ff4272,fee-share stake (xSUSHI)
6758,SUSHI,2025-02-28,11783849.675808754,267035351.62667692,0.04412842570852909,0x8798249c2E607446Efb7Ad49eC89dD1865Ff4272,fee-share stake (xSUSHI)
6758,SUSHI,2025-03-31,11958370.423078373,267938243.2036008,0.04463106975733752,0x8798249c2E607446Efb7Ad49eC89dD1865Ff4272,fee-share stake (xSUSHI)
6758,SUSHI,2025-04-30,12244271.616841359,268627699.90902257,0.04558082290466763,0x8798249c2E607446Efb7Ad49eC89dD1865Ff4272,fee-share stake (xSUSHI)
6758,SUSHI,2025-05-31,12698395.706511846,269422886.4293901,0.04713183751685409,0x8798249c2E607446Efb7Ad49eC89dD1865Ff4272,fee-share stake (xSUSHI)
6758,SUSHI,2025-06-30,12928005.543088794,275336871.400798,0.046953411932504886,0x8798249c2E607446Efb7Ad49eC89dD1865Ff4272,fee-share stake (xSUSHI)
6758,SUSHI,2025-07-31,12788975.383741328,276148417.03048205,0.04631196340455446,0x8798249c2E607446Efb7Ad49eC89dD1865Ff4272,fee-share stake (xSUSHI)
6758,SUSHI,2025-08-31,12146301.083405867,276151972.25091106,0.04398411854313959,0x8798249c2E607446Efb7Ad49eC89dD1865Ff4272,fee-share stake (xSUSHI)
6758,SUSHI,2025-09-30,12153564.9444362,285396965.2938101,0.04258477286864057,0x8798249c2E607446Efb7Ad49eC89dD1865Ff4272,fee-share stake (xSUSHI)
6758,SUSHI,2025-10-31,14037826.71458128,285397955.12877953,0.049186851069928025,0x8798249c2E607446Efb7Ad49eC89dD1865Ff4272,fee-share stake (xSUSHI)
6758,SUSHI,2025-11-30,13912450.679448122,286831797.2641092,0.04850386467661326,0x8798249c2E607446Efb7Ad49eC89dD1865Ff4272,fee-share stake (xSUSHI)
6758,SUSHI,2025-12-31,18625773.233506445,286833133.15646106,0.06493591946139117,0x8798249c2E607446Efb7Ad49eC89dD1865Ff4272,fee-share stake (xSUSHI)
6758,SUSHI,2026-01-31,18429740.89009361,286834094.0743223,0.06425226732397521,0x8798249c2E607446Efb7Ad49eC89dD1865Ff4272,fee-share stake (xSUSHI)
6758,SUSHI,2026-02-28,19689745.301108737,286834764.2016073,0.06864490556405996,0x8798249c2E607446Efb7Ad49eC89dD1865Ff4272,fee-share stake (xSUSHI)
6758,SUSHI,2026-03-31,18567387.6396333,286834766.863201,0.06473199829534114,0x8798249c2E607446Efb7Ad49eC89dD1865Ff4272,fee-share stake (xSUSHI)
6758,SUSHI,2026-04-30,18638097.19006511,286835035.9568193,0.06497845400194041,0x8798249c2E607446Efb7Ad49eC89dD1865Ff4272,fee-share stake (xSUSHI)
6758,SUSHI,2026-05-31,18313745.010250334,286835035.9568193,0.06384765706587991,0x8798249c2E607446Efb7Ad49eC89dD1865Ff4272,fee-share stake (xSUSHI)
7278,AAVE,2020-10-31,2756998.2080934616,11226654.21269976,0.24557612231208686,0x4da27a545c0c5B758a6BA100e3a049001de870f5,safety-module stake (stkAAVE)
7278,AAVE,2020-12-31,2965573.660879394,12032910.17821963,0.2464552312745823,0x4da27a545c0c5B758a6BA100e3a049001de870f5,safety-module stake (stkAAVE)
7278,AAVE,2021-01-31,3274838.7665177654,12321518.84882113,0.2657820684850949,0x4da27a545c0c5B758a6BA100e3a049001de870f5,safety-module stake (stkAAVE)
7278,AAVE,2021-02-28,3277551.53772235,12418101.35295626,0.26393338599560506,0x4da27a545c0c5B758a6BA100e3a049001de870f5,safety-module stake (stkAAVE)
7278,AAVE,2021-03-31,2981044.103409777,12463664.7275413,0.2391787783590233,0x4da27a545c0c5B758a6BA100e3a049001de870f5,safety-module stake (stkAAVE)
7278,AAVE,2021-04-30,2816319.9769017408,12488045.98548802,0.22552126891384777,0x4da27a545c0c5B758a6BA100e3a049001de870f5,safety-module stake (stkAAVE)
7278,AAVE,2021-05-31,2799551.3461917914,12785609.4780296,0.21896111804466223,0x4da27a545c0c5B758a6BA100e3a049001de870f5,safety-module stake (stkAAVE)
7278,AAVE,2021-06-30,2796095.495895195,12829018.70304832,0.21795084726400865,0x4da27a545c0c5B758a6BA100e3a049001de870f5,safety-module stake (stkAAVE)
7278,AAVE,2021-07-31,3075833.4231957877,12930369.23637383,0.23787668913145196,0x4da27a545c0c5B758a6BA100e3a049001de870f5,safety-module stake (stkAAVE)
7278,AAVE,2021-08-31,3166793.5508563663,13149996.9622092,0.24082085797868844,0x4da27a545c0c5B758a6BA100e3a049001de870f5,safety-module stake (stkAAVE)
7278,AAVE,2021-09-30,3164544.279445318,13188563.28665728,0.23994609652795554,0x4da27a545c0c5B758a6BA100e3a049001de870f5,safety-module stake (stkAAVE)
7278,AAVE,2021-10-31,3101446.9102515285,13230559.27130945,0.23441540502199595,0x4da27a545c0c5B758a6BA100e3a049001de870f5,safety-module stake (stkAAVE)
7278,AAVE,2021-11-30,3090231.828767404,13397476.25464463,0.23065775747847167,0x4da27a545c0c5B758a6BA100e3a049001de870f5,safety-module stake (stkAAVE)
7278,AAVE,2021-12-31,2928496.7036469225,13463432.23859541,0.21751486929550157,0x4da27a545c0c5B758a6BA100e3a049001de870f5,safety-module stake (stkAAVE)
7278,AAVE,2022-01-31,3035143.5450019804,13491858.18902037,0.22496112117988096,0x4da27a545c0c5B758a6BA100e3a049001de870f5,safety-module stake (stkAAVE)
7278,AAVE,2022-02-28,2660997.448439849,13628014.73299209,0.19525936099832902,0x4da27a545c0c5B758a6BA100e3a049001de870f5,safety-module stake (stkAAVE)
7278,AAVE,2022-03-31,2906536.748585486,13658717.41140399,0.2127971947174739,0x4da27a545c0c5B758a6BA100e3a049001de870f5,safety-module stake (stkAAVE)
7278,AAVE,2022-04-30,2869334.8026645677,13699647.11940909,0.20944589139083836,0x4da27a545c0c5B758a6BA100e3a049001de870f5,safety-module stake (stkAAVE)
7278,AAVE,2022-05-31,2478985.2123113223,13881064.6802796,0.1785875413312597,0x4da27a545c0c5B758a6BA100e3a049001de870f5,safety-module stake (stkAAVE)
7278,AAVE,2022-06-30,1979296.4207470224,13915773.71868821,0.1422340188019099,0x4da27a545c0c5B758a6BA100e3a049001de870f5,safety-module stake (stkAAVE)
7278,AAVE,2022-07-31,2183979.3091041576,13971684.61263625,0.15631467282971206,0x4da27a545c0c5B758a6BA100e3a049001de870f5,safety-module stake (stkAAVE)
7278,AAVE,2022-08-31,2220230.4878508146,14008350.12559114,0.15849336059888944,0x4da27a545c0c5B758a6BA100e3a049001de870f5,safety-module stake (stkAAVE)
7278,AAVE,2022-09-30,3120862.737587168,14093192.58056459,0.2214446953553332,0x4da27a545c0c5B758a6BA100e3a049001de870f5,safety-module stake (stkAAVE)
7278,AAVE,2022-10-31,3116100.7296919916,14093192.58056459,0.22110680116507403,0x4da27a545c0c5B758a6BA100e3a049001de870f5,safety-module stake (stkAAVE)
7278,AAVE,2022-11-30,2413562.3344660536,14093192.58056459,0.17125731594660176,0x4da27a545c0c5B758a6BA100e3a049001de870f5,safety-module stake (stkAAVE)
7278,AAVE,2022-12-31,2385704.476889747,14093192.58056459,0.16928062702980343,0x4da27a545c0c5B758a6BA100e3a049001de870f5,safety-module stake (stkAAVE)
7278,AAVE,2023-01-31,3262161.6915373253,14093192.58056459,0.23147073829361092,0x4da27a545c0c5B758a6BA100e3a049001de870f5,safety-module stake (stkAAVE)
7278,AAVE,2023-02-28,3293112.4042372922,14093192.58056459,0.23366688459069976,0x4da27a545c0c5B758a6BA100e3a049001de870f5,safety-module stake (stkAAVE)
7278,AAVE,2023-03-31,3293750.4891071306,14388019.94725468,0.22892312501523865,0x4da27a545c0c5B758a6BA100e3a049001de870f5,safety-module stake (stkAAVE)
7278,AAVE,2023-04-30,3262815.545900849,14371085.59808966,0.22704029724341587,0x4da27a545c0c5B758a6BA100e3a049001de870f5,safety-module stake (stkAAVE)
7278,AAVE,2023-05-31,3278039.803572789,14415042.00794434,0.22740411035682126,0x4da27a545c0c5B758a6BA100e3a049001de870f5,safety-module stake (stkAAVE)
7278,AAVE,2023-06-30,3274034.449692204,14456822.15507732,0.2264698572460715,0x4da27a545c0c5B758a6BA100e3a049001de870f5,safety-module stake (stkAAVE)
7278,AAVE,2023-07-31,3163058.457278866,14504609.9529313,0.21807263122160894,0x4da27a545c0c5B758a6BA100e3a049001de870f5,safety-module stake (stkAAVE)
7278,AAVE,2023-08-31,2907030.210083922,14526634.6815437,0.2001172517800937,0x4da27a545c0c5B758a6BA100e3a049001de870f5,safety-module stake (stkAAVE)
7278,AAVE,2023-09-30,2917697.7428179523,14578435.83666459,0.20013791434880673,0x4da27a545c0c5B758a6BA100e3a049001de870f5,safety-module stake (stkAAVE)
7278,AAVE,2023-10-31,2932762.979580033,14614463.24761673,0.20067538094895798,0x4da27a545c0c5B758a6BA100e3a049001de870f5,safety-module stake (stkAAVE)
7278,AAVE,2023-11-30,2963099.494530229,14661689.52130713,0.20209809314432,0x4da27a545c0c5B758a6BA100e3a049001de870f5,safety-module stake (stkAAVE)
7278,AAVE,2023-12-31,2758856.0669154646,14700770.57173115,0.1876674459650848,0x4da27a545c0c5B758a6BA100e3a049001de870f5,safety-module stake (stkAAVE)
7278,AAVE,2024-01-31,2992856.1795214512,14727786.10660202,0.20321154570406508,0x4da27a545c0c5B758a6BA100e3a049001de870f5,safety-module stake (stkAAVE)
7278,AAVE,2024-02-29,2703586.27612455,14751148.71337886,0.1832797112046248,0x4da27a545c0c5B758a6BA100e3a049001de870f5,safety-module stake (stkAAVE)
7278,AAVE,2024-03-31,2763436.625170141,14794754.15317445,0.1867848966302155,0x4da27a545c0c5B758a6BA100e3a049001de870f5,safety-module stake (stkAAVE)
7278,AAVE,2024-04-30,2747750.6798422043,14810674.77389371,0.1855250163676252,0x4da27a545c0c5B758a6BA100e3a049001de870f5,safety-module stake (stkAAVE)
7278,AAVE,2024-05-31,2745418.5052285185,14843792.09036766,0.18495398537750055,0x4da27a545c0c5B758a6BA100e3a049001de870f5,safety-module stake (stkAAVE)
7278,AAVE,2024-06-30,2764655.503951235,14863855.72674928,0.18599854269144364,0x4da27a545c0c5B758a6BA100e3a049001de870f5,safety-module stake (stkAAVE)
7278,AAVE,2024-07-31,2836939.6246216376,14890460.15457682,0.1905206148884297,0x4da27a545c0c5B758a6BA100e3a049001de870f5,safety-module stake (stkAAVE)
7278,AAVE,2024-08-31,2848950.3948790417,14926048.1699947,0.1908710438578233,0x4da27a545c0c5B758a6BA100e3a049001de870f5,safety-module stake (stkAAVE)
7278,AAVE,2024-09-30,2992841.422826536,14947149.70057138,0.20022823633807116,0x4da27a545c0c5B758a6BA100e3a049001de870f5,safety-module stake (stkAAVE)
7278,AAVE,2024-10-31,3013405.6325740092,14968836.7810571,0.20131194405081904,0x4da27a545c0c5B758a6BA100e3a049001de870f5,safety-module stake (stkAAVE)
7278,AAVE,2024-11-30,3007542.0570319733,15002927.57703301,0.20046367894463615,0x4da27a545c0c5B758a6BA100e3a049001de870f5,safety-module stake (stkAAVE)
7278,AAVE,2024-12-31,2846816.3068933845,15037616.27067928,0.1893130038465058,0x4da27a545c0c5B758a6BA100e3a049001de870f5,safety-module stake (stkAAVE)
7278,AAVE,2025-01-31,2722771.6651786915,15054226.57841302,0.18086426765244817,0x4da27a545c0c5B758a6BA100e3a049001de870f5,safety-module stake (stkAAVE)
7278,AAVE,2025-02-28,2837784.718418482,15082913.92784032,0.18814565487776516,0x4da27a545c0c5B758a6BA100e3a049001de870f5,safety-module stake (stkAAVE)
7278,AAVE,2025-03-31,2803147.4066614853,15094860.12702324,0.18570211204827347,0x4da27a545c0c5B758a6BA100e3a049001de870f5,safety-module stake (stkAAVE)
7278,AAVE,2025-04-30,2858174.2844272954,15107104.66952693,0.18919404789672364,0x4da27a545c0c5B758a6BA100e3a049001de870f5,safety-module stake (stkAAVE)
7278,AAVE,2025-05-31,2875140.5317358105,15151914.55108574,0.18975427310140067,0x4da27a545c0c5B758a6BA100e3a049001de870f5,safety-module stake (stkAAVE)
7278,AAVE,2025-06-30,2910999.63996077,15173286.22197505,0.19185030832311392,0x4da27a545c0c5B758a6BA100e3a049001de870f5,safety-module stake (stkAAVE)
7278,AAVE,2025-07-31,2911912.518641974,15202522.07709247,0.19154141029202743,0x4da27a545c0c5B758a6BA100e3a049001de870f5,safety-module stake (stkAAVE)
7278,AAVE,2025-08-31,2822415.2451347047,15218710.29727496,0.1854569270327777,0x4da27a545c0c5B758a6BA100e3a049001de870f5,safety-module stake (stkAAVE)
7278,AAVE,2025-09-30,2669241.8083024044,15248825.32019159,0.17504573317971928,0x4da27a545c0c5B758a6BA100e3a049001de870f5,safety-module stake (stkAAVE)
7278,AAVE,2025-10-31,2706002.505976077,15261637.71229848,0.1773074788556581,0x4da27a545c0c5B758a6BA100e3a049001de870f5,safety-module stake (stkAAVE)
7278,AAVE,2025-11-30,2683500.072030831,15274898.34634409,0.17568038825430893,0x4da27a545c0c5B758a6BA100e3a049001de870f5,safety-module stake (stkAAVE)
7278,AAVE,2025-12-31,2409174.7090845713,15310969.32540828,0.15734958759838863,0x4da27a545c0c5B758a6BA100e3a049001de870f5,safety-module stake (stkAAVE)
7278,AAVE,2026-01-31,2506673.5851840456,15322373.92343497,0.16359564110037716,0x4da27a545c0c5B758a6BA100e3a049001de870f5,safety-module stake (stkAAVE)
7278,AAVE,2026-02-28,2578517.253027623,15330306.4602699,0.16819737163833753,0x4da27a545c0c5B758a6BA100e3a049001de870f5,safety-module stake (stkAAVE)
7278,AAVE,2026-03-31,3006767.333784282,15377586.94824067,0.19552920389296077,0x4da27a545c0c5B758a6BA100e3a049001de870f5,safety-module stake (stkAAVE)
7278,AAVE,2026-04-30,2430871.4012785777,15398388.8625522,0.15786530805117452,0x4da27a545c0c5B758a6BA100e3a049001de870f5,safety-module stake (stkAAVE)
7278,AAVE,2026-05-31,2109005.815606062,15405821.58343672,0.1368966792315393,0x4da27a545c0c5B758a6BA100e3a049001de870f5,safety-module stake (stkAAVE)
5864,YFI,2020-07-31,0.0,29922.5575171705,0.0,0x90c1f9220d90d3966fbEE24045EDd73E1d588aD5,vote-escrow (veYFI)
5864,YFI,2020-08-31,0.0,29962.8251254594,0.0,0x90c1f9220d90d3966fbEE24045EDd73E1d588aD5,vote-escrow (veYFI)
5864,YFI,2020-09-30,0.0,29967.71115417,0.0,0x90c1f9220d90d3966fbEE24045EDd73E1d588aD5,vote-escrow (veYFI)
5864,YFI,2020-10-31,0.0,29967.71115417,0.0,0x90c1f9220d90d3966fbEE24045EDd73E1d588aD5,vote-escrow (veYFI)
5864,YFI,2020-12-31,0.0,29968.65685125,0.0,0x90c1f9220d90d3966fbEE24045EDd73E1d588aD5,vote-escrow (veYFI)
5864,YFI,2021-01-31,0.0,29968.7914348,0.0,0x90c1f9220d90d3966fbEE24045EDd73E1d588aD5,vote-escrow (veYFI)
5864,YFI,2021-02-28,0.0,36634.94063504,0.0,0x90c1f9220d90d3966fbEE24045EDd73E1d588aD5,vote-escrow (veYFI)
5864,YFI,2021-03-31,0.0,36634.94063504,0.0,0x90c1f9220d90d3966fbEE24045EDd73E1d588aD5,vote-escrow (veYFI)
5864,YFI,2021-04-30,0.0,36634.94063504,0.0,0x90c1f9220d90d3966fbEE24045EDd73E1d588aD5,vote-escrow (veYFI)
5864,YFI,2021-05-31,0.0,36635.03210425,0.0,0x90c1f9220d90d3966fbEE24045EDd73E1d588aD5,vote-escrow (veYFI)
5864,YFI,2021-06-30,0.0,36635.43982673,0.0,0x90c1f9220d90d3966fbEE24045EDd73E1d588aD5,vote-escrow (veYFI)
5864,YFI,2021-07-31,0.0,36635.43982673,0.0,0x90c1f9220d90d3966fbEE24045EDd73E1d588aD5,vote-escrow (veYFI)
5864,YFI,2021-08-31,0.0,36635.43982673,0.0,0x90c1f9220d90d3966fbEE24045EDd73E1d588aD5,vote-escrow (veYFI)
5864,YFI,2021-09-30,0.0,36635.43982673,0.0,0x90c1f9220d90d3966fbEE24045EDd73E1d588aD5,vote-escrow (veYFI)
5864,YFI,2021-10-31,0.0,36637.72122588,0.0,0x90c1f9220d90d3966fbEE24045EDd73E1d588aD5,vote-escrow (veYFI)
5864,YFI,2021-11-30,0.0,36637.72122588,0.0,0x90c1f9220d90d3966fbEE24045EDd73E1d588aD5,vote-escrow (veYFI)
5864,YFI,2021-12-31,0.0,36637.72122588,0.0,0x90c1f9220d90d3966fbEE24045EDd73E1d588aD5,vote-escrow (veYFI)
5864,YFI,2022-01-31,0.0,36637.72122588,0.0,0x90c1f9220d90d3966fbEE24045EDd73E1d588aD5,vote-escrow (veYFI)
5864,YFI,2022-02-28,0.0,36637.72122588,0.0,0x90c1f9220d90d3966fbEE24045EDd73E1d588aD5,vote-escrow (veYFI)
5864,YFI,2022-03-31,0.0,36637.72122588,0.0,0x90c1f9220d90d3966fbEE24045EDd73E1d588aD5,vote-escrow (veYFI)
5864,YFI,2022-04-30,0.0,36637.72122588,0.0,0x90c1f9220d90d3966fbEE24045EDd73E1d588aD5,vote-escrow (veYFI)
5864,YFI,2022-05-31,0.0,36637.72122588,0.0,0x90c1f9220d90d3966fbEE24045EDd73E1d588aD5,vote-escrow (veYFI)
5864,YFI,2022-06-30,0.0,36637.72122588,0.0,0x90c1f9220d90d3966fbEE24045EDd73E1d588aD5,vote-escrow (veYFI)
5864,YFI,2022-07-31,0.0,36637.72122588,0.0,0x90c1f9220d90d3966fbEE24045EDd73E1d588aD5,vote-escrow (veYFI)
5864,YFI,2022-08-31,0.0,36637.72122588,0.0,0x90c1f9220d90d3966fbEE24045EDd73E1d588aD5,vote-escrow (veYFI)
5864,YFI,2022-09-30,0.0,36637.72122588,0.0,0x90c1f9220d90d3966fbEE24045EDd73E1d588aD5,vote-escrow (veYFI)
5864,YFI,2022-10-31,0.0,36637.72122588,0.0,0x90c1f9220d90d3966fbEE24045EDd73E1d588aD5,vote-escrow (veYFI)
5864,YFI,2022-11-30,0.0,36637.72122588,0.0,0x90c1f9220d90d3966fbEE24045EDd73E1d588aD5,vote-escrow (veYFI)
5864,YFI,2022-12-31,1726.7472164343437,36637.72122588,0.0471303115657371,0x90c1f9220d90d3966fbEE24045EDd73E1d588aD5,vote-escrow (veYFI)
5864,YFI,2023-01-31,1839.8231351376605,36637.72122588,0.05021663666784096,0x90c1f9220d90d3966fbEE24045EDd73E1d588aD5,vote-escrow (veYFI)
5864,YFI,2023-02-28,1896.794979162039,36637.72122588,0.051771641786012304,0x90c1f9220d90d3966fbEE24045EDd73E1d588aD5,vote-escrow (veYFI)
5864,YFI,2023-03-31,1914.611919561956,32963.88870043,0.058082101203581024,0x90c1f9220d90d3966fbEE24045EDd73E1d588aD5,vote-escrow (veYFI)
5864,YFI,2023-04-30,1818.7720050324474,32967.39907917,0.05516880481425705,0x90c1f9220d90d3966fbEE24045EDd73E1d588aD5,vote-escrow (veYFI)
5864,YFI,2023-05-31,1825.821365529703,32979.31000231,0.055362630855582344,0x90c1f9220d90d3966fbEE24045EDd73E1d588aD5,vote-escrow (veYFI)
5864,YFI,2023-06-30,1758.4412726320418,33009.69296061,0.053270452249597255,0x90c1f9220d90d3966fbEE24045EDd73E1d588aD5,vote-escrow (veYFI)
5864,YFI,2023-07-31,1663.0337045526717,33030.64050577,0.050348212419985085,0x90c1f9220d90d3966fbEE24045EDd73E1d588aD5,vote-escrow (veYFI)
5864,YFI,2023-08-31,1667.435705032135,33041.64014575,0.05046467722779221,0x90c1f9220d90d3966fbEE24045EDd73E1d588aD5,vote-escrow (veYFI)
5864,YFI,2023-09-30,1551.7338562219586,33183.57033932,0.046762112706819625,0x90c1f9220d90d3966fbEE24045EDd73E1d588aD5,vote-escrow (veYFI)
5864,YFI,2023-10-31,1702.8143864939202,33211.16925411,0.05127234074371504,0x90c1f9220d90d3966fbEE24045EDd73E1d588aD5,vote-escrow (veYFI)
5864,YFI,2023-11-30,1727.7830982314802,33229.01060789,0.05199622458278159,0x90c1f9220d90d3966fbEE24045EDd73E1d588aD5,vote-escrow (veYFI)
5864,YFI,2023-12-31,1725.5551133931813,33234.11042046,0.051921206602565585,0x90c1f9220d90d3966fbEE24045EDd73E1d588aD5,vote-escrow (veYFI)
5864,YFI,2024-01-31,1727.2569870793575,33414.04852546,0.05169253841728474,0x90c1f9220d90d3966fbEE24045EDd73E1d588aD5,vote-escrow (veYFI)
5864,YFI,2024-02-29,1729.1138227056742,33434.04819546,0.051717154099827786,0x90c1f9220d90d3966fbEE24045EDd73E1d588aD5,vote-escrow (veYFI)
5864,YFI,2024-03-31,1673.9173726760876,33274.85149046,0.050305780422671593,0x90c1f9220d90d3966fbEE24045EDd73E1d588aD5,vote-escrow (veYFI)
5864,YFI,2024-04-30,1597.833496804984,33414.62189155,0.04781839225925969,0x90c1f9220d90d3966fbEE24045EDd73E1d588aD5,vote-escrow (veYFI)
5864,YFI,2024-05-31,1683.0813546030402,33279.76603374,0.05057371355605935,0x90c1f9220d90d3966fbEE24045EDd73E1d588aD5,vote-escrow (veYFI)
5864,YFI,2024-06-30,1598.3090717162975,33273.64899393,0.04803528077151597,0x90c1f9220d90d3966fbEE24045EDd73E1d588aD5,vote-escrow (veYFI)
5864,YFI,2024-07-31,1724.686196008444,33322.23803021,0.05175781393929305,0x90c1f9220d90d3966fbEE24045EDd73E1d588aD5,vote-escrow (veYFI)
5864,YFI,2024-08-31,1911.216759429323,33353.09107171,0.05730253772641816,0x90c1f9220d90d3966fbEE24045EDd73E1d588aD5,vote-escrow (veYFI)
5864,YFI,2024-09-30,1917.6687381746367,33560.60529545,0.05714046934769159,0x90c1f9220d90d3966fbEE24045EDd73E1d588aD5,vote-escrow (veYFI)
5864,YFI,2024-10-31,1909.5385342628317,33570.9249975,0.056880724448463475,0x90c1f9220d90d3966fbEE24045EDd73E1d588aD5,vote-escrow (veYFI)
5864,YFI,2024-11-30,1911.3543940746933,33562.8339374,0.05694854009168809,0x90c1f9220d90d3966fbEE24045EDd73E1d588aD5,vote-escrow (veYFI)
5864,YFI,2024-12-31,1675.5626407046918,33627.93112532,0.04982651577524745,0x90c1f9220d90d3966fbEE24045EDd73E1d588aD5,vote-escrow (veYFI)
5864,YFI,2025-01-31,1421.7314618210785,33687.33885911,0.04220373321167227,0x90c1f9220d90d3966fbEE24045EDd73E1d588aD5,vote-escrow (veYFI)
5864,YFI,2025-02-28,1582.2618189746768,33753.18128424,0.046877412995540796,0x90c1f9220d90d3966fbEE24045EDd73E1d588aD5,vote-escrow (veYFI)
5864,YFI,2025-03-31,1583.386001509225,33788.92236316,0.046861097980312856,0x90c1f9220d90d3966fbEE24045EDd73E1d588aD5,vote-escrow (veYFI)
5864,YFI,2025-04-30,1585.8678112382543,33780.48965089,0.046946264770808974,0x90c1f9220d90d3966fbEE24045EDd73E1d588aD5,vote-escrow (veYFI)
5864,YFI,2025-05-31,1576.8147617258126,33813.28710244,0.04663299243722531,0x90c1f9220d90d3966fbEE24045EDd73E1d588aD5,vote-escrow (veYFI)
5864,YFI,2025-06-30,1629.0733222201773,33811.00782169,0.04818174396964042,0x90c1f9220d90d3966fbEE24045EDd73E1d588aD5,vote-escrow (veYFI)
5864,YFI,2025-07-31,1631.203269523431,33800.25978692,0.048260080833895616,0x90c1f9220d90d3966fbEE24045EDd73E1d588aD5,vote-escrow (veYFI)
5864,YFI,2025-08-31,1580.818085859263,33829.13361182,0.04672948778407143,0x90c1f9220d90d3966fbEE24045EDd73E1d588aD5,vote-escrow (veYFI)
5864,YFI,2025-09-30,1573.5041872605177,33890.51536923,0.04642904276071114,0x90c1f9220d90d3966fbEE24045EDd73E1d588aD5,vote-escrow (veYFI)
5864,YFI,2025-10-31,1561.4746001026385,33956.34654768,0.045984764524360275,0x90c1f9220d90d3966fbEE24045EDd73E1d588aD5,vote-escrow (veYFI)
5864,YFI,2025-11-30,1561.4746001026385,33984.95019188,0.04594606116197047,0x90c1f9220d90d3966fbEE24045EDd73E1d588aD5,vote-escrow (veYFI)
5864,YFI,2025-12-31,1559.7954463732403,35093.95019188,0.04444627743086454,0x90c1f9220d90d3966fbEE24045EDd73E1d588aD5,vote-escrow (veYFI)
5864,YFI,2026-01-31,1559.7954463732403,35087.15650338,0.04445488326256882,0x90c1f9220d90d3966fbEE24045EDd73E1d588aD5,vote-escrow (veYFI)
5864,YFI,2026-02-28,1545.5712547161297,35671.80338552,0.043327533458639565,0x90c1f9220d90d3966fbEE24045EDd73E1d588aD5,vote-escrow (veYFI)
5864,YFI,2026-03-31,1537.707175698521,35742.54399985,0.04302176072595656,0x90c1f9220d90d3966fbEE24045EDd73E1d588aD5,vote-escrow (veYFI)
5864,YFI,2026-04-30,1537.707175698521,35715.94808248,0.04305379692420439,0x90c1f9220d90d3966fbEE24045EDd73E1d588aD5,vote-escrow (veYFI)
5864,YFI,2026-05-31,1536.5450804385212,35715.94808248,0.043021259771408776,0x90c1f9220d90d3966fbEE24045EDd73E1d588aD5,vote-escrow (veYFI)
