symbol,cmc_id,tf,gl_cum,scrMo,hodl_med,hodl_last,gl,dl_slug,tvl,b4
bUSD0,33981,288913,1039,9,5.9,5.9,1039,,N,pass
IFT,1888,30119,1237,15,52.2,92.7,198,,N,pass
DRG,2593,23511,1397,18,32.8,33.5,160,,N,pass
RIVER,38417,91950,1910,6,0.0,0.0,513,river-omni-cdp,Y,pass
NXM,5830,118725,2370,30,40.0,46.7,460,,N,pass
SFRXETH,23177,153350,2913,10,35.6,47.8,543,,N,pass
CRD,3367,54921,3207,4,9.4,2.0,294,,N,pass
META,3418,13126,3518,87,91.1,91.1,311,,N,flag-high
MULTI,17050,60295,3822,12,7.0,7.7,304,multichain,Y,pass
CAT,1882,28461,3941,12,6.4,75.8,119,,N,pass
TEN,2576,51201,4223,54,79.5,91.9,282,,N,pass
UNFI,7672,61320,4486,45,49.4,9.6,263,,N,pass
SOSO,35818,363859,5787,9,0.5,0.5,1301,sosovalue-indexes,Y,pass
ADX,1768,180121,6347,64,17.4,36.2,560,,N,pass
LIT,39125,143947,7038,6,0.0,0.0,691,lighter-bridge,Y,pass
DMT,2503,29500,7212,32,78.6,56.1,174,,N,pass
RSWETH,29974,346322,8385,11,41.2,54.3,1173,,N,pass
ROX,3325,24486,8563,20,69.6,82.7,178,,N,pass
LOCUS,3855,105674,8986,41,79.9,84.4,423,,N,pass
APEX,19843,211511,9743,9,51.4,52.5,757,apex-pro,Y,pass
ZAP,2363,68553,9985,11,42.5,45.1,242,,N,pass
TROY,5007,20531,10211,53,87.7,30.3,226,,N,flag-high
RBN,12387,257795,11073,30,9.7,8.4,862,ribbon,Y,pass
TKN,1660,112365,11417,48,74.2,66.4,344,,N,pass
PIXEL,29335,73738,11792,28,5.1,3.6,375,,N,pass
LIT,6833,69575,12104,48,28.7,5.3,312,,N,pass
DAD,4862,34288,12353,40,65.8,46.0,249,,N,pass
WBETH,24760,116275,12850,23,18.6,89.4,497,,N,pass
GEN,2726,94914,13148,6,43.7,44.9,298,,N,pass
SMT,2277,29988,13362,37,100.0,100.0,214,,N,flag-high
DOV,2110,73665,13667,41,56.5,50.4,305,,N,pass
RING,5798,216241,14401,30,12.6,23.0,734,,N,pass
ORC,5326,91546,14757,36,51.3,45.4,356,orbit-bridge,Y,pass
LINA,3083,53175,14973,18,73.9,93.8,216,,N,pass
TETH,37574,259957,15970,5,3.9,3.9,997,,N,pass
METH,29035,170478,16635,11,12.5,14.1,665,,N,pass
MAV,18037,114273,17101,34,3.0,17.6,466,maverick-v1,Y,pass
CFG,6748,275392,18152,15,0.0,46.1,1051,centrifuge-protocol,Y,pass
FF,38482,361148,19505,9,0.0,0.3,1353,falcon-finance,Y,pass
AUTO,2559,52425,19737,31,38.2,73.1,232,,N,pass
WINGS,1500,153383,20215,45,39.7,46.7,478,,N,pass
ZIP,2826,35485,20401,28,35.1,35.7,186,,N,pass
VOLT,19650,121182,20891,22,48.8,54.7,490,,N,pass
OST,2296,147047,21401,42,44.3,44.3,510,,N,pass
PRL,2202,72495,21664,10,25.1,46.7,263,,N,pass
YOU,3053,57296,21902,16,94.3,99.3,238,,N,flag-high
SKY,33038,996285,25077,13,0.3,3.5,3175,sky-lending,Y,pass
DGTX,2772,44823,25341,6,0.0,32.3,264,,N,pass
SPI,8161,168006,25936,11,26.6,46.6,595,,N,pass
PYR,9308,299812,26896,53,29.0,17.0,960,,N,pass
VEE,2223,261517,27693,71,63.6,60.9,797,,N,pass
SWETH,25147,814882,30242,11,12.2,16.3,2549,,N,pass
EDGE,39720,581563,32299,3,0.0,0.0,2057,edgex-bridge,Y,pass
DODO,7224,465519,33668,63,17.9,34.1,1369,dodo-amm,Y,pass
ALI,16876,299290,34622,40,8.4,15.4,954,,N,pass
IDEX,3928,159564,35208,64,70.1,41.6,586,idex-v1,Y,pass
SYRUP,33824,574251,37125,14,11.4,23.6,1917,maple,Y,pass
BARD,38408,501084,38928,9,0.0,1.4,1803,lombard-lbtc,Y,pass
DAO,8420,649613,40928,48,4.9,11.1,2000,,N,pass
KNC,9444,452019,42331,59,24.1,22.6,1403,kyberswap-classic,Y,pass
MUBI,28412,445657,43857,13,6.3,26.9,1526,multibit-protocol,Y,pass
WOO,7501,798802,46252,62,16.1,20.7,2395,woofi-swap,Y,pass
DEP,5429,322914,47197,48,45.6,23.6,945,,N,pass
MIN,3296,28613,47417,15,77.8,80.7,220,,N,pass
BOX,3475,28248,47637,22,85.1,95.4,220,,N,flag-high
MORPHO,34104,814919,50256,18,9.0,20.0,2619,morpho-blue,Y,pass
RETH,15060,868428,53001,17,20.2,21.6,2745,,N,pass
RLY,8075,431472,54410,37,14.4,30.3,1409,,N,pass
JUP,1503,95120,54768,14,25.3,38.5,358,,N,pass
WILD,9674,526364,56392,54,9.8,18.8,1624,,N,pass
CPOOL,12573,748913,58687,18,29.4,31.1,2295,clearpool-lending,Y,pass
RSETH,29242,415042,60048,11,2.7,2.5,1361,,N,pass
LBTC,33652,547656,61917,10,2.1,3.1,1869,,N,pass
METIS,9640,641646,63896,54,11.5,10.7,1979,,Y,pass
EZETH,29520,778082,66369,12,14.8,25.4,2473,,N,pass
ZRO,26997,655100,68482,24,22.5,34.9,2113,layerzero-v2,Y,pass
WHITE,34143,477196,70075,16,90.4,97.7,1593,,N,flag-high
UMA,5617,806941,72620,69,21.0,22.0,2545,,N,pass
HOT,2430,64098,72888,36,83.7,93.9,268,,N,flag-high
PRIME,23711,883569,75646,31,15.4,12.2,2758,echelon-prime,N,pass
weETH,28695,1386191,79959,12,1.7,4.2,4313,,N,pass
BabyDoge,10407,250321,80742,48,78.1,78.3,783,babydogeswap,Y,pass
ATM,2015,61645,81003,13,7.8,12.7,261,,N,pass
CEL,2700,1096985,84240,54,55.1,31.1,3237,,N,pass
BOX,2945,100577,84720,16,96.0,96.4,480,,N,flag-high
ETHX,27566,178293,85381,11,13.1,15.2,661,,N,pass
FTT,4195,689112,87456,81,34.7,82.5,2075,,N,pass
STRONG,6511,6663109,107493,18,95.6,94.4,20037,,N,flag-high
SUB,1984,61591,107817,17,71.5,85.5,324,,N,pass
SPELL,11289,945921,110728,54,15.4,21.8,2911,abracadabra-spell,Y,pass
WSTETH,12409,4015810,122629,11,12.2,15.3,11901,,N,pass
ARKM,27565,589187,124590,28,13.5,14.3,1961,arkham,N,pass
LON,8083,505756,126159,65,14.9,15.5,1569,tokenlon-amm,Y,pass
ETHDYDX,11156,880118,128846,49,15.5,14.1,2687,dydx-v3,Y,pass
AEVO,29676,633035,130955,27,16.7,29.4,2109,aevo-perps,Y,pass
AETHWETH,36458,1366558,135124,8,29.6,48.5,4169,,N,pass
SOL,16116,1098234,138381,10,15.5,17.8,3257,,N,pass
XAI,28933,2619661,147092,29,17.0,38.8,8711,,Y,pass
AGIX,2424,814797,149579,39,55.8,41.2,2487,,N,pass
cbETH,21535,886222,152280,17,59.5,68.9,2701,,N,pass
PAY,1758,551739,154049,52,38.5,72.0,1769,,N,pass
